-- Generated from legacy reclaim MySQL dump
-- FULL import — review before production
BEGIN;
-- Optional: remove previous legacy import
DELETE FROM "Listing" WHERE "id" LIKE 'legacy_l_%';
DELETE FROM "SellerProfile" WHERE "userId" LIKE 'legacy_u_%';
DELETE FROM "User" WHERE "id" LIKE 'legacy_u_%';

INSERT INTO "User" ("id","email","emailVerified","name","image","password","role","createdAt","updatedAt") VALUES ('legacy_u_1', 'ashley@hotboxstoves.co.uk', NOW(), 'Shayne Simpson', 'https://thereclaimedcompany.com/uploads/profile/avatar_61b34bc53dcd10-14963592-41034218.jpg', '$2a$08$LciWyT6UtmvuzNWzuvTWkO6Qml0J5dDRJaWa.r.5pxMvxISwpsSei', 'reclamation_yard', NOW(), NOW());
INSERT INTO "SellerProfile" ("id","userId","businessName","displayName","postcode","yardSlug","yardAbout","yardContactPhone","yardWebsiteUrl","yardSocialJson","verificationStatus","createdAt","updatedAt") VALUES ('legacy_sp_1', 'legacy_u_1', 'Halifax Reclamation', 'Halifax Reclamation', 'HX5 0PX', 'admin-r1', 'Finder of strange items with great potential', NULL, NULL, NULL, 'none', NOW(), NOW());
INSERT INTO "User" ("id","email","emailVerified","name","image","password","role","createdAt","updatedAt") VALUES ('legacy_u_2', 'sales@thereclaimedcompany.co.uk', NOW(), 'Roy Elvin', 'https://thereclaimedcompany.com/uploads/profile/avatar_60fad35e96ad77-62158907-60271278.jpg', '$2a$08$kUjZiDHIZa2nPtE4ZUe8nOQ97MyDDuTPxhWIgRGW61/hTFHiskw1W', 'reclamation_yard', NOW(), NOW());
INSERT INTO "SellerProfile" ("id","userId","businessName","displayName","postcode","yardSlug","yardAbout","yardContactPhone","yardWebsiteUrl","yardSocialJson","verificationStatus","createdAt","updatedAt") VALUES ('legacy_sp_2', 'legacy_u_2', 'The Reclaimed Company', 'The Reclaimed Company', 'YO32 2RB', 'the-reclaimed-company-r2', 'Home of salvaged roofing materials and reclaimed artifacts.', '01904289846', 'https://shop.thereclaimedcompany.co.uk/home/', '{"facebook":"http://www.facebook.com/thereclaimedcompany","twitter":"https://twitter.com/the_reclaimedco","instagram":"http://www.instagram.com/thereclaimedcompany","youtube":"https://www.youtube.com/channel/UCDoW-4idf5worKd57k7fdQA"}', 'none', NOW(), NOW());
INSERT INTO "User" ("id","email","emailVerified","name","image","password","role","createdAt","updatedAt") VALUES ('legacy_u_3', 'oliver@hotboxstoves.co.uk', NOW(), 'Oliver Neal', 'https://thereclaimedcompany.com/uploads/profile/avatar_61016e1a7882f4-80388815-50181959.jpg', '$2a$08$1yFwGoANNgfM/XxOotwr.e3d2881xcYNxv5W.jvnKIFNCgx3QlnY6', 'reclamation_yard', NOW(), NOW());
INSERT INTO "SellerProfile" ("id","userId","businessName","displayName","postcode","yardSlug","yardAbout","yardContactPhone","yardWebsiteUrl","yardSocialJson","verificationStatus","createdAt","updatedAt") VALUES ('legacy_sp_3', 'legacy_u_3', 'Hot Box Stoves', 'Hot Box Stoves', 'YO322RB', 'hot-box-stoves-r3', 'Second Hand Fireplaces, stoves and more', '07736050593', NULL, NULL, 'none', NOW(), NOW());
INSERT INTO "User" ("id","email","emailVerified","name","image","password","role","createdAt","updatedAt") VALUES ('legacy_u_4', 'sarah_bolingbroke@hotmail.com', NOW(), 'Suzy Scent', NULL, '$2a$08$FHqhOMmZt6A5k9m8Qnc5iOJfxt1fNut6XRNR9SC/986RaEh689Lgy', 'reclamation_yard', NOW(), NOW());
INSERT INTO "SellerProfile" ("id","userId","businessName","displayName","postcode","yardSlug","yardAbout","yardContactPhone","yardWebsiteUrl","yardSocialJson","verificationStatus","createdAt","updatedAt") VALUES ('legacy_sp_4', 'legacy_u_4', 'Suzy Scent', 'Suzy Scent', 'YO1 7HD', 'heavenscent-r4', NULL, NULL, NULL, NULL, 'none', NOW(), NOW());
INSERT INTO "User" ("id","email","emailVerified","name","image","password","role","createdAt","updatedAt") VALUES ('legacy_u_5', 'diamond_geeza86@hotmail.com', NOW(), 'Ashley Bolingbroke', 'https://thereclaimedcompany.com/uploads/profile/avatar_60fea2426d3077-15017939-87638559.jpg', NULL, 'reclamation_yard', NOW(), NOW());
INSERT INTO "SellerProfile" ("id","userId","businessName","displayName","postcode","yardSlug","yardAbout","yardContactPhone","yardWebsiteUrl","yardSocialJson","verificationStatus","createdAt","updatedAt") VALUES ('legacy_sp_5', 'legacy_u_5', 'Ashley Bolingbroke', 'Ashley Bolingbroke', 'YO1 7HD', 'ashley-bolingbroke-r5', NULL, NULL, NULL, NULL, 'none', NOW(), NOW());
INSERT INTO "User" ("id","email","emailVerified","name","image","password","role","createdAt","updatedAt") VALUES ('legacy_u_6', 'ashb291286@gmail.com', NOW(), 'Ashley Bolingbroke', 'https://thereclaimedcompany.com/uploads/profile/avatar_60fea3af235a00-72377987-84603766.jpg', NULL, 'reclamation_yard', NOW(), NOW());
INSERT INTO "SellerProfile" ("id","userId","businessName","displayName","postcode","yardSlug","yardAbout","yardContactPhone","yardWebsiteUrl","yardSocialJson","verificationStatus","createdAt","updatedAt") VALUES ('legacy_sp_6', 'legacy_u_6', 'Ashley Bolingbroke', 'Ashley Bolingbroke', 'YO1 7HD', 'ashley-bolingbroke-1-r6', NULL, NULL, NULL, NULL, 'none', NOW(), NOW());
INSERT INTO "User" ("id","email","emailVerified","name","image","password","role","createdAt","updatedAt") VALUES ('legacy_u_7', 'jamesspen@gmail.com', NOW(), 'James Spencer', NULL, '$2a$08$bSxHLDcfrFo5rUhpm1To1.lAjmBZrd5p4iHBD.ymxUvJuwdefTtFm', 'reclamation_yard', NOW(), NOW());
INSERT INTO "SellerProfile" ("id","userId","businessName","displayName","postcode","yardSlug","yardAbout","yardContactPhone","yardWebsiteUrl","yardSocialJson","verificationStatus","createdAt","updatedAt") VALUES ('legacy_sp_7', 'legacy_u_7', 'James Spencer', 'James Spencer', 'YO1 7HD', 'jamesspencer1-r7', NULL, NULL, NULL, NULL, 'none', NOW(), NOW());
INSERT INTO "User" ("id","email","emailVerified","name","image","password","role","createdAt","updatedAt") VALUES ('legacy_u_8', 'oliver@nealroofing.com', NOW(), 'Oliver  Neal', NULL, '$2a$08$qxVp/BnUCNaGTXMEGdNj7uVLleWkU4hJMTgi/S0Ne2uoShCvAMqwW', 'reclamation_yard', NOW(), NOW());
INSERT INTO "SellerProfile" ("id","userId","businessName","displayName","postcode","yardSlug","yardAbout","yardContactPhone","yardWebsiteUrl","yardSocialJson","verificationStatus","createdAt","updatedAt") VALUES ('legacy_sp_8', 'legacy_u_8', 'Oliver Neal', 'Oliver Neal', 'YO611YA', 'oliver-neal-r8', 'Second hand stuff', NULL, NULL, NULL, 'none', NOW(), NOW());
INSERT INTO "User" ("id","email","emailVerified","name","image","password","role","createdAt","updatedAt") VALUES ('legacy_u_9', 'pavhk31@gmail.com', NOW(), 'My Relationship Channel', 'https://thereclaimedcompany.com/uploads/profile/avatar_610122da811bf1-88248916-20887248.jpg', NULL, 'reclamation_yard', NOW(), NOW());
INSERT INTO "SellerProfile" ("id","userId","businessName","displayName","postcode","yardSlug","yardAbout","yardContactPhone","yardWebsiteUrl","yardSocialJson","verificationStatus","createdAt","updatedAt") VALUES ('legacy_sp_9', 'legacy_u_9', 'My old Building Stuff', 'My old Building Stuff', 'UB3 2RP', 'my-relationship-channel-r9', 'Selling my old Roof Tiles', NULL, NULL, NULL, 'none', NOW(), NOW());
INSERT INTO "User" ("id","email","emailVerified","name","image","password","role","createdAt","updatedAt") VALUES ('legacy_u_10', 'olly1804@me.com', NOW(), 'Oliver Neal', NULL, '$2a$08$YW7X8tCweBX6hcBSZqX3Ve/.OeTYIdOcKpbElmIqDEbSbKE/1g.oK', 'individual', NOW(), NOW());
INSERT INTO "User" ("id","email","emailVerified","name","image","password","role","createdAt","updatedAt") VALUES ('legacy_u_11', 'suetaylor5759@gmail.com', NOW(), 'Sue Taylor', 'https://thereclaimedcompany.com/uploads/profile/avatar_61056f3be35887-12708752-38997082.jpg', NULL, 'reclamation_yard', NOW(), NOW());
INSERT INTO "SellerProfile" ("id","userId","businessName","displayName","postcode","yardSlug","yardAbout","yardContactPhone","yardWebsiteUrl","yardSocialJson","verificationStatus","createdAt","updatedAt") VALUES ('legacy_sp_11', 'legacy_u_11', 'Sue Taylor', 'Sue Taylor', 'YO1 7HD', 'sue-taylor-r11', NULL, NULL, NULL, NULL, 'none', NOW(), NOW());
INSERT INTO "User" ("id","email","emailVerified","name","image","password","role","createdAt","updatedAt") VALUES ('legacy_u_12', 'david@htodd.co.uk', NOW(), 'David Todd', NULL, '$2a$08$cASGW8v/LIF/3sHb0f8cpeA1tVFpz2m.jDXOzuMiWGlhaPVxG4I9q', 'reclamation_yard', NOW(), NOW());
INSERT INTO "SellerProfile" ("id","userId","businessName","displayName","postcode","yardSlug","yardAbout","yardContactPhone","yardWebsiteUrl","yardSocialJson","verificationStatus","createdAt","updatedAt") VALUES ('legacy_sp_12', 'legacy_u_12', 'David Todd', 'David Todd', 'YO60 7PD', 'davidhtoddcouk-r12', '1000+ Cow shed Pan tiles', NULL, NULL, NULL, 'none', NOW(), NOW());
INSERT INTO "User" ("id","email","emailVerified","name","image","password","role","createdAt","updatedAt") VALUES ('legacy_u_13', 'tony.dang@gmail.com', NOW(), 'Tony Dang', NULL, '$2a$08$kCDf853PN/YLnm9RNPc9EON1qBYR4ApTobtdeIbgmDrBsoz9sZsiC', 'reclamation_yard', NOW(), NOW());
INSERT INTO "SellerProfile" ("id","userId","businessName","displayName","postcode","yardSlug","yardAbout","yardContactPhone","yardWebsiteUrl","yardSocialJson","verificationStatus","createdAt","updatedAt") VALUES ('legacy_sp_13', 'legacy_u_13', 'Tony', 'Tony', 'SE228EH', 'tonyd-r13', 'Marley Anglia tiles. 100 new, 70 old tiles and 4 ridge tiles. All in good condition. None are broken. Collect from East Dulwich SE22', NULL, NULL, NULL, 'none', NOW(), NOW());
INSERT INTO "User" ("id","email","emailVerified","name","image","password","role","createdAt","updatedAt") VALUES ('legacy_u_17', 'thomas@prospectcollection.com', NOW(), 'Thomas Yard', 'https://thereclaimedcompany.com/uploads/profile/avatar_61091b37ef0344-71287919-26869052.jpg', '$2a$08$0BJ9bqpUmANZuFRRDnX.K.DeTSKURFQ.nuIPoz.eE48QswSwxTqi6', 'reclamation_yard', NOW(), NOW());
INSERT INTO "SellerProfile" ("id","userId","businessName","displayName","postcode","yardSlug","yardAbout","yardContactPhone","yardWebsiteUrl","yardSocialJson","verificationStatus","createdAt","updatedAt") VALUES ('legacy_sp_17', 'legacy_u_17', 'Toms Yard', 'Toms Yard', 'HR2 8EQ', 'tomsyard-r17', 'At Tom''s Yard you will discover the UK''s most competitively priced frost-resistant Cretan terracotta and a range of antique garden ornaments. Situated just off the A49, halfway between Hereford & Ross.', '07557 902675', 'https://www.prospectcollection.com', '{"facebook":"https://www.facebook.com/tomsyardwormelow","instagram":"https://www.instagram.com/toms_yard/"}', 'none', NOW(), NOW());
INSERT INTO "User" ("id","email","emailVerified","name","image","password","role","createdAt","updatedAt") VALUES ('legacy_u_18', 'newtest@hotmail.com', NOW(), 'New test', NULL, '$2a$08$iYRe.5QJ.UdAYwA/GR0uBeDMie71HQYcDyTGzUDjW4anx2wbLqFR2', 'reclamation_yard', NOW(), NOW());
INSERT INTO "SellerProfile" ("id","userId","businessName","displayName","postcode","yardSlug","yardAbout","yardContactPhone","yardWebsiteUrl","yardSocialJson","verificationStatus","createdAt","updatedAt") VALUES ('legacy_sp_18', 'legacy_u_18', 'New test', 'New test', 'YO1 7HD', 'newtest-r18', NULL, NULL, NULL, NULL, 'none', NOW(), NOW());
INSERT INTO "User" ("id","email","emailVerified","name","image","password","role","createdAt","updatedAt") VALUES ('legacy_u_19', 'wayne@rmpeconstruction.co.uk', NOW(), 'Wayne  Mayes', NULL, '$2a$08$6kTiFUCe1.SbB6B7NWyTkupCX9hxOGJO.J4pfl0QFgUksaTUIT2Ya', 'reclamation_yard', NOW(), NOW());
INSERT INTO "SellerProfile" ("id","userId","businessName","displayName","postcode","yardSlug","yardAbout","yardContactPhone","yardWebsiteUrl","yardSocialJson","verificationStatus","createdAt","updatedAt") VALUES ('legacy_sp_19', 'legacy_u_19', 'Wayne  Mayes', 'Wayne  Mayes', 'YO1 7HD', 'rmpeconstruction-r19', NULL, NULL, NULL, NULL, 'none', NOW(), NOW());
INSERT INTO "User" ("id","email","emailVerified","name","image","password","role","createdAt","updatedAt") VALUES ('legacy_u_20', 'dean.campbell4827@outlook.com', NOW(), 'Dean Campbell', NULL, '$2a$08$8chNNBL/Tzyj7jsVtzS7/uYW1e0AYiwDWbNv9OfqZ0ujKYPJ6YDoe', 'reclamation_yard', NOW(), NOW());
INSERT INTO "SellerProfile" ("id","userId","businessName","displayName","postcode","yardSlug","yardAbout","yardContactPhone","yardWebsiteUrl","yardSocialJson","verificationStatus","createdAt","updatedAt") VALUES ('legacy_sp_20', 'legacy_u_20', 'Dean Campbell', 'Dean Campbell', 'YO1 7HD', 'deano4827-r20', NULL, NULL, NULL, NULL, 'none', NOW(), NOW());
INSERT INTO "User" ("id","email","emailVerified","name","image","password","role","createdAt","updatedAt") VALUES ('legacy_u_21', 'debbie_reid245@hotmail.com', NOW(), 'Debbie Reid', 'https://thereclaimedcompany.com/uploads/profile/avatar_611a28c50b4088-27078972-55539558.jpg', NULL, 'reclamation_yard', NOW(), NOW());
INSERT INTO "SellerProfile" ("id","userId","businessName","displayName","postcode","yardSlug","yardAbout","yardContactPhone","yardWebsiteUrl","yardSocialJson","verificationStatus","createdAt","updatedAt") VALUES ('legacy_sp_21', 'legacy_u_21', 'Debbie Reid', 'Debbie Reid', 'YO1 7HD', 'debbie-reid-r21', NULL, NULL, NULL, NULL, 'none', NOW(), NOW());
INSERT INTO "User" ("id","email","emailVerified","name","image","password","role","createdAt","updatedAt") VALUES ('legacy_u_23', 'petersellston@aol.com', NOW(), 'Peter Sellston', NULL, '$2a$08$zOpDS4LmP8NGJCqksyXGZ.1w.o8axlyJZ.K1xIvAB8hkU3NLtMEt.', 'reclamation_yard', NOW(), NOW());
INSERT INTO "SellerProfile" ("id","userId","businessName","displayName","postcode","yardSlug","yardAbout","yardContactPhone","yardWebsiteUrl","yardSocialJson","verificationStatus","createdAt","updatedAt") VALUES ('legacy_sp_23', 'legacy_u_23', 'Peter Sellston', 'Peter Sellston', 'YO1 7HD', 'peters-r23', NULL, NULL, NULL, NULL, 'none', NOW(), NOW());
INSERT INTO "User" ("id","email","emailVerified","name","image","password","role","createdAt","updatedAt") VALUES ('legacy_u_24', 'kirkannetts@aol.com', NOW(), 'Kirk Annetts', NULL, '$2a$08$VXxK93Da3VQp.8TNapajU.Hui9W1a9xF6sBTGeH2NtgBs2GkqerIW', 'reclamation_yard', NOW(), NOW());
INSERT INTO "SellerProfile" ("id","userId","businessName","displayName","postcode","yardSlug","yardAbout","yardContactPhone","yardWebsiteUrl","yardSocialJson","verificationStatus","createdAt","updatedAt") VALUES ('legacy_sp_24', 'legacy_u_24', 'Kirk Annetts', 'Kirk Annetts', 'YO1 7HD', 'kirk130373-r24', NULL, NULL, NULL, NULL, 'none', NOW(), NOW());
INSERT INTO "User" ("id","email","emailVerified","name","image","password","role","createdAt","updatedAt") VALUES ('legacy_u_25', 'kirkannetts@googlemail.com', NOW(), 'Kirk Annetts', NULL, '$2a$08$OYsk8wXZhEH5kllwcsPj.esWJt7luMXlPF/Ar6WfhzKhcSks2RYiq', 'reclamation_yard', NOW(), NOW());
INSERT INTO "SellerProfile" ("id","userId","businessName","displayName","postcode","yardSlug","yardAbout","yardContactPhone","yardWebsiteUrl","yardSocialJson","verificationStatus","createdAt","updatedAt") VALUES ('legacy_sp_25', 'legacy_u_25', 'Kirk Annetts', 'Kirk Annetts', 'YO1 7HD', 'kirk130374-r25', NULL, NULL, NULL, NULL, 'none', NOW(), NOW());
INSERT INTO "User" ("id","email","emailVerified","name","image","password","role","createdAt","updatedAt") VALUES ('legacy_u_26', 'kathryn.blair71@gmail.com', NOW(), 'Kathryn  Blair', NULL, '$2a$08$ykwJlVNy4ULU.6jStJtT6ORHV9DYXrTCgY9RO/45c64bwBihJ2FTW', 'reclamation_yard', NOW(), NOW());
INSERT INTO "SellerProfile" ("id","userId","businessName","displayName","postcode","yardSlug","yardAbout","yardContactPhone","yardWebsiteUrl","yardSocialJson","verificationStatus","createdAt","updatedAt") VALUES ('legacy_sp_26', 'legacy_u_26', 'Kathryn  Blair', 'Kathryn  Blair', 'YO1 7HD', 'kb21-r26', NULL, NULL, NULL, NULL, 'none', NOW(), NOW());
INSERT INTO "User" ("id","email","emailVerified","name","image","password","role","createdAt","updatedAt") VALUES ('legacy_u_27', 'sheepsmith52@gmail.com', NOW(), 'Nick Shearsmith', NULL, '$2a$08$0XCqBK2fTw90W0j0EVVzqO.62uyy8kNDUv7TlD2aMvNfApzpHfs8q', 'reclamation_yard', NOW(), NOW());
INSERT INTO "SellerProfile" ("id","userId","businessName","displayName","postcode","yardSlug","yardAbout","yardContactPhone","yardWebsiteUrl","yardSocialJson","verificationStatus","createdAt","updatedAt") VALUES ('legacy_sp_27', 'legacy_u_27', 'Nick Shearsmith', 'Nick Shearsmith', 'YO1 7HD', 'nick123456-r27', NULL, NULL, NULL, NULL, 'none', NOW(), NOW());
INSERT INTO "User" ("id","email","emailVerified","name","image","password","role","createdAt","updatedAt") VALUES ('legacy_u_28', 'katebaxter76@gmail.com', NOW(), 'Kate Baxter', 'https://thereclaimedcompany.com/uploads/profile/avatar_612e58ee4482a3-74382745-28031176.jpg', NULL, 'reclamation_yard', NOW(), NOW());
INSERT INTO "SellerProfile" ("id","userId","businessName","displayName","postcode","yardSlug","yardAbout","yardContactPhone","yardWebsiteUrl","yardSocialJson","verificationStatus","createdAt","updatedAt") VALUES ('legacy_sp_28', 'legacy_u_28', 'Kate Baxter', 'Kate Baxter', 'YO1 7HD', 'kate-baxter-r28', NULL, NULL, NULL, NULL, 'none', NOW(), NOW());
INSERT INTO "User" ("id","email","emailVerified","name","image","password","role","createdAt","updatedAt") VALUES ('legacy_u_29', 'ragamuffins@btinternet.com', NOW(), 'Lorraine Langman', NULL, '$2a$08$yDvV/WwQnCkJ5stCWPwRIOlDhPT87Tu3Q9sA7z7SlDphIY5kRwQWi', 'reclamation_yard', NOW(), NOW());
INSERT INTO "SellerProfile" ("id","userId","businessName","displayName","postcode","yardSlug","yardAbout","yardContactPhone","yardWebsiteUrl","yardSocialJson","verificationStatus","createdAt","updatedAt") VALUES ('legacy_sp_29', 'legacy_u_29', 'Lorraine Langman', 'Lorraine Langman', 'YO1 7HD', 'loz01-r29', NULL, NULL, NULL, NULL, 'none', NOW(), NOW());
INSERT INTO "User" ("id","email","emailVerified","name","image","password","role","createdAt","updatedAt") VALUES ('legacy_u_30', 'hsdunster@gmail.com', NOW(), 'Hannah Dunster', 'https://thereclaimedcompany.com/uploads/profile/avatar_612fb68b8a39d2-57235398-90955233.jpg', NULL, 'reclamation_yard', NOW(), NOW());
INSERT INTO "SellerProfile" ("id","userId","businessName","displayName","postcode","yardSlug","yardAbout","yardContactPhone","yardWebsiteUrl","yardSocialJson","verificationStatus","createdAt","updatedAt") VALUES ('legacy_sp_30', 'legacy_u_30', 'Hannah Dunster', 'Hannah Dunster', 'YO1 7HD', 'hannah-dunster-r30', NULL, NULL, NULL, NULL, 'none', NOW(), NOW());
INSERT INTO "User" ("id","email","emailVerified","name","image","password","role","createdAt","updatedAt") VALUES ('legacy_u_31', 'peterobertson@ntlworld.com', NOW(), 'Peter Robertson', NULL, '$2a$08$ftVE00FqqQtQvDlsuZdoq.Q5x.tXV7W//RZ.amQ1FE9LQ5EvG9t32', 'reclamation_yard', NOW(), NOW());
INSERT INTO "SellerProfile" ("id","userId","businessName","displayName","postcode","yardSlug","yardAbout","yardContactPhone","yardWebsiteUrl","yardSocialJson","verificationStatus","createdAt","updatedAt") VALUES ('legacy_sp_31', 'legacy_u_31', 'Peter Robertson', 'Peter Robertson', 'YO1 7HD', 'macclad63-r31', NULL, NULL, NULL, NULL, 'none', NOW(), NOW());
INSERT INTO "User" ("id","email","emailVerified","name","image","password","role","createdAt","updatedAt") VALUES ('legacy_u_32', 'jaxx1957@hotmail.com', NOW(), 'Jaxx Coyle', 'https://thereclaimedcompany.com/uploads/profile/avatar_6134ba936f03f6-04254317-64722050.jpg', NULL, 'reclamation_yard', NOW(), NOW());
INSERT INTO "SellerProfile" ("id","userId","businessName","displayName","postcode","yardSlug","yardAbout","yardContactPhone","yardWebsiteUrl","yardSocialJson","verificationStatus","createdAt","updatedAt") VALUES ('legacy_sp_32', 'legacy_u_32', 'Jaxx Coyle', 'Jaxx Coyle', 'YO1 7HD', 'jaxx-coyle-r32', NULL, NULL, NULL, NULL, 'none', NOW(), NOW());
INSERT INTO "User" ("id","email","emailVerified","name","image","password","role","createdAt","updatedAt") VALUES ('legacy_u_33', 'adrian.burton@live.co.uk', NOW(), 'Adrian Burton', NULL, '$2a$08$4C6LQt265x4DzjBjgFXIru/Y9DqoD1pUD5yjM43LqTAxzSxGT17Mq', 'reclamation_yard', NOW(), NOW());
INSERT INTO "SellerProfile" ("id","userId","businessName","displayName","postcode","yardSlug","yardAbout","yardContactPhone","yardWebsiteUrl","yardSocialJson","verificationStatus","createdAt","updatedAt") VALUES ('legacy_sp_33', 'legacy_u_33', 'Adrian Burton', 'Adrian Burton', 'YO1 7HD', 'adrianburtonlivecouk-r33', NULL, NULL, NULL, NULL, 'none', NOW(), NOW());
INSERT INTO "User" ("id","email","emailVerified","name","image","password","role","createdAt","updatedAt") VALUES ('legacy_u_34', 'developer.scorpio@gmail.com', NOW(), 'SIT developer', NULL, '$2a$08$cB9KMl6nAwISjxmIz2LWmeSwMzwSt0vZhFWc1uW0L/jmOR22xwRCi', 'reclamation_yard', NOW(), NOW());
INSERT INTO "SellerProfile" ("id","userId","businessName","displayName","postcode","yardSlug","yardAbout","yardContactPhone","yardWebsiteUrl","yardSocialJson","verificationStatus","createdAt","updatedAt") VALUES ('legacy_sp_34', 'legacy_u_34', 'SIT developer', 'SIT developer', 'YO1 7HD', 'developer-r34', NULL, NULL, NULL, NULL, 'none', NOW(), NOW());
INSERT INTO "User" ("id","email","emailVerified","name","image","password","role","createdAt","updatedAt") VALUES ('legacy_u_35', 'rosebeckcottages@hotmail.co.uk', NOW(), 'Steph Woolhouse', NULL, '$2a$08$XdliCFiRncrfc6zp9qDtZ.82Wf3GLFfNZTdT2tlpMWcC17sSmBkmK', 'reclamation_yard', NOW(), NOW());
INSERT INTO "SellerProfile" ("id","userId","businessName","displayName","postcode","yardSlug","yardAbout","yardContactPhone","yardWebsiteUrl","yardSocialJson","verificationStatus","createdAt","updatedAt") VALUES ('legacy_sp_35', 'legacy_u_35', 'Steph Woolhouse', 'Steph Woolhouse', 'YO1 7HD', 'steph-r35', NULL, NULL, NULL, NULL, 'none', NOW(), NOW());
INSERT INTO "User" ("id","email","emailVerified","name","image","password","role","createdAt","updatedAt") VALUES ('legacy_u_36', 'invoices@mooseo.co.uk', NOW(), 'Ashley Bolingbroke', NULL, '$2a$08$oTgmCbqoeIaToSnU4NVOQ.dAQ15V6DXTVuWm6QREH8oPHVRLCdPIW', 'reclamation_yard', NOW(), NOW());
INSERT INTO "SellerProfile" ("id","userId","businessName","displayName","postcode","yardSlug","yardAbout","yardContactPhone","yardWebsiteUrl","yardSocialJson","verificationStatus","createdAt","updatedAt") VALUES ('legacy_sp_36', 'legacy_u_36', 'Ashley Bolingbroke', 'Ashley Bolingbroke', 'YO1 7HD', 'localfinds-r36', NULL, NULL, NULL, NULL, 'none', NOW(), NOW());
INSERT INTO "User" ("id","email","emailVerified","name","image","password","role","createdAt","updatedAt") VALUES ('legacy_u_37', 'helenhewitt2004@gmail.com', NOW(), 'Helen Brown', 'https://thereclaimedcompany.com/uploads/profile/avatar_6148d3ead99117-12464535-64875282.jpg', NULL, 'reclamation_yard', NOW(), NOW());
INSERT INTO "SellerProfile" ("id","userId","businessName","displayName","postcode","yardSlug","yardAbout","yardContactPhone","yardWebsiteUrl","yardSocialJson","verificationStatus","createdAt","updatedAt") VALUES ('legacy_sp_37', 'legacy_u_37', 'Helen Brown', 'Helen Brown', 'YO1 7HD', 'helen-brown-r37', NULL, NULL, NULL, NULL, 'none', NOW(), NOW());
INSERT INTO "User" ("id","email","emailVerified","name","image","password","role","createdAt","updatedAt") VALUES ('legacy_u_38', 'aj.lawrence90@hotmail.co.uk', NOW(), 'Andrew Lawrence', 'https://thereclaimedcompany.com/uploads/profile/avatar_6148df75a4dc40-03156031-18999716.jpg', NULL, 'reclamation_yard', NOW(), NOW());
INSERT INTO "SellerProfile" ("id","userId","businessName","displayName","postcode","yardSlug","yardAbout","yardContactPhone","yardWebsiteUrl","yardSocialJson","verificationStatus","createdAt","updatedAt") VALUES ('legacy_sp_38', 'legacy_u_38', 'Andrew Lawrence', 'Andrew Lawrence', 'YO1 7HD', 'andrew-james-lawrence-r38', NULL, NULL, NULL, NULL, 'none', NOW(), NOW());
INSERT INTO "User" ("id","email","emailVerified","name","image","password","role","createdAt","updatedAt") VALUES ('legacy_u_39', 'steve.pagden@gmail.com', NOW(), 'Stephen  Pagden', NULL, '$2a$08$9NagWUqkynEVRRiP7OWcJODWNZWEC0zAE1WoQCVu9KXSXNYe1Sg1e', 'reclamation_yard', NOW(), NOW());
INSERT INTO "SellerProfile" ("id","userId","businessName","displayName","postcode","yardSlug","yardAbout","yardContactPhone","yardWebsiteUrl","yardSocialJson","verificationStatus","createdAt","updatedAt") VALUES ('legacy_sp_39', 'legacy_u_39', 'Stephen  Pagden', 'Stephen  Pagden', 'YO1 7HD', 'spag59-r39', NULL, NULL, NULL, NULL, 'none', NOW(), NOW());
INSERT INTO "User" ("id","email","emailVerified","name","image","password","role","createdAt","updatedAt") VALUES ('legacy_u_40', 'davidwaldenlewis@gmail.com', NOW(), 'David Lewis', NULL, '$2a$08$l5lNG8stMJIC.ZGvS.W0KOacDwYHVtBnE6wYqpjjs1d44sUcvk2Xu', 'reclamation_yard', NOW(), NOW());
INSERT INTO "SellerProfile" ("id","userId","businessName","displayName","postcode","yardSlug","yardAbout","yardContactPhone","yardWebsiteUrl","yardSocialJson","verificationStatus","createdAt","updatedAt") VALUES ('legacy_sp_40', 'legacy_u_40', 'David Lewis', 'David Lewis', 'YO1 7HD', 'dwlewis-r40', NULL, NULL, NULL, NULL, 'none', NOW(), NOW());
INSERT INTO "User" ("id","email","emailVerified","name","image","password","role","createdAt","updatedAt") VALUES ('legacy_u_43', 'claire@howardsinteriors.co.uk', NOW(), 'Claire Sherman', NULL, '$2a$08$EnPW6TIVdAehHrDD4cwY8uOPjpdpa4olE9K3.u8apR5vY4LZpp93W', 'reclamation_yard', NOW(), NOW());
INSERT INTO "SellerProfile" ("id","userId","businessName","displayName","postcode","yardSlug","yardAbout","yardContactPhone","yardWebsiteUrl","yardSocialJson","verificationStatus","createdAt","updatedAt") VALUES ('legacy_sp_43', 'legacy_u_43', 'Claire Sherman', 'Claire Sherman', 'YO1 7HD', 'clairehowardsinteriorscouk-r43', NULL, NULL, NULL, NULL, 'none', NOW(), NOW());
INSERT INTO "User" ("id","email","emailVerified","name","image","password","role","createdAt","updatedAt") VALUES ('legacy_u_44', 'barriebirch@gmail.com', NOW(), 'Barrie Birch', 'https://thereclaimedcompany.com/uploads/profile/avatar_61602c56895f84-05369051-29152365.jpg', NULL, 'reclamation_yard', NOW(), NOW());
INSERT INTO "SellerProfile" ("id","userId","businessName","displayName","postcode","yardSlug","yardAbout","yardContactPhone","yardWebsiteUrl","yardSocialJson","verificationStatus","createdAt","updatedAt") VALUES ('legacy_sp_44', 'legacy_u_44', 'Barrie Birch', 'Barrie Birch', 'YO1 7HD', 'barrie-birch-r44', NULL, NULL, NULL, NULL, 'none', NOW(), NOW());
INSERT INTO "User" ("id","email","emailVerified","name","image","password","role","createdAt","updatedAt") VALUES ('legacy_u_45', 'geogatedproject367@gmail.com', NOW(), 'Mike Shinoda', 'https://thereclaimedcompany.com/uploads/profile/avatar_616cf489d58f02-97850774-40417712.jpg', NULL, 'reclamation_yard', NOW(), NOW());
INSERT INTO "SellerProfile" ("id","userId","businessName","displayName","postcode","yardSlug","yardAbout","yardContactPhone","yardWebsiteUrl","yardSocialJson","verificationStatus","createdAt","updatedAt") VALUES ('legacy_sp_45', 'legacy_u_45', 'Mike Shinoda', 'Mike Shinoda', 'YO1 7HD', 'mike-shinoda-r45', NULL, NULL, NULL, NULL, 'none', NOW(), NOW());
INSERT INTO "User" ("id","email","emailVerified","name","image","password","role","createdAt","updatedAt") VALUES ('legacy_u_46', 'saurabh.kasture@thepacbook.com', NOW(), 'Kai Carrieroman', 'https://thereclaimedcompany.com/uploads/profile/avatar_616cfcab0ed518-19758515-11550379.jpg', NULL, 'reclamation_yard', NOW(), NOW());
INSERT INTO "SellerProfile" ("id","userId","businessName","displayName","postcode","yardSlug","yardAbout","yardContactPhone","yardWebsiteUrl","yardSocialJson","verificationStatus","createdAt","updatedAt") VALUES ('legacy_sp_46', 'legacy_u_46', 'Kai Carrieroman', 'Kai Carrieroman', 'YO1 7HD', 'kai-carrieroman-r46', NULL, NULL, NULL, NULL, 'none', NOW(), NOW());
INSERT INTO "User" ("id","email","emailVerified","name","image","password","role","createdAt","updatedAt") VALUES ('legacy_u_47', 'Jayamunagala@yahoo.co.uk', NOW(), 'Jaya Munagala', NULL, '$2a$08$oSwGYsNYwH8goK7u6f0QzOeNnQC3o4hhzLmD/io1AM..rw82gjjdq', 'reclamation_yard', NOW(), NOW());
INSERT INTO "SellerProfile" ("id","userId","businessName","displayName","postcode","yardSlug","yardAbout","yardContactPhone","yardWebsiteUrl","yardSocialJson","verificationStatus","createdAt","updatedAt") VALUES ('legacy_sp_47', 'legacy_u_47', 'Jaya Munagala', 'Jaya Munagala', 'YO1 7HD', 'jaym-r47', NULL, NULL, NULL, NULL, 'none', NOW(), NOW());
INSERT INTO "User" ("id","email","emailVerified","name","image","password","role","createdAt","updatedAt") VALUES ('legacy_u_48', 'mickwilkins@hotmail.co.uk', NOW(), 'michael wilkins', NULL, '$2a$08$WhO6f8eFtvib.C9.dXa/vOd3/J5A9Ag.yN4vvGGCYEtc3RuT2BJBa', 'reclamation_yard', NOW(), NOW());
INSERT INTO "SellerProfile" ("id","userId","businessName","displayName","postcode","yardSlug","yardAbout","yardContactPhone","yardWebsiteUrl","yardSocialJson","verificationStatus","createdAt","updatedAt") VALUES ('legacy_sp_48', 'legacy_u_48', 'michael wilkins', 'michael wilkins', 'YO1 7HD', 'gillette69-r48', NULL, NULL, NULL, NULL, 'none', NOW(), NOW());
INSERT INTO "User" ("id","email","emailVerified","name","image","password","role","createdAt","updatedAt") VALUES ('legacy_u_49', 'stevestillinger89@gmail.com', NOW(), 'Steve Stillinger', NULL, '$2a$08$9iIw1y/3RCb2mRJDxs4AD.2tSNqZogqDbLIYeRentTOi/A09yRy46', 'reclamation_yard', NOW(), NOW());
INSERT INTO "SellerProfile" ("id","userId","businessName","displayName","postcode","yardSlug","yardAbout","yardContactPhone","yardWebsiteUrl","yardSocialJson","verificationStatus","createdAt","updatedAt") VALUES ('legacy_sp_49', 'legacy_u_49', 'Steve Stillinger', 'Steve Stillinger', 'YO1 7HD', 'steves-salvage-r49', NULL, NULL, NULL, NULL, 'none', NOW(), NOW());
INSERT INTO "User" ("id","email","emailVerified","name","image","password","role","createdAt","updatedAt") VALUES ('legacy_u_50', 'laurenellis@yahoo.co.uk', NOW(), 'Lauren Ellis', NULL, '$2a$08$AoL52oZrm.8U4mvTRx2w6.ud.CPeL/Wvb44ifbPChdZK5N5gDT6S2', 'reclamation_yard', NOW(), NOW());
INSERT INTO "SellerProfile" ("id","userId","businessName","displayName","postcode","yardSlug","yardAbout","yardContactPhone","yardWebsiteUrl","yardSocialJson","verificationStatus","createdAt","updatedAt") VALUES ('legacy_sp_50', 'legacy_u_50', 'Lauren Ellis', 'Lauren Ellis', 'YO1 7HD', 'lauren86-r50', NULL, NULL, NULL, NULL, 'none', NOW(), NOW());
INSERT INTO "User" ("id","email","emailVerified","name","image","password","role","createdAt","updatedAt") VALUES ('legacy_u_51', 'genetics110@googlemail.com', NOW(), 'Genetics 110', 'https://thereclaimedcompany.com/uploads/profile/avatar_6183ede1f1ead5-42118665-29666444.jpg', NULL, 'reclamation_yard', NOW(), NOW());
INSERT INTO "SellerProfile" ("id","userId","businessName","displayName","postcode","yardSlug","yardAbout","yardContactPhone","yardWebsiteUrl","yardSocialJson","verificationStatus","createdAt","updatedAt") VALUES ('legacy_sp_51', 'legacy_u_51', 'Genetics 110', 'Genetics 110', 'YO1 7HD', 'genetics-110-r51', NULL, NULL, NULL, NULL, 'none', NOW(), NOW());
INSERT INTO "User" ("id","email","emailVerified","name","image","password","role","createdAt","updatedAt") VALUES ('legacy_u_52', 'Bakerlou88@gmail.com', NOW(), 'Donna Swift', NULL, '$2a$08$qGKPcHqKXRzqhJfRqQ8MouRM2SfQvphh7NtkZ2oXt5s0siDykf/MW', 'reclamation_yard', NOW(), NOW());
INSERT INTO "SellerProfile" ("id","userId","businessName","displayName","postcode","yardSlug","yardAbout","yardContactPhone","yardWebsiteUrl","yardSocialJson","verificationStatus","createdAt","updatedAt") VALUES ('legacy_sp_52', 'legacy_u_52', 'Donna Swift', 'Donna Swift', 'YO1 7HD', 'baker88-r52', NULL, NULL, NULL, NULL, 'none', NOW(), NOW());
INSERT INTO "User" ("id","email","emailVerified","name","image","password","role","createdAt","updatedAt") VALUES ('legacy_u_53', 'charleyccbrn131@gmail.com', NOW(), 'Charley Verruggio', 'https://thereclaimedcompany.com/uploads/profile/avatar_61926ee244a7b2-15465743-24633798.jpg', NULL, 'reclamation_yard', NOW(), NOW());
INSERT INTO "SellerProfile" ("id","userId","businessName","displayName","postcode","yardSlug","yardAbout","yardContactPhone","yardWebsiteUrl","yardSocialJson","verificationStatus","createdAt","updatedAt") VALUES ('legacy_sp_53', 'legacy_u_53', 'Charley Verruggio', 'Charley Verruggio', 'YO1 7HD', 'charley-verruggio-r53', NULL, NULL, NULL, NULL, 'none', NOW(), NOW());
INSERT INTO "User" ("id","email","emailVerified","name","image","password","role","createdAt","updatedAt") VALUES ('legacy_u_54', 'guestnatasha@hotmail.com', NOW(), 'Natasha  Guest', NULL, '$2a$08$EON8kSSiJRRFSLNeJw.fROJy70IqjmuJ9vAaOPil1.ekIjtVvij6y', 'reclamation_yard', NOW(), NOW());
INSERT INTO "SellerProfile" ("id","userId","businessName","displayName","postcode","yardSlug","yardAbout","yardContactPhone","yardWebsiteUrl","yardSocialJson","verificationStatus","createdAt","updatedAt") VALUES ('legacy_sp_54', 'legacy_u_54', 'Natasha  Guest', 'Natasha  Guest', 'YO1 7HD', 'natasha-r54', NULL, NULL, NULL, NULL, 'none', NOW(), NOW());
INSERT INTO "User" ("id","email","emailVerified","name","image","password","role","createdAt","updatedAt") VALUES ('legacy_u_55', 'claire@createtomorrowtoday.com', NOW(), 'Claire Chidley', 'https://thereclaimedcompany.com/uploads/profile/avatar_619532f17d12d3-73573917-54210349.jpg', NULL, 'reclamation_yard', NOW(), NOW());
INSERT INTO "SellerProfile" ("id","userId","businessName","displayName","postcode","yardSlug","yardAbout","yardContactPhone","yardWebsiteUrl","yardSocialJson","verificationStatus","createdAt","updatedAt") VALUES ('legacy_sp_55', 'legacy_u_55', 'Claire Chidley', 'Claire Chidley', 'YO1 7HD', 'claire-chidley-r55', NULL, NULL, NULL, NULL, 'none', NOW(), NOW());
INSERT INTO "User" ("id","email","emailVerified","name","image","password","role","createdAt","updatedAt") VALUES ('legacy_u_56', 'stevepapworth@blueyonder.co.uk', NOW(), 'stephen papworth', NULL, '$2a$08$ZTXiJ2c1lkf9iKScB1G36.IiQGxjbV217hpdO1fvWpKGXfGGh9M0G', 'reclamation_yard', NOW(), NOW());
INSERT INTO "SellerProfile" ("id","userId","businessName","displayName","postcode","yardSlug","yardAbout","yardContactPhone","yardWebsiteUrl","yardSocialJson","verificationStatus","createdAt","updatedAt") VALUES ('legacy_sp_56', 'legacy_u_56', 'stephen papworth', 'stephen papworth', 'YO1 7HD', 'stevepapworthblueyondercouk-r56', NULL, NULL, NULL, NULL, 'none', NOW(), NOW());
INSERT INTO "User" ("id","email","emailVerified","name","image","password","role","createdAt","updatedAt") VALUES ('legacy_u_57', 'yusefdogellan@outlook.com', NOW(), 'Yusef Dogellan', NULL, '$2a$08$hzTHhP.XavpHMiM.fV15aOavgaoIfE8fPl9MOvOpK.yW3DCzjfApq', 'reclamation_yard', NOW(), NOW());
INSERT INTO "SellerProfile" ("id","userId","businessName","displayName","postcode","yardSlug","yardAbout","yardContactPhone","yardWebsiteUrl","yardSocialJson","verificationStatus","createdAt","updatedAt") VALUES ('legacy_sp_57', 'legacy_u_57', 'Yusef Dogellan', 'Yusef Dogellan', 'YO1 7HD', 'yusefdoge1-r57', NULL, NULL, NULL, NULL, 'none', NOW(), NOW());
INSERT INTO "User" ("id","email","emailVerified","name","image","password","role","createdAt","updatedAt") VALUES ('legacy_u_58', 'arunsharma2021@yopmail.com', NOW(), 'Arun Sharma', NULL, '$2a$08$3xOJkqlbG/pea6ild3SzCO/04YooSCrtNwWraZ.4DMWcmQxPFiRLS', 'reclamation_yard', NOW(), NOW());
INSERT INTO "SellerProfile" ("id","userId","businessName","displayName","postcode","yardSlug","yardAbout","yardContactPhone","yardWebsiteUrl","yardSocialJson","verificationStatus","createdAt","updatedAt") VALUES ('legacy_sp_58', 'legacy_u_58', 'Arun Sharma', 'Arun Sharma', 'YO1 7HD', 'arunsharma-r58', NULL, NULL, NULL, NULL, 'none', NOW(), NOW());
INSERT INTO "User" ("id","email","emailVerified","name","image","password","role","createdAt","updatedAt") VALUES ('legacy_u_59', 'rtaylor291286@hotmail.com', NOW(), 'Ryan Taylor', NULL, '$2a$08$MRoiilMzChHHKGg6cbCOme4VuZd/JerCVKOMuKueiK.sFqSGy2zWy', 'reclamation_yard', NOW(), NOW());
INSERT INTO "SellerProfile" ("id","userId","businessName","displayName","postcode","yardSlug","yardAbout","yardContactPhone","yardWebsiteUrl","yardSocialJson","verificationStatus","createdAt","updatedAt") VALUES ('legacy_sp_59', 'legacy_u_59', 'Ryan Taylor', 'Ryan Taylor', 'YO1 7HD', 'ryantaylor-r59', NULL, NULL, NULL, NULL, 'none', NOW(), NOW());
INSERT INTO "User" ("id","email","emailVerified","name","image","password","role","createdAt","updatedAt") VALUES ('legacy_u_60', 'hiddent12@outlook.com', NOW(), 'Steph Langley', NULL, '$2a$08$N2WjhAHK2Z0qsYO5YHWhA.FhnENbvfmgQI5JcVXdz8SerwYLA3rsy', 'reclamation_yard', NOW(), NOW());
INSERT INTO "SellerProfile" ("id","userId","businessName","displayName","postcode","yardSlug","yardAbout","yardContactPhone","yardWebsiteUrl","yardSocialJson","verificationStatus","createdAt","updatedAt") VALUES ('legacy_sp_60', 'legacy_u_60', 'Steph Langley', 'Steph Langley', 'YO1 7HD', 'hiddentreasures-r60', NULL, NULL, NULL, NULL, 'none', NOW(), NOW());
INSERT INTO "User" ("id","email","emailVerified","name","image","password","role","createdAt","updatedAt") VALUES ('legacy_u_61', 'smunro@gmail.com', NOW(), 'Sully Munro', NULL, '$2a$08$7Y1JGn9aW2yEEDd/GbdXw.pwM89obgd89MwjoOm6h//C40O3YYWsi', 'reclamation_yard', NOW(), NOW());
INSERT INTO "SellerProfile" ("id","userId","businessName","displayName","postcode","yardSlug","yardAbout","yardContactPhone","yardWebsiteUrl","yardSocialJson","verificationStatus","createdAt","updatedAt") VALUES ('legacy_sp_61', 'legacy_u_61', 'Sully Munro', 'Sully Munro', 'YO1 7HD', 'sunnyside91-r61', NULL, NULL, NULL, NULL, 'none', NOW(), NOW());
INSERT INTO "User" ("id","email","emailVerified","name","image","password","role","createdAt","updatedAt") VALUES ('legacy_u_62', 'testuser21@yopmail.com', NOW(), 'test user6', NULL, '$2a$08$smf2cIxV0Socu86xjx.6teaJoHfe8B5facx4pVpRG0fgzQiTdNEW.', 'reclamation_yard', NOW(), NOW());
INSERT INTO "SellerProfile" ("id","userId","businessName","displayName","postcode","yardSlug","yardAbout","yardContactPhone","yardWebsiteUrl","yardSocialJson","verificationStatus","createdAt","updatedAt") VALUES ('legacy_sp_62', 'legacy_u_62', 'test user6', 'test user6', 'YO1 7HD', 'testuser-r62', NULL, NULL, NULL, NULL, 'none', NOW(), NOW());
INSERT INTO "User" ("id","email","emailVerified","name","image","password","role","createdAt","updatedAt") VALUES ('legacy_u_63', 'rob.carnevale@ntlworld.com', NOW(), 'Robert Carnevale', NULL, '$2a$08$mSqoDJAoce.6HGru9chk7eEkWUnh7nIU8GNkM1bSeq.tQT5SHh0NS', 'reclamation_yard', NOW(), NOW());
INSERT INTO "SellerProfile" ("id","userId","businessName","displayName","postcode","yardSlug","yardAbout","yardContactPhone","yardWebsiteUrl","yardSocialJson","verificationStatus","createdAt","updatedAt") VALUES ('legacy_sp_63', 'legacy_u_63', 'Robert Carnevale', 'Robert Carnevale', 'YO1 7HD', 'robcarnevale-r63', NULL, NULL, NULL, NULL, 'none', NOW(), NOW());
INSERT INTO "User" ("id","email","emailVerified","name","image","password","role","createdAt","updatedAt") VALUES ('legacy_u_64', 'jennyhoare13@hotmail.co.uk', NOW(), 'Jennifer Hoare', 'https://thereclaimedcompany.com/uploads/profile/avatar_61cb6179d83c90-65395324-16148307.jpg', NULL, 'reclamation_yard', NOW(), NOW());
INSERT INTO "SellerProfile" ("id","userId","businessName","displayName","postcode","yardSlug","yardAbout","yardContactPhone","yardWebsiteUrl","yardSocialJson","verificationStatus","createdAt","updatedAt") VALUES ('legacy_sp_64', 'legacy_u_64', 'Jennifer Hoare', 'Jennifer Hoare', 'YO1 7HD', 'jennifer-hoare-r64', NULL, NULL, NULL, NULL, 'none', NOW(), NOW());
INSERT INTO "User" ("id","email","emailVerified","name","image","password","role","createdAt","updatedAt") VALUES ('legacy_u_65', '2thetoproofingservices@gmail.com', NOW(), 'alan david grundy', 'https://thereclaimedcompany.com/uploads/profile/avatar_61d449c896c224-99584606-27308172.jpg', NULL, 'reclamation_yard', NOW(), NOW());
INSERT INTO "SellerProfile" ("id","userId","businessName","displayName","postcode","yardSlug","yardAbout","yardContactPhone","yardWebsiteUrl","yardSocialJson","verificationStatus","createdAt","updatedAt") VALUES ('legacy_sp_65', 'legacy_u_65', 'alan david grundy', 'alan david grundy', 'YO1 7HD', 'alan-david-grundy-r65', NULL, NULL, NULL, NULL, 'none', NOW(), NOW());
INSERT INTO "User" ("id","email","emailVerified","name","image","password","role","createdAt","updatedAt") VALUES ('legacy_u_66', 'Dawnwaspe@hotmail.co.uk', NOW(), 'Deacon Dawn', NULL, '$2a$08$jVBs6weBb.oBQ6ATQ5OjnuMq7AJEngBKEY05kw9FChtrO2dkVwIfy', 'reclamation_yard', NOW(), NOW());
INSERT INTO "SellerProfile" ("id","userId","businessName","displayName","postcode","yardSlug","yardAbout","yardContactPhone","yardWebsiteUrl","yardSocialJson","verificationStatus","createdAt","updatedAt") VALUES ('legacy_sp_66', 'legacy_u_66', 'Deacon Dawn', 'Deacon Dawn', 'YO1 7HD', 'dawn-r66', NULL, NULL, NULL, NULL, 'none', NOW(), NOW());
INSERT INTO "User" ("id","email","emailVerified","name","image","password","role","createdAt","updatedAt") VALUES ('legacy_u_67', 'farndelldebbie@gmail.com', NOW(), 'Debbie Farndell', 'https://thereclaimedcompany.com/uploads/profile/avatar_61e02baba6b723-03753162-72514825.jpg', NULL, 'reclamation_yard', NOW(), NOW());
INSERT INTO "SellerProfile" ("id","userId","businessName","displayName","postcode","yardSlug","yardAbout","yardContactPhone","yardWebsiteUrl","yardSocialJson","verificationStatus","createdAt","updatedAt") VALUES ('legacy_sp_67', 'legacy_u_67', 'Debbie Farndell', 'Debbie Farndell', 'YO1 7HD', 'debbie-farndell-r67', NULL, NULL, NULL, NULL, 'none', NOW(), NOW());
INSERT INTO "User" ("id","email","emailVerified","name","image","password","role","createdAt","updatedAt") VALUES ('legacy_u_68', 'roy@thereclaimedcompany.co.uk', NOW(), 'Roy Elvin', 'https://thereclaimedcompany.com/uploads/profile/avatar_61e59a99d1a963-77564245-25149752.jpg', '$2a$08$OUbF7PYYOWhNi0sOrg6XuuCtQKvtMQpXBqia4uz3w37PfNVM2tnM.', 'reclamation_yard', NOW(), NOW());
INSERT INTO "SellerProfile" ("id","userId","businessName","displayName","postcode","yardSlug","yardAbout","yardContactPhone","yardWebsiteUrl","yardSocialJson","verificationStatus","createdAt","updatedAt") VALUES ('legacy_sp_68', 'legacy_u_68', 'Roy Elvin', 'Roy Elvin', 'YO1 7HD', 'rd-salvage-r68', NULL, '07917725094', NULL, NULL, 'none', NOW(), NOW());
INSERT INTO "User" ("id","email","emailVerified","name","image","password","role","createdAt","updatedAt") VALUES ('legacy_u_69', 'marjana380@gmail.com', NOW(), 'marjana begum', 'https://thereclaimedcompany.com/uploads/profile/avatar_61e6c581ed42a1-22891452-18648508.jpg', NULL, 'reclamation_yard', NOW(), NOW());
INSERT INTO "SellerProfile" ("id","userId","businessName","displayName","postcode","yardSlug","yardAbout","yardContactPhone","yardWebsiteUrl","yardSocialJson","verificationStatus","createdAt","updatedAt") VALUES ('legacy_sp_69', 'legacy_u_69', 'marjana begum', 'marjana begum', 'YO1 7HD', 'marjana-begum-r69', NULL, NULL, NULL, NULL, 'none', NOW(), NOW());
INSERT INTO "User" ("id","email","emailVerified","name","image","password","role","createdAt","updatedAt") VALUES ('legacy_u_70', 'removalmen@aol.com', NOW(), 'Dennis Lowde', 'https://thereclaimedcompany.com/uploads/profile/avatar_61eb9cfc10d751-85505518-93777800.jpg', NULL, 'reclamation_yard', NOW(), NOW());
INSERT INTO "SellerProfile" ("id","userId","businessName","displayName","postcode","yardSlug","yardAbout","yardContactPhone","yardWebsiteUrl","yardSocialJson","verificationStatus","createdAt","updatedAt") VALUES ('legacy_sp_70', 'legacy_u_70', 'Dennis Lowde', 'Dennis Lowde', 'YO1 7HD', 'dennis-lowde-r70', NULL, NULL, NULL, NULL, 'none', NOW(), NOW());
INSERT INTO "User" ("id","email","emailVerified","name","image","password","role","createdAt","updatedAt") VALUES ('legacy_u_71', 'tim.gammons@btinternet.com', NOW(), 'Tim Gammons', NULL, '$2a$08$kqeVTg4uYzH7l4..32GLyOaAVfG8XRsQimp9.nOfi5cimFHpO7732', 'reclamation_yard', NOW(), NOW());
INSERT INTO "SellerProfile" ("id","userId","businessName","displayName","postcode","yardSlug","yardAbout","yardContactPhone","yardWebsiteUrl","yardSocialJson","verificationStatus","createdAt","updatedAt") VALUES ('legacy_sp_71', 'legacy_u_71', 'Tim Gammons', 'Tim Gammons', 'YO1 7HD', 'timg-r71', NULL, NULL, NULL, NULL, 'none', NOW(), NOW());
INSERT INTO "User" ("id","email","emailVerified","name","image","password","role","createdAt","updatedAt") VALUES ('legacy_u_72', 'grogerson000@gmail.com', NOW(), 'George  Rogerson', NULL, '$2a$08$tuP2gaVrran.KlMTl8aNOuppCSCgB4wR0L/Ha6m6CheIoTTZ87ZBK', 'reclamation_yard', NOW(), NOW());
INSERT INTO "SellerProfile" ("id","userId","businessName","displayName","postcode","yardSlug","yardAbout","yardContactPhone","yardWebsiteUrl","yardSocialJson","verificationStatus","createdAt","updatedAt") VALUES ('legacy_sp_72', 'legacy_u_72', 'George  Rogerson', 'George  Rogerson', 'YO1 7HD', 'daddycool-r72', NULL, NULL, NULL, NULL, 'none', NOW(), NOW());
INSERT INTO "User" ("id","email","emailVerified","name","image","password","role","createdAt","updatedAt") VALUES ('legacy_u_73', 'meltama@hotmail.co.uk', NOW(), 'Melanie Reis', NULL, '$2a$08$QONekm7WPJ5IvNrOXSlx.egkSg/e/4ElGzi4JQZpbCgGTrK2TTreW', 'reclamation_yard', NOW(), NOW());
INSERT INTO "SellerProfile" ("id","userId","businessName","displayName","postcode","yardSlug","yardAbout","yardContactPhone","yardWebsiteUrl","yardSocialJson","verificationStatus","createdAt","updatedAt") VALUES ('legacy_sp_73', 'legacy_u_73', 'Melanie Reis', 'Melanie Reis', 'YO1 7HD', 'melanie-r73', NULL, NULL, NULL, NULL, 'none', NOW(), NOW());
INSERT INTO "User" ("id","email","emailVerified","name","image","password","role","createdAt","updatedAt") VALUES ('legacy_u_74', 'George@clelandroofingsolutions.co.uk', NOW(), 'george  cleland', NULL, '$2a$08$L9zHqp3rOBRLcV2zazk52OK92ixWsE8c/TPJcu3GHKUt5PU1u4u1G', 'reclamation_yard', NOW(), NOW());
INSERT INTO "SellerProfile" ("id","userId","businessName","displayName","postcode","yardSlug","yardAbout","yardContactPhone","yardWebsiteUrl","yardSocialJson","verificationStatus","createdAt","updatedAt") VALUES ('legacy_sp_74', 'legacy_u_74', 'george  cleland', 'george  cleland', 'YO1 7HD', 'george-r74', NULL, NULL, NULL, NULL, 'none', NOW(), NOW());
INSERT INTO "User" ("id","email","emailVerified","name","image","password","role","createdAt","updatedAt") VALUES ('legacy_u_75', 'debsprint@googlemail.com', NOW(), 'Debbie sprintall', NULL, '$2a$08$kf9Iv3y/LLpc7fU0LuPBLeq3qdTQgkBKbdsM2KtOPT94eOerMEfGu', 'reclamation_yard', NOW(), NOW());
INSERT INTO "SellerProfile" ("id","userId","businessName","displayName","postcode","yardSlug","yardAbout","yardContactPhone","yardWebsiteUrl","yardSocialJson","verificationStatus","createdAt","updatedAt") VALUES ('legacy_sp_75', 'legacy_u_75', 'Debbie sprintall', 'Debbie sprintall', 'YO1 7HD', 'debsprintgooglemailcom-r75', NULL, NULL, NULL, NULL, 'none', NOW(), NOW());
INSERT INTO "User" ("id","email","emailVerified","name","image","password","role","createdAt","updatedAt") VALUES ('legacy_u_76', 'bethany-topham@hotmail.co.uk', NOW(), 'Bethany Topham', NULL, '$2a$08$oQbS/poO7fy83sSlImC/Hu0I8xezpb3B4u8AMLIv1FZHYCEhbDx.i', 'reclamation_yard', NOW(), NOW());
INSERT INTO "SellerProfile" ("id","userId","businessName","displayName","postcode","yardSlug","yardAbout","yardContactPhone","yardWebsiteUrl","yardSocialJson","verificationStatus","createdAt","updatedAt") VALUES ('legacy_sp_76', 'legacy_u_76', 'Bethany Topham', 'Bethany Topham', 'YO1 7HD', 'bethany-tophamhotmailcouk-r76', NULL, NULL, NULL, NULL, 'none', NOW(), NOW());
INSERT INTO "User" ("id","email","emailVerified","name","image","password","role","createdAt","updatedAt") VALUES ('legacy_u_77', 's.munson@ntlworld.com', NOW(), 'Sarah Munson', NULL, '$2a$08$5jm/QErhw2lMKdctwOeTGeWOwe/56kzQvl0V4mW04cvbJtyrn7lhm', 'reclamation_yard', NOW(), NOW());
INSERT INTO "SellerProfile" ("id","userId","businessName","displayName","postcode","yardSlug","yardAbout","yardContactPhone","yardWebsiteUrl","yardSocialJson","verificationStatus","createdAt","updatedAt") VALUES ('legacy_sp_77', 'legacy_u_77', 'Sarah Munson', 'Sarah Munson', 'YO1 7HD', 'munson9513-r77', NULL, NULL, NULL, NULL, 'none', NOW(), NOW());
INSERT INTO "User" ("id","email","emailVerified","name","image","password","role","createdAt","updatedAt") VALUES ('legacy_u_78', 'paul.jackrussell@hotmail.co.uk', NOW(), 'Paul Davidson', NULL, '$2a$08$VW.BcJPyBl91TqbbsNTdJ.kN7STEZmGycmWCYkZpHQ0gFiKcIEUvO', 'reclamation_yard', NOW(), NOW());
INSERT INTO "SellerProfile" ("id","userId","businessName","displayName","postcode","yardSlug","yardAbout","yardContactPhone","yardWebsiteUrl","yardSocialJson","verificationStatus","createdAt","updatedAt") VALUES ('legacy_sp_78', 'legacy_u_78', 'Paul Davidson', 'Paul Davidson', 'YO1 7HD', 'pauldavidson-r78', NULL, NULL, NULL, NULL, 'none', NOW(), NOW());
INSERT INTO "User" ("id","email","emailVerified","name","image","password","role","createdAt","updatedAt") VALUES ('legacy_u_79', 'isabellaqueiroz.eit@gmail.com', NOW(), 'Evette Queiroz', NULL, '$2a$08$IugLq39mORnVpPYezM6vzOvKc3ps49ctfeNUV0wVj77PvEj2l7u26', 'reclamation_yard', NOW(), NOW());
INSERT INTO "SellerProfile" ("id","userId","businessName","displayName","postcode","yardSlug","yardAbout","yardContactPhone","yardWebsiteUrl","yardSocialJson","verificationStatus","createdAt","updatedAt") VALUES ('legacy_sp_79', 'legacy_u_79', 'Evette Queiroz', 'Evette Queiroz', 'YO1 7HD', 'isabellaqueirozeitgmailcom-r79', NULL, NULL, NULL, NULL, 'none', NOW(), NOW());
INSERT INTO "User" ("id","email","emailVerified","name","image","password","role","createdAt","updatedAt") VALUES ('legacy_u_80', 'ng64@hotmail.co.uk', NOW(), 'Nicola Gaskin', NULL, '$2a$08$RT5yaE7wyd/GanPEPaqpRu2/RGbRSX/lJfogIy5Yv7ai8pVkhkgja', 'reclamation_yard', NOW(), NOW());
INSERT INTO "SellerProfile" ("id","userId","businessName","displayName","postcode","yardSlug","yardAbout","yardContactPhone","yardWebsiteUrl","yardSocialJson","verificationStatus","createdAt","updatedAt") VALUES ('legacy_sp_80', 'legacy_u_80', 'Nicola Gaskin', 'Nicola Gaskin', 'YO1 7HD', 'ng64hotmailcouk-r80', NULL, NULL, NULL, NULL, 'none', NOW(), NOW());
INSERT INTO "User" ("id","email","emailVerified","name","image","password","role","createdAt","updatedAt") VALUES ('legacy_u_81', 'natalie_j1969@hotmail.co.uk', NOW(), 'natalie jacobs', NULL, '$2a$08$miQKhpxTYOXYKCpPapYouuitPi.hi8sAofovX/.hhETsFjKuSnMP2', 'reclamation_yard', NOW(), NOW());
INSERT INTO "SellerProfile" ("id","userId","businessName","displayName","postcode","yardSlug","yardAbout","yardContactPhone","yardWebsiteUrl","yardSocialJson","verificationStatus","createdAt","updatedAt") VALUES ('legacy_sp_81', 'legacy_u_81', 'natalie jacobs', 'natalie jacobs', 'YO1 7HD', 'natalie-j1969hotmailcouk-r81', NULL, NULL, NULL, NULL, 'none', NOW(), NOW());
INSERT INTO "User" ("id","email","emailVerified","name","image","password","role","createdAt","updatedAt") VALUES ('legacy_u_82', 'raymond.t@trusko.co.uk', NOW(), 'Raymond  Tonks', NULL, '$2a$08$lLNau0Nv7U09eIte0wGMAOoyaiXedgF4PGh1f9DlK9dUYpZCwtzuG', 'reclamation_yard', NOW(), NOW());
INSERT INTO "SellerProfile" ("id","userId","businessName","displayName","postcode","yardSlug","yardAbout","yardContactPhone","yardWebsiteUrl","yardSocialJson","verificationStatus","createdAt","updatedAt") VALUES ('legacy_sp_82', 'legacy_u_82', 'Raymond  Tonks', 'Raymond  Tonks', 'YO1 7HD', 'rayt-r82', NULL, NULL, NULL, NULL, 'none', NOW(), NOW());
INSERT INTO "User" ("id","email","emailVerified","name","image","password","role","createdAt","updatedAt") VALUES ('legacy_u_83', 'anne.r.hanley@gmail.com', NOW(), 'Anne Hanley', NULL, '$2a$08$uikWAlZm3E/KzEJGzaHQ.OZNF4Pc0d2lU/DpO3Z7lBXUYTWlhGPNy', 'reclamation_yard', NOW(), NOW());
INSERT INTO "SellerProfile" ("id","userId","businessName","displayName","postcode","yardSlug","yardAbout","yardContactPhone","yardWebsiteUrl","yardSocialJson","verificationStatus","createdAt","updatedAt") VALUES ('legacy_sp_83', 'legacy_u_83', 'Anne Hanley', 'Anne Hanley', 'YO1 7HD', 'anne-r83', NULL, NULL, NULL, NULL, 'none', NOW(), NOW());
INSERT INTO "User" ("id","email","emailVerified","name","image","password","role","createdAt","updatedAt") VALUES ('legacy_u_84', 'alexgale99@hotmail.com', NOW(), 'alexgale99@hotmail.com', 'https://thereclaimedcompany.com/uploads/profile/avatar_6220ba7d3846f3-18440378-18819134.jpg', NULL, 'reclamation_yard', NOW(), NOW());
INSERT INTO "SellerProfile" ("id","userId","businessName","displayName","postcode","yardSlug","yardAbout","yardContactPhone","yardWebsiteUrl","yardSocialJson","verificationStatus","createdAt","updatedAt") VALUES ('legacy_sp_84', 'legacy_u_84', 'alexgale99@hotmail.com', 'alexgale99@hotmail.com', 'YO1 7HD', 'alexgale99hotmailcom-r84', NULL, NULL, NULL, NULL, 'none', NOW(), NOW());
INSERT INTO "User" ("id","email","emailVerified","name","image","password","role","createdAt","updatedAt") VALUES ('legacy_u_85', 'kieranwall24@gmail.com', NOW(), 'Kieran Wall', 'https://thereclaimedcompany.com/uploads/profile/avatar_6224de273cec15-96692008-25830271.jpg', NULL, 'reclamation_yard', NOW(), NOW());
INSERT INTO "SellerProfile" ("id","userId","businessName","displayName","postcode","yardSlug","yardAbout","yardContactPhone","yardWebsiteUrl","yardSocialJson","verificationStatus","createdAt","updatedAt") VALUES ('legacy_sp_85', 'legacy_u_85', 'Kieran Wall', 'Kieran Wall', 'YO1 7HD', 'kieran-wall-r85', NULL, NULL, NULL, NULL, 'none', NOW(), NOW());
INSERT INTO "User" ("id","email","emailVerified","name","image","password","role","createdAt","updatedAt") VALUES ('legacy_u_86', 'pcartwright@hotmail.com', NOW(), 'Paul Cartwright', NULL, '$2a$08$L0EsghaXSv1Th1glfy84XuLVLsb0mRb7.DPONOt5DNS7wN5NXa.OG', 'reclamation_yard', NOW(), NOW());
INSERT INTO "SellerProfile" ("id","userId","businessName","displayName","postcode","yardSlug","yardAbout","yardContactPhone","yardWebsiteUrl","yardSocialJson","verificationStatus","createdAt","updatedAt") VALUES ('legacy_sp_86', 'legacy_u_86', 'Paul Cartwright', 'Paul Cartwright', 'YO1 7HD', 'pcartwrighthotmailcom-r86', NULL, NULL, NULL, NULL, 'none', NOW(), NOW());
INSERT INTO "User" ("id","email","emailVerified","name","image","password","role","createdAt","updatedAt") VALUES ('legacy_u_87', 'roy@regalcrown.co.uk', NOW(), 'Roy Crossley', NULL, '$2a$08$YohrdFT3TWE1U4y9jSPIO.r40N/tox6yfx8Im2nBBFlR96c1MZ.Ea', 'reclamation_yard', NOW(), NOW());
INSERT INTO "SellerProfile" ("id","userId","businessName","displayName","postcode","yardSlug","yardAbout","yardContactPhone","yardWebsiteUrl","yardSocialJson","verificationStatus","createdAt","updatedAt") VALUES ('legacy_sp_87', 'legacy_u_87', 'Roy Crossley', 'Roy Crossley', 'YO1 7HD', 'royregalcrowncouk-r87', NULL, NULL, NULL, NULL, 'none', NOW(), NOW());
INSERT INTO "User" ("id","email","emailVerified","name","image","password","role","createdAt","updatedAt") VALUES ('legacy_u_88', 'bob.ward9@btinternet.com', NOW(), 'Bob Ward', NULL, '$2a$08$iWfUtFApvnOGNspuvDrmiedEp6jTYHxR71P5UfkIneQNDEhTGYsBu', 'reclamation_yard', NOW(), NOW());
INSERT INTO "SellerProfile" ("id","userId","businessName","displayName","postcode","yardSlug","yardAbout","yardContactPhone","yardWebsiteUrl","yardSocialJson","verificationStatus","createdAt","updatedAt") VALUES ('legacy_sp_88', 'legacy_u_88', 'Bob Ward', 'Bob Ward', 'YO1 7HD', 'bobward9btinternetcom-r88', NULL, NULL, NULL, NULL, 'none', NOW(), NOW());
INSERT INTO "User" ("id","email","emailVerified","name","image","password","role","createdAt","updatedAt") VALUES ('legacy_u_89', 'r.flavell@yahoo.com', NOW(), 'robert flavell', NULL, '$2a$08$KcqU.ngdk3IJpZ3jqKk6x.1qUFuEvm2BB.CpgMlmRj1OcITvfZ2MS', 'reclamation_yard', NOW(), NOW());
INSERT INTO "SellerProfile" ("id","userId","businessName","displayName","postcode","yardSlug","yardAbout","yardContactPhone","yardWebsiteUrl","yardSocialJson","verificationStatus","createdAt","updatedAt") VALUES ('legacy_sp_89', 'legacy_u_89', 'robert flavell', 'robert flavell', 'YO1 7HD', 'rflavellyahoocom-r89', NULL, NULL, NULL, NULL, 'none', NOW(), NOW());
INSERT INTO "User" ("id","email","emailVerified","name","image","password","role","createdAt","updatedAt") VALUES ('legacy_u_90', 'roy@therelcaimedcompany.co.uk', NOW(), 'Roy Elvin', NULL, '$2a$08$M7tC2et/FLv.zAk3MJ45Q..PJOXZq8F66WkJpJyWUVZ.DqTvHeBPS', 'individual', NOW(), NOW());
INSERT INTO "User" ("id","email","emailVerified","name","image","password","role","createdAt","updatedAt") VALUES ('legacy_u_91', 'alancassidy@yahoo.co.uk', NOW(), 'Alan Cassidy', 'https://thereclaimedcompany.com/uploads/profile/avatar_623d8bd0195859-26068704-24822090.jpg', NULL, 'reclamation_yard', NOW(), NOW());
INSERT INTO "SellerProfile" ("id","userId","businessName","displayName","postcode","yardSlug","yardAbout","yardContactPhone","yardWebsiteUrl","yardSocialJson","verificationStatus","createdAt","updatedAt") VALUES ('legacy_sp_91', 'legacy_u_91', 'Alan Cassidy', 'Alan Cassidy', 'YO1 7HD', 'alan-cassidy-r91', NULL, NULL, NULL, NULL, 'none', NOW(), NOW());
INSERT INTO "User" ("id","email","emailVerified","name","image","password","role","createdAt","updatedAt") VALUES ('legacy_u_92', 'shuttlegs@gmail.com', NOW(), 'Guy Shuttleworth', 'https://thereclaimedcompany.com/uploads/profile/avatar_62455770f29510-14921093-39014042.jpg', NULL, 'reclamation_yard', NOW(), NOW());
INSERT INTO "SellerProfile" ("id","userId","businessName","displayName","postcode","yardSlug","yardAbout","yardContactPhone","yardWebsiteUrl","yardSocialJson","verificationStatus","createdAt","updatedAt") VALUES ('legacy_sp_92', 'legacy_u_92', 'Guy Shuttleworth', 'Guy Shuttleworth', 'YO1 7HD', 'guy-shuttleworth-r92', NULL, NULL, NULL, NULL, 'none', NOW(), NOW());
INSERT INTO "User" ("id","email","emailVerified","name","image","password","role","createdAt","updatedAt") VALUES ('legacy_u_93', 'joebulpinroofing@gmail.com', NOW(), 'Joe Bulpin', 'https://thereclaimedcompany.com/uploads/profile/avatar_624766b4049d02-46534264-74375591.jpg', NULL, 'reclamation_yard', NOW(), NOW());
INSERT INTO "SellerProfile" ("id","userId","businessName","displayName","postcode","yardSlug","yardAbout","yardContactPhone","yardWebsiteUrl","yardSocialJson","verificationStatus","createdAt","updatedAt") VALUES ('legacy_sp_93', 'legacy_u_93', 'Joe Bulpin', 'Joe Bulpin', 'YO1 7HD', 'joe-bulpin-r93', NULL, NULL, NULL, NULL, 'none', NOW(), NOW());
INSERT INTO "User" ("id","email","emailVerified","name","image","password","role","createdAt","updatedAt") VALUES ('legacy_u_94', 'phil.welch.anglian@gmail.com', NOW(), 'Phil Welch', 'https://thereclaimedcompany.com/uploads/profile/avatar_62489c52513374-96351508-28515554.jpg', NULL, 'reclamation_yard', NOW(), NOW());
INSERT INTO "SellerProfile" ("id","userId","businessName","displayName","postcode","yardSlug","yardAbout","yardContactPhone","yardWebsiteUrl","yardSocialJson","verificationStatus","createdAt","updatedAt") VALUES ('legacy_sp_94', 'legacy_u_94', 'Phil Welch', 'Phil Welch', 'YO1 7HD', 'phil-welch-r94', NULL, NULL, NULL, NULL, 'none', NOW(), NOW());
INSERT INTO "User" ("id","email","emailVerified","name","image","password","role","createdAt","updatedAt") VALUES ('legacy_u_95', 'leeg78@gmail.com', NOW(), 'lee gannon', NULL, '$2a$08$s5txrwxHivmgdgW.cQHMCuFBvTFriuvOOfmKt5YYIlGM6YYrXp.Hy', 'reclamation_yard', NOW(), NOW());
INSERT INTO "SellerProfile" ("id","userId","businessName","displayName","postcode","yardSlug","yardAbout","yardContactPhone","yardWebsiteUrl","yardSocialJson","verificationStatus","createdAt","updatedAt") VALUES ('legacy_sp_95', 'legacy_u_95', 'lee gannon', 'lee gannon', 'YO1 7HD', 'leeg78-r95', NULL, NULL, NULL, NULL, 'none', NOW(), NOW());
INSERT INTO "User" ("id","email","emailVerified","name","image","password","role","createdAt","updatedAt") VALUES ('legacy_u_96', 'gs@calsacare.co.uk', NOW(), 'Gurdip Singh', 'https://thereclaimedcompany.com/uploads/profile/avatar_624c8a83210913-45470354-52634190.jpg', NULL, 'reclamation_yard', NOW(), NOW());
INSERT INTO "SellerProfile" ("id","userId","businessName","displayName","postcode","yardSlug","yardAbout","yardContactPhone","yardWebsiteUrl","yardSocialJson","verificationStatus","createdAt","updatedAt") VALUES ('legacy_sp_96', 'legacy_u_96', 'Gurdip Singh', 'Gurdip Singh', 'YO1 7HD', 'gurdip-singh-r96', NULL, NULL, NULL, NULL, 'none', NOW(), NOW());
INSERT INTO "User" ("id","email","emailVerified","name","image","password","role","createdAt","updatedAt") VALUES ('legacy_u_97', 'sjwalker83@hotmail.com', NOW(), 'Steve Walker', NULL, '$2a$08$Qee1T6NDh6SBAwNhx37zr.oRU7fCtqsqoEEk0mkuI.Z4SmKDKEpN2', 'reclamation_yard', NOW(), NOW());
INSERT INTO "SellerProfile" ("id","userId","businessName","displayName","postcode","yardSlug","yardAbout","yardContactPhone","yardWebsiteUrl","yardSocialJson","verificationStatus","createdAt","updatedAt") VALUES ('legacy_sp_97', 'legacy_u_97', 'Steve Walker', 'Steve Walker', 'YO1 7HD', 'wag607s-r97', NULL, NULL, NULL, NULL, 'none', NOW(), NOW());
INSERT INTO "User" ("id","email","emailVerified","name","image","password","role","createdAt","updatedAt") VALUES ('legacy_u_98', 'hellhedwig@hotmail.com', NOW(), 'Helen Higgins', 'https://thereclaimedcompany.com/uploads/profile/avatar_6252ced7cfd7f0-91476357-96310994.jpg', '$2a$08$WZxgaTjJ177TqqIDM8mnyu9f2L9SJCMm/QRdG08xTrFVUMmXszNwm', 'reclamation_yard', NOW(), NOW());
INSERT INTO "SellerProfile" ("id","userId","businessName","displayName","postcode","yardSlug","yardAbout","yardContactPhone","yardWebsiteUrl","yardSocialJson","verificationStatus","createdAt","updatedAt") VALUES ('legacy_sp_98', 'legacy_u_98', 'Helen Higgins', 'Helen Higgins', 'YO1 7HD', 'helen-higgins-r98', NULL, NULL, NULL, NULL, 'none', NOW(), NOW());
INSERT INTO "User" ("id","email","emailVerified","name","image","password","role","createdAt","updatedAt") VALUES ('legacy_u_99', 'shussain388@gmail.com', NOW(), 'Samad Hussain', 'https://thereclaimedcompany.com/uploads/profile/avatar_6257211ca97bd1-52986931-17684240.jpg', NULL, 'reclamation_yard', NOW(), NOW());
INSERT INTO "SellerProfile" ("id","userId","businessName","displayName","postcode","yardSlug","yardAbout","yardContactPhone","yardWebsiteUrl","yardSocialJson","verificationStatus","createdAt","updatedAt") VALUES ('legacy_sp_99', 'legacy_u_99', 'Samad Hussain', 'Samad Hussain', 'YO1 7HD', 'samad-hussain-r99', NULL, NULL, NULL, NULL, 'none', NOW(), NOW());
INSERT INTO "User" ("id","email","emailVerified","name","image","password","role","createdAt","updatedAt") VALUES ('legacy_u_100', 'elle_ellison@hotmail.com', NOW(), 'Jessikha Ellison', 'https://thereclaimedcompany.com/uploads/profile/avatar_625d34ddc671a4-90843411-30948886.jpg', NULL, 'reclamation_yard', NOW(), NOW());
INSERT INTO "SellerProfile" ("id","userId","businessName","displayName","postcode","yardSlug","yardAbout","yardContactPhone","yardWebsiteUrl","yardSocialJson","verificationStatus","createdAt","updatedAt") VALUES ('legacy_sp_100', 'legacy_u_100', 'Jessikha Ellison', 'Jessikha Ellison', 'YO1 7HD', 'jessikha-ellison-r100', NULL, NULL, NULL, NULL, 'none', NOW(), NOW());
INSERT INTO "User" ("id","email","emailVerified","name","image","password","role","createdAt","updatedAt") VALUES ('legacy_u_101', 'beggcarolyn@hotmail.com', NOW(), 'Carolyn Begg', NULL, '$2a$08$1K4jkTsJNe9iK7wQ.FzCGeAwpQalFM.Lj.dqv8Eu588fDuIy6L4Gu', 'reclamation_yard', NOW(), NOW());
INSERT INTO "SellerProfile" ("id","userId","businessName","displayName","postcode","yardSlug","yardAbout","yardContactPhone","yardWebsiteUrl","yardSocialJson","verificationStatus","createdAt","updatedAt") VALUES ('legacy_sp_101', 'legacy_u_101', 'Carolyn Begg', 'Carolyn Begg', 'YO1 7HD', 'beggcarolynhotmailcom-r101', NULL, NULL, NULL, NULL, 'none', NOW(), NOW());
INSERT INTO "User" ("id","email","emailVerified","name","image","password","role","createdAt","updatedAt") VALUES ('legacy_u_102', 'stephennigelrigg@googlemail.com', NOW(), 'Stephen Rigg', NULL, '$2a$08$vxNouDpfq1w851fTA3NJXOb6psxQD0lbeZBESUivi4iFeo5.Ph6o.', 'reclamation_yard', NOW(), NOW());
INSERT INTO "SellerProfile" ("id","userId","businessName","displayName","postcode","yardSlug","yardAbout","yardContactPhone","yardWebsiteUrl","yardSocialJson","verificationStatus","createdAt","updatedAt") VALUES ('legacy_sp_102', 'legacy_u_102', 'Stephen Rigg', 'Stephen Rigg', 'YO1 7HD', 'stephennigelrigggooglemailcom-r102', NULL, NULL, NULL, NULL, 'none', NOW(), NOW());
INSERT INTO "User" ("id","email","emailVerified","name","image","password","role","createdAt","updatedAt") VALUES ('legacy_u_103', 'eastridingroofing@gmail.com', NOW(), 'EAST RIDING ROOFING SERVICES', 'https://thereclaimedcompany.com/uploads/profile/avatar_6260644d1e2a17-20416309-69407801.jpg', NULL, 'reclamation_yard', NOW(), NOW());
INSERT INTO "SellerProfile" ("id","userId","businessName","displayName","postcode","yardSlug","yardAbout","yardContactPhone","yardWebsiteUrl","yardSocialJson","verificationStatus","createdAt","updatedAt") VALUES ('legacy_sp_103', 'legacy_u_103', 'EAST RIDING ROOFING SERVICES', 'EAST RIDING ROOFING SERVICES', 'YO1 7HD', 'east-riding-roofing-services-r103', NULL, NULL, NULL, NULL, 'none', NOW(), NOW());
INSERT INTO "User" ("id","email","emailVerified","name","image","password","role","createdAt","updatedAt") VALUES ('legacy_u_104', 'bbanerjee75@gmail.com', NOW(), 'Bikram Banerjee', 'https://thereclaimedcompany.com/uploads/profile/avatar_626185f74bfb14-62749350-65675715.jpg', NULL, 'reclamation_yard', NOW(), NOW());
INSERT INTO "SellerProfile" ("id","userId","businessName","displayName","postcode","yardSlug","yardAbout","yardContactPhone","yardWebsiteUrl","yardSocialJson","verificationStatus","createdAt","updatedAt") VALUES ('legacy_sp_104', 'legacy_u_104', 'Bikram Banerjee', 'Bikram Banerjee', 'YO1 7HD', 'bikram-banerjee-r104', NULL, NULL, NULL, NULL, 'none', NOW(), NOW());
INSERT INTO "User" ("id","email","emailVerified","name","image","password","role","createdAt","updatedAt") VALUES ('legacy_u_105', 'chris.goodall75@yahoo.com', NOW(), 'Chris Goodall', NULL, '$2a$08$0.DlTi5V2N2Eda2Fwyx20.82ao.Ae9kploha.K6SykAWDrhqS1g2W', 'reclamation_yard', NOW(), NOW());
INSERT INTO "SellerProfile" ("id","userId","businessName","displayName","postcode","yardSlug","yardAbout","yardContactPhone","yardWebsiteUrl","yardSocialJson","verificationStatus","createdAt","updatedAt") VALUES ('legacy_sp_105', 'legacy_u_105', 'Chris Goodall', 'Chris Goodall', 'YO1 7HD', 'goodallch-r105', NULL, NULL, NULL, NULL, 'none', NOW(), NOW());
INSERT INTO "User" ("id","email","emailVerified","name","image","password","role","createdAt","updatedAt") VALUES ('legacy_u_106', 'qarhu@thepacbook.com', NOW(), 'Marcus Math', 'https://thereclaimedcompany.com/uploads/profile/avatar_6267a5301900d3-39086714-66315660.jpg', NULL, 'reclamation_yard', NOW(), NOW());
INSERT INTO "SellerProfile" ("id","userId","businessName","displayName","postcode","yardSlug","yardAbout","yardContactPhone","yardWebsiteUrl","yardSocialJson","verificationStatus","createdAt","updatedAt") VALUES ('legacy_sp_106', 'legacy_u_106', 'Marcus Math', 'Marcus Math', 'YO1 7HD', 'marcus-math-r106', NULL, NULL, NULL, NULL, 'none', NOW(), NOW());
INSERT INTO "User" ("id","email","emailVerified","name","image","password","role","createdAt","updatedAt") VALUES ('legacy_u_107', 'wachchu@gmail.com', NOW(), 'Shanmuganathan Achchuthan', 'https://thereclaimedcompany.com/uploads/profile/avatar_626c2f0f48d2c6-07324388-26589473.jpg', NULL, 'reclamation_yard', NOW(), NOW());
INSERT INTO "SellerProfile" ("id","userId","businessName","displayName","postcode","yardSlug","yardAbout","yardContactPhone","yardWebsiteUrl","yardSocialJson","verificationStatus","createdAt","updatedAt") VALUES ('legacy_sp_107', 'legacy_u_107', 'Shanmuganathan Achchuthan', 'Shanmuganathan Achchuthan', 'YO1 7HD', 'shanmuganathan-achchuthan-r107', NULL, NULL, NULL, NULL, 'none', NOW(), NOW());
INSERT INTO "User" ("id","email","emailVerified","name","image","password","role","createdAt","updatedAt") VALUES ('legacy_u_108', 'alicevanderlist207@gmail.com', NOW(), 'Alice Calcasola', NULL, '$2a$08$mlgrRk9j87MZvQi0u0dSduQj2oIqubA5n24dBa1IGTgth1qaS5Rwq', 'reclamation_yard', NOW(), NOW());
INSERT INTO "SellerProfile" ("id","userId","businessName","displayName","postcode","yardSlug","yardAbout","yardContactPhone","yardWebsiteUrl","yardSocialJson","verificationStatus","createdAt","updatedAt") VALUES ('legacy_sp_108', 'legacy_u_108', 'Alice Calcasola', 'Alice Calcasola', 'YO1 7HD', 'acalcasola-r108', NULL, NULL, NULL, NULL, 'none', NOW(), NOW());
INSERT INTO "User" ("id","email","emailVerified","name","image","password","role","createdAt","updatedAt") VALUES ('legacy_u_109', 'fdone87@gmail.com', NOW(), 'Fay Done', 'https://thereclaimedcompany.com/uploads/profile/avatar_6273786ed4e0c2-98248659-92800811.jpg', NULL, 'reclamation_yard', NOW(), NOW());
INSERT INTO "SellerProfile" ("id","userId","businessName","displayName","postcode","yardSlug","yardAbout","yardContactPhone","yardWebsiteUrl","yardSocialJson","verificationStatus","createdAt","updatedAt") VALUES ('legacy_sp_109', 'legacy_u_109', 'Fay Done', 'Fay Done', 'YO1 7HD', 'fay-done-r109', NULL, NULL, NULL, NULL, 'none', NOW(), NOW());
INSERT INTO "User" ("id","email","emailVerified","name","image","password","role","createdAt","updatedAt") VALUES ('legacy_u_110', 'loisfrancesunderwood@icloud.com', NOW(), 'Lois Underwood', NULL, '$2a$08$7IcMBJhyXdp.zY0IXmaH/O8topjgvl/PRv9CAdkh/PV48VP4OWpnq', 'reclamation_yard', NOW(), NOW());
INSERT INTO "SellerProfile" ("id","userId","businessName","displayName","postcode","yardSlug","yardAbout","yardContactPhone","yardWebsiteUrl","yardSocialJson","verificationStatus","createdAt","updatedAt") VALUES ('legacy_sp_110', 'legacy_u_110', 'Lois Underwood', 'Lois Underwood', 'YO1 7HD', 'loisfrancesunderwoodicloudcom-r110', NULL, NULL, NULL, NULL, 'none', NOW(), NOW());
INSERT INTO "User" ("id","email","emailVerified","name","image","password","role","createdAt","updatedAt") VALUES ('legacy_u_111', 'chris@cjsmithphotography.co.uk', NOW(), 'Chris Smith', 'https://thereclaimedcompany.com/uploads/profile/avatar_627544c3df0ae6-39443393-66075264.jpg', NULL, 'reclamation_yard', NOW(), NOW());
INSERT INTO "SellerProfile" ("id","userId","businessName","displayName","postcode","yardSlug","yardAbout","yardContactPhone","yardWebsiteUrl","yardSocialJson","verificationStatus","createdAt","updatedAt") VALUES ('legacy_sp_111', 'legacy_u_111', 'Chris Smith', 'Chris Smith', 'YO1 7HD', 'chris-smith-r111', NULL, NULL, NULL, NULL, 'none', NOW(), NOW());
INSERT INTO "User" ("id","email","emailVerified","name","image","password","role","createdAt","updatedAt") VALUES ('legacy_u_112', 'andrew@carronfarm.co.uk', NOW(), 'Andrew Walder', NULL, '$2a$08$MF.S0JHNH4WvHrtZajh.Seid2yALXJ1o21tJPpn2U5NmqhcsmQrwa', 'reclamation_yard', NOW(), NOW());
INSERT INTO "SellerProfile" ("id","userId","businessName","displayName","postcode","yardSlug","yardAbout","yardContactPhone","yardWebsiteUrl","yardSocialJson","verificationStatus","createdAt","updatedAt") VALUES ('legacy_sp_112', 'legacy_u_112', 'Andrew Walder', 'Andrew Walder', 'YO1 7HD', 'carron-farm-r112', NULL, NULL, NULL, NULL, 'none', NOW(), NOW());
INSERT INTO "User" ("id","email","emailVerified","name","image","password","role","createdAt","updatedAt") VALUES ('legacy_u_113', 'craiglee.1986@hotmail.co.uk', NOW(), 'Craig Lee', NULL, '$2a$08$gFVJ7eU2unJ.socgr7s8.u1yLb1LVGVyN/fRWuR5LfToUc.vSoyyq', 'reclamation_yard', NOW(), NOW());
INSERT INTO "SellerProfile" ("id","userId","businessName","displayName","postcode","yardSlug","yardAbout","yardContactPhone","yardWebsiteUrl","yardSocialJson","verificationStatus","createdAt","updatedAt") VALUES ('legacy_sp_113', 'legacy_u_113', 'Craig Lee', 'Craig Lee', 'YO1 7HD', 'craiglee1986hotmailcouk-r113', NULL, NULL, NULL, NULL, 'none', NOW(), NOW());
INSERT INTO "User" ("id","email","emailVerified","name","image","password","role","createdAt","updatedAt") VALUES ('legacy_u_114', 'farida@silverain.co.uk', NOW(), 'farida@silverain.co.uk Goncalves', 'https://thereclaimedcompany.com/uploads/profile/avatar_627e08e2d23a45-01209190-73703563.jpg', NULL, 'reclamation_yard', NOW(), NOW());
INSERT INTO "SellerProfile" ("id","userId","businessName","displayName","postcode","yardSlug","yardAbout","yardContactPhone","yardWebsiteUrl","yardSocialJson","verificationStatus","createdAt","updatedAt") VALUES ('legacy_sp_114', 'legacy_u_114', 'farida@silverain.co.uk Goncalves', 'farida@silverain.co.uk Goncalves', 'YO1 7HD', 'faridasilveraincouk-goncalves-r114', NULL, NULL, NULL, NULL, 'none', NOW(), NOW());
INSERT INTO "User" ("id","email","emailVerified","name","image","password","role","createdAt","updatedAt") VALUES ('legacy_u_115', 'roofing.prop@gmail.com', NOW(), 'Damien Ives', 'https://thereclaimedcompany.com/uploads/profile/avatar_627e53ed20fd08-04638559-11057361.jpg', NULL, 'reclamation_yard', NOW(), NOW());
INSERT INTO "SellerProfile" ("id","userId","businessName","displayName","postcode","yardSlug","yardAbout","yardContactPhone","yardWebsiteUrl","yardSocialJson","verificationStatus","createdAt","updatedAt") VALUES ('legacy_sp_115', 'legacy_u_115', 'Damien Ives', 'Damien Ives', 'YO1 7HD', 'damien-ives-r115', NULL, NULL, NULL, NULL, 'none', NOW(), NOW());
INSERT INTO "User" ("id","email","emailVerified","name","image","password","role","createdAt","updatedAt") VALUES ('legacy_u_116', 'ellie.chinnery@googlemail.com', NOW(), 'Ellie Chinnery', 'https://thereclaimedcompany.com/uploads/profile/avatar_627ec71c867260-89048451-65875445.jpg', NULL, 'reclamation_yard', NOW(), NOW());
INSERT INTO "SellerProfile" ("id","userId","businessName","displayName","postcode","yardSlug","yardAbout","yardContactPhone","yardWebsiteUrl","yardSocialJson","verificationStatus","createdAt","updatedAt") VALUES ('legacy_sp_116', 'legacy_u_116', 'Ellie Chinnery', 'Ellie Chinnery', 'YO1 7HD', 'ellie-chinnery-r116', NULL, NULL, NULL, NULL, 'none', NOW(), NOW());
INSERT INTO "User" ("id","email","emailVerified","name","image","password","role","createdAt","updatedAt") VALUES ('legacy_u_117', 'blaineclasper86@gmail.com', NOW(), 'Blaine Clasper', NULL, '$2a$08$1qTfGXEjmJ2oiMqlgTH/NOij40udI7rL1qlQj.ReEGGvViE3x3hLK', 'reclamation_yard', NOW(), NOW());
INSERT INTO "SellerProfile" ("id","userId","businessName","displayName","postcode","yardSlug","yardAbout","yardContactPhone","yardWebsiteUrl","yardSocialJson","verificationStatus","createdAt","updatedAt") VALUES ('legacy_sp_117', 'legacy_u_117', 'Blaine Clasper', 'Blaine Clasper', 'YO1 7HD', 'blaineclasper86gmailcom-r117', NULL, NULL, NULL, NULL, 'none', NOW(), NOW());
INSERT INTO "User" ("id","email","emailVerified","name","image","password","role","createdAt","updatedAt") VALUES ('legacy_u_118', 'tabithafyffe@yahoo.co.uk', NOW(), 'Tabitha fyffe', NULL, '$2a$08$9735KE96LBlUd0S59IWb2uWAClkdbbsDiUAHnVVpcyi4wYV4zI4ja', 'reclamation_yard', NOW(), NOW());
INSERT INTO "SellerProfile" ("id","userId","businessName","displayName","postcode","yardSlug","yardAbout","yardContactPhone","yardWebsiteUrl","yardSocialJson","verificationStatus","createdAt","updatedAt") VALUES ('legacy_sp_118', 'legacy_u_118', 'Tabitha fyffe', 'Tabitha fyffe', 'YO1 7HD', 'tabithafyffeyahoocouk-r118', NULL, NULL, NULL, NULL, 'none', NOW(), NOW());
INSERT INTO "User" ("id","email","emailVerified","name","image","password","role","createdAt","updatedAt") VALUES ('legacy_u_119', 'whittledaniel@gmail.com', NOW(), 'Daniel Whittle', 'https://thereclaimedcompany.com/uploads/profile/avatar_628bd9017173b7-31230921-25738973.jpg', NULL, 'reclamation_yard', NOW(), NOW());
INSERT INTO "SellerProfile" ("id","userId","businessName","displayName","postcode","yardSlug","yardAbout","yardContactPhone","yardWebsiteUrl","yardSocialJson","verificationStatus","createdAt","updatedAt") VALUES ('legacy_sp_119', 'legacy_u_119', 'Daniel Whittle', 'Daniel Whittle', 'YO1 7HD', 'daniel-whittle-r119', NULL, NULL, NULL, NULL, 'none', NOW(), NOW());
INSERT INTO "User" ("id","email","emailVerified","name","image","password","role","createdAt","updatedAt") VALUES ('legacy_u_120', 'Tera.boocock@hotmail.com', NOW(), 'Tera Boocock', NULL, '$2a$08$kVJBPH6CUx2/UNeimhpfle1VNIDM7u0Mm.fFsdvq7NNwVpF9/pvxK', 'reclamation_yard', NOW(), NOW());
INSERT INTO "SellerProfile" ("id","userId","businessName","displayName","postcode","yardSlug","yardAbout","yardContactPhone","yardWebsiteUrl","yardSocialJson","verificationStatus","createdAt","updatedAt") VALUES ('legacy_sp_120', 'legacy_u_120', 'Tera Boocock', 'Tera Boocock', 'YO1 7HD', 'tboo-r120', NULL, NULL, NULL, NULL, 'none', NOW(), NOW());
INSERT INTO "User" ("id","email","emailVerified","name","image","password","role","createdAt","updatedAt") VALUES ('legacy_u_121', 'vytautasvaitekunas6@gmail.com', NOW(), 'V ._', 'https://thereclaimedcompany.com/uploads/profile/avatar_6291de57a9bda7-79879054-71331445.jpg', NULL, 'reclamation_yard', NOW(), NOW());
INSERT INTO "SellerProfile" ("id","userId","businessName","displayName","postcode","yardSlug","yardAbout","yardContactPhone","yardWebsiteUrl","yardSocialJson","verificationStatus","createdAt","updatedAt") VALUES ('legacy_sp_121', 'legacy_u_121', 'V ._', 'V ._', 'YO1 7HD', 'v--r121', NULL, NULL, NULL, NULL, 'none', NOW(), NOW());
INSERT INTO "User" ("id","email","emailVerified","name","image","password","role","createdAt","updatedAt") VALUES ('legacy_u_122', 'glensreclaim@btinternet.com', NOW(), 'brian yule', NULL, '$2a$08$6u9izu/SI7vp7U8/Y5TJPumE7O46vl4ZmyqaRlnMflZbdfOJP3/Ci', 'reclamation_yard', NOW(), NOW());
INSERT INTO "SellerProfile" ("id","userId","businessName","displayName","postcode","yardSlug","yardAbout","yardContactPhone","yardWebsiteUrl","yardSocialJson","verificationStatus","createdAt","updatedAt") VALUES ('legacy_sp_122', 'legacy_u_122', 'brian yule', 'brian yule', 'YO1 7HD', 'the-glens-reclaim-ltd-r122', NULL, NULL, NULL, NULL, 'none', NOW(), NOW());
INSERT INTO "User" ("id","email","emailVerified","name","image","password","role","createdAt","updatedAt") VALUES ('legacy_u_123', 'leah.grice@outlook.com', NOW(), 'Leah  Grice', NULL, '$2a$08$GyWwtml8jTynGZIpjwX7BOdDz2pp0orZhDpr/uYxyvMBYIkEjl1Ze', 'reclamation_yard', NOW(), NOW());
INSERT INTO "SellerProfile" ("id","userId","businessName","displayName","postcode","yardSlug","yardAbout","yardContactPhone","yardWebsiteUrl","yardSocialJson","verificationStatus","createdAt","updatedAt") VALUES ('legacy_sp_123', 'legacy_u_123', 'Leah  Grice', 'Leah  Grice', 'YO1 7HD', 'leahgriceoutlookcom-r123', NULL, NULL, NULL, NULL, 'none', NOW(), NOW());
INSERT INTO "User" ("id","email","emailVerified","name","image","password","role","createdAt","updatedAt") VALUES ('legacy_u_124', 'marthycat@gmail.com', NOW(), 'Martha Lawes', NULL, '$2a$08$g7MlXP2b05Clup58YI4USOqbcoBX4DGxm4It9zmoF7Z/xKJb9SLGe', 'reclamation_yard', NOW(), NOW());
INSERT INTO "SellerProfile" ("id","userId","businessName","displayName","postcode","yardSlug","yardAbout","yardContactPhone","yardWebsiteUrl","yardSocialJson","verificationStatus","createdAt","updatedAt") VALUES ('legacy_sp_124', 'legacy_u_124', 'Martha Lawes', 'Martha Lawes', 'YO1 7HD', 'marthycatgmailcom-r124', NULL, NULL, NULL, NULL, 'none', NOW(), NOW());
INSERT INTO "User" ("id","email","emailVerified","name","image","password","role","createdAt","updatedAt") VALUES ('legacy_u_125', 'netta.atkins@gmail.com', NOW(), 'Annette Atkins', 'https://thereclaimedcompany.com/uploads/profile/avatar_62a263686d59c2-37152522-35056510.jpg', NULL, 'reclamation_yard', NOW(), NOW());
INSERT INTO "SellerProfile" ("id","userId","businessName","displayName","postcode","yardSlug","yardAbout","yardContactPhone","yardWebsiteUrl","yardSocialJson","verificationStatus","createdAt","updatedAt") VALUES ('legacy_sp_125', 'legacy_u_125', 'Annette Atkins', 'Annette Atkins', 'YO1 7HD', 'annette-atkins-r125', NULL, NULL, NULL, NULL, 'none', NOW(), NOW());
INSERT INTO "User" ("id","email","emailVerified","name","image","password","role","createdAt","updatedAt") VALUES ('legacy_u_126', 'cf868@aol.com', NOW(), 'Catherine Fletcher', NULL, '$2a$08$HZ7hhQfRBkbfTAJ1CODUhOxkszZ2lx4Z04H.Xxu8t8WFlYlBynt66', 'reclamation_yard', NOW(), NOW());
INSERT INTO "SellerProfile" ("id","userId","businessName","displayName","postcode","yardSlug","yardAbout","yardContactPhone","yardWebsiteUrl","yardSocialJson","verificationStatus","createdAt","updatedAt") VALUES ('legacy_sp_126', 'legacy_u_126', 'Catherine Fletcher', 'Catherine Fletcher', 'YO1 7HD', 'katybeney-r126', NULL, NULL, NULL, NULL, 'none', NOW(), NOW());
INSERT INTO "User" ("id","email","emailVerified","name","image","password","role","createdAt","updatedAt") VALUES ('legacy_u_127', 'Hanlo_reyneke@hotmail.com', NOW(), 'Hanlo Reyneke', NULL, '$2a$08$RWd1n8vENdV/ZDnyEv2ZBeSq9Qa/WfGKECAg0BeeqxEkzc20EeZF6', 'reclamation_yard', NOW(), NOW());
INSERT INTO "SellerProfile" ("id","userId","businessName","displayName","postcode","yardSlug","yardAbout","yardContactPhone","yardWebsiteUrl","yardSocialJson","verificationStatus","createdAt","updatedAt") VALUES ('legacy_sp_127', 'legacy_u_127', 'Hanlo Reyneke', 'Hanlo Reyneke', 'YO1 7HD', 'hanlo-reynekehotmailcom-r127', NULL, NULL, NULL, NULL, 'none', NOW(), NOW());
INSERT INTO "User" ("id","email","emailVerified","name","image","password","role","createdAt","updatedAt") VALUES ('legacy_u_128', 'scott@act-developments.co.uk', NOW(), 'Scott Baines', 'https://thereclaimedcompany.com/uploads/profile/avatar_62cc3446394679-02904119-53511607.jpg', NULL, 'reclamation_yard', NOW(), NOW());
INSERT INTO "SellerProfile" ("id","userId","businessName","displayName","postcode","yardSlug","yardAbout","yardContactPhone","yardWebsiteUrl","yardSocialJson","verificationStatus","createdAt","updatedAt") VALUES ('legacy_sp_128', 'legacy_u_128', 'Scott Baines', 'Scott Baines', 'YO1 7HD', 'scott-baines-r128', NULL, NULL, NULL, NULL, 'none', NOW(), NOW());
INSERT INTO "User" ("id","email","emailVerified","name","image","password","role","createdAt","updatedAt") VALUES ('legacy_u_129', 'Lindsey@templewharfpropertyconsultants.co.uk', NOW(), 'Lindsey West', NULL, '$2a$08$cukBsCkCnEeZM/EgVb717e65/RWLhPPZpzBQV1Lv0VFdrHs3lPoIm', 'reclamation_yard', NOW(), NOW());
INSERT INTO "SellerProfile" ("id","userId","businessName","displayName","postcode","yardSlug","yardAbout","yardContactPhone","yardWebsiteUrl","yardSocialJson","verificationStatus","createdAt","updatedAt") VALUES ('legacy_sp_129', 'legacy_u_129', 'Lindsey West', 'Lindsey West', 'YO1 7HD', 'lindseytwpc-r129', NULL, NULL, NULL, NULL, 'none', NOW(), NOW());
INSERT INTO "User" ("id","email","emailVerified","name","image","password","role","createdAt","updatedAt") VALUES ('legacy_u_130', 'gigisharpe@gmail.com', NOW(), 'Giorgia Sharpe', NULL, '$2a$08$mB9CHAmzsiKZ1BPEB6MikOvVWw21s7zMjxnhaPw27MHUuNSR1iGti', 'reclamation_yard', NOW(), NOW());
INSERT INTO "SellerProfile" ("id","userId","businessName","displayName","postcode","yardSlug","yardAbout","yardContactPhone","yardWebsiteUrl","yardSocialJson","verificationStatus","createdAt","updatedAt") VALUES ('legacy_sp_130', 'legacy_u_130', 'Giorgia Sharpe', 'Giorgia Sharpe', 'YO1 7HD', 'gigisharpegmailcom-r130', NULL, NULL, NULL, NULL, 'none', NOW(), NOW());
INSERT INTO "User" ("id","email","emailVerified","name","image","password","role","createdAt","updatedAt") VALUES ('legacy_u_131', 'stevehill21@btinternet.com', NOW(), 'Stephen Hill', NULL, '$2a$08$jQC.p0LwMurawIHR6ul7Cek652I2t0t//8JPsJjI3HjlWuU3VRRGC', 'reclamation_yard', NOW(), NOW());
INSERT INTO "SellerProfile" ("id","userId","businessName","displayName","postcode","yardSlug","yardAbout","yardContactPhone","yardWebsiteUrl","yardSocialJson","verificationStatus","createdAt","updatedAt") VALUES ('legacy_sp_131', 'legacy_u_131', 'Stephen Hill', 'Stephen Hill', 'YO1 7HD', 'stevehill21btinternetcom-r131', NULL, NULL, NULL, NULL, 'none', NOW(), NOW());
INSERT INTO "User" ("id","email","emailVerified","name","image","password","role","createdAt","updatedAt") VALUES ('legacy_u_132', 'kullid@hotmail.com', NOW(), 'Kul Dulai', NULL, '$2a$08$sE9JiWBuoFJXPB3C7KT7we0UNX.1EkqO0ji1anIP824fraMuTzeMa', 'reclamation_yard', NOW(), NOW());
INSERT INTO "SellerProfile" ("id","userId","businessName","displayName","postcode","yardSlug","yardAbout","yardContactPhone","yardWebsiteUrl","yardSocialJson","verificationStatus","createdAt","updatedAt") VALUES ('legacy_sp_132', 'legacy_u_132', 'Kul Dulai', 'Kul Dulai', 'YO1 7HD', 'kullid-r132', NULL, NULL, NULL, NULL, 'none', NOW(), NOW());
INSERT INTO "User" ("id","email","emailVerified","name","image","password","role","createdAt","updatedAt") VALUES ('legacy_u_133', 'ryanleecawdron@hotmail.co.uk', NOW(), 'Ryan Cawdron', NULL, '$2a$08$yvluiYenR8hZ7CfLMm4/.OgWLiZ6O9oM.BNjGiARPiG5.NFArk5gy', 'reclamation_yard', NOW(), NOW());
INSERT INTO "SellerProfile" ("id","userId","businessName","displayName","postcode","yardSlug","yardAbout","yardContactPhone","yardWebsiteUrl","yardSocialJson","verificationStatus","createdAt","updatedAt") VALUES ('legacy_sp_133', 'legacy_u_133', 'Ryan Cawdron', 'Ryan Cawdron', 'YO1 7HD', 'ryan-cawdron-r133', NULL, NULL, NULL, NULL, 'none', NOW(), NOW());
INSERT INTO "User" ("id","email","emailVerified","name","image","password","role","createdAt","updatedAt") VALUES ('legacy_u_134', 'roofbasecontractors555@gmail.com', NOW(), 'Paul Bethell', 'https://thereclaimedcompany.com/uploads/profile/avatar_62e64a4f3d91d2-29635011-42896941.jpg', NULL, 'reclamation_yard', NOW(), NOW());
INSERT INTO "SellerProfile" ("id","userId","businessName","displayName","postcode","yardSlug","yardAbout","yardContactPhone","yardWebsiteUrl","yardSocialJson","verificationStatus","createdAt","updatedAt") VALUES ('legacy_sp_134', 'legacy_u_134', 'Paul Bethell', 'Paul Bethell', 'YO1 7HD', 'paul-bethell-r134', NULL, NULL, NULL, NULL, 'none', NOW(), NOW());
INSERT INTO "User" ("id","email","emailVerified","name","image","password","role","createdAt","updatedAt") VALUES ('legacy_u_135', 'mameli2007@hotmail.com', NOW(), 'Marco Pagano', NULL, '$2a$08$3WZnzguCtwDYpAJDxi8ZPOCdLJFpfOX4DkY0TRnY5XfbW4Jojg9ym', 'reclamation_yard', NOW(), NOW());
INSERT INTO "SellerProfile" ("id","userId","businessName","displayName","postcode","yardSlug","yardAbout","yardContactPhone","yardWebsiteUrl","yardSocialJson","verificationStatus","createdAt","updatedAt") VALUES ('legacy_sp_135', 'legacy_u_135', 'Marco Pagano', 'Marco Pagano', 'YO1 7HD', 'marcopagano-r135', NULL, NULL, NULL, NULL, 'none', NOW(), NOW());
INSERT INTO "User" ("id","email","emailVerified","name","image","password","role","createdAt","updatedAt") VALUES ('legacy_u_136', 'ryan_coo@yahoo.com', NOW(), 'Ryan Coo', NULL, '$2a$08$ynzlR1i9.Te/tWjkNF59Gu97sahWoEhsqviTRxglqZX64GMBwTqAm', 'reclamation_yard', NOW(), NOW());
INSERT INTO "SellerProfile" ("id","userId","businessName","displayName","postcode","yardSlug","yardAbout","yardContactPhone","yardWebsiteUrl","yardSocialJson","verificationStatus","createdAt","updatedAt") VALUES ('legacy_sp_136', 'legacy_u_136', 'Ryan Coo', 'Ryan Coo', 'YO1 7HD', 'coo2306-r136', NULL, NULL, NULL, NULL, 'none', NOW(), NOW());
INSERT INTO "User" ("id","email","emailVerified","name","image","password","role","createdAt","updatedAt") VALUES ('legacy_u_137', 'ghedde@gmail.com', NOW(), 'Hedde', 'https://thereclaimedcompany.com/uploads/profile/avatar_62ea990d29bad5-18125472-83962101.jpg', NULL, 'reclamation_yard', NOW(), NOW());
INSERT INTO "SellerProfile" ("id","userId","businessName","displayName","postcode","yardSlug","yardAbout","yardContactPhone","yardWebsiteUrl","yardSocialJson","verificationStatus","createdAt","updatedAt") VALUES ('legacy_sp_137', 'legacy_u_137', 'Hedde', 'Hedde', 'YO1 7HD', 'hedde-r137', NULL, NULL, NULL, NULL, 'none', NOW(), NOW());
INSERT INTO "User" ("id","email","emailVerified","name","image","password","role","createdAt","updatedAt") VALUES ('legacy_u_138', 'bentashbwfc@hotmail.co.uk', NOW(), 'Paul Banks', NULL, '$2a$08$N.Bk7en9MyrSS3UdzLoU5us5cTzsPw6F2k8c8fqAMPnuy68ExMFWW', 'reclamation_yard', NOW(), NOW());
INSERT INTO "SellerProfile" ("id","userId","businessName","displayName","postcode","yardSlug","yardAbout","yardContactPhone","yardWebsiteUrl","yardSocialJson","verificationStatus","createdAt","updatedAt") VALUES ('legacy_sp_138', 'legacy_u_138', 'Paul Banks', 'Paul Banks', 'YO1 7HD', 'paul-r138', NULL, NULL, NULL, NULL, 'none', NOW(), NOW());
INSERT INTO "User" ("id","email","emailVerified","name","image","password","role","createdAt","updatedAt") VALUES ('legacy_u_139', 'leyshonzi@protonmail.com', NOW(), 'james leyshon', NULL, '$2a$08$widPWO3MqjIR000ugMKqMOmdW/jx72C/ZH5kQCQUTSe6w.eFzg7Ay', 'reclamation_yard', NOW(), NOW());
INSERT INTO "SellerProfile" ("id","userId","businessName","displayName","postcode","yardSlug","yardAbout","yardContactPhone","yardWebsiteUrl","yardSocialJson","verificationStatus","createdAt","updatedAt") VALUES ('legacy_sp_139', 'legacy_u_139', 'james leyshon', 'james leyshon', 'YO1 7HD', 'leyshonzi-r139', NULL, NULL, NULL, NULL, 'none', NOW(), NOW());
INSERT INTO "User" ("id","email","emailVerified","name","image","password","role","createdAt","updatedAt") VALUES ('legacy_u_140', 'cathryn@fieldandfawcett.co.uk', NOW(), 'Cathryn Fawcett', NULL, '$2a$08$jA.gdB9kmdtO9aE0P3YvledHZkoZ.5O2ACtQgtdmm6vYGoPAejeyC', 'reclamation_yard', NOW(), NOW());
INSERT INTO "SellerProfile" ("id","userId","businessName","displayName","postcode","yardSlug","yardAbout","yardContactPhone","yardWebsiteUrl","yardSocialJson","verificationStatus","createdAt","updatedAt") VALUES ('legacy_sp_140', 'legacy_u_140', 'Cathryn Fawcett', 'Cathryn Fawcett', 'YO1 7HD', 'cathryn-r140', NULL, NULL, NULL, NULL, 'none', NOW(), NOW());
INSERT INTO "User" ("id","email","emailVerified","name","image","password","role","createdAt","updatedAt") VALUES ('legacy_u_141', 'tlukearcher@gmail.com', NOW(), 'Tom Archer', 'https://thereclaimedcompany.com/uploads/profile/avatar_62f60a94dc8d77-40921742-11175193.jpg', NULL, 'reclamation_yard', NOW(), NOW());
INSERT INTO "SellerProfile" ("id","userId","businessName","displayName","postcode","yardSlug","yardAbout","yardContactPhone","yardWebsiteUrl","yardSocialJson","verificationStatus","createdAt","updatedAt") VALUES ('legacy_sp_141', 'legacy_u_141', 'Tom Archer', 'Tom Archer', 'YO1 7HD', 'tom-archer-r141', NULL, NULL, NULL, NULL, 'none', NOW(), NOW());
INSERT INTO "User" ("id","email","emailVerified","name","image","password","role","createdAt","updatedAt") VALUES ('legacy_u_142', 'grantvlok@hotmail.com', NOW(), 'Grant Vlok', NULL, '$2a$08$7lSJPRLkzwNSJyz14TvwAu725kbw1eJC9jH0dTMCSTbY/VorhQ9Qa', 'reclamation_yard', NOW(), NOW());
INSERT INTO "SellerProfile" ("id","userId","businessName","displayName","postcode","yardSlug","yardAbout","yardContactPhone","yardWebsiteUrl","yardSocialJson","verificationStatus","createdAt","updatedAt") VALUES ('legacy_sp_142', 'legacy_u_142', 'Grant Vlok', 'Grant Vlok', 'YO1 7HD', 'grantvlokhotmailcom-r142', NULL, NULL, NULL, NULL, 'none', NOW(), NOW());
INSERT INTO "User" ("id","email","emailVerified","name","image","password","role","createdAt","updatedAt") VALUES ('legacy_u_143', 'cb@cburraway.co.uk', NOW(), 'caroline burraway', NULL, '$2a$08$5qmA0tpJRXlFxwhBZOn.MOcSa9NHCDFKcSxYSicfxnzpLilxNhSji', 'reclamation_yard', NOW(), NOW());
INSERT INTO "SellerProfile" ("id","userId","businessName","displayName","postcode","yardSlug","yardAbout","yardContactPhone","yardWebsiteUrl","yardSocialJson","verificationStatus","createdAt","updatedAt") VALUES ('legacy_sp_143', 'legacy_u_143', 'caroline burraway', 'caroline burraway', 'YO1 7HD', 'cbcburrawaycouk-r143', NULL, NULL, NULL, NULL, 'none', NOW(), NOW());
INSERT INTO "User" ("id","email","emailVerified","name","image","password","role","createdAt","updatedAt") VALUES ('legacy_u_144', 'aegircrest@aol.com', NOW(), 'Paul Smith', NULL, '$2a$08$tiy..8KxDSymz1HVKVo3r.n1DrUyEigVmMCNNEgAR9kBLKuKPvmlK', 'reclamation_yard', NOW(), NOW());
INSERT INTO "SellerProfile" ("id","userId","businessName","displayName","postcode","yardSlug","yardAbout","yardContactPhone","yardWebsiteUrl","yardSocialJson","verificationStatus","createdAt","updatedAt") VALUES ('legacy_sp_144', 'legacy_u_144', 'Paul Smith', 'Paul Smith', 'YO1 7HD', 'aegircrest-r144', NULL, NULL, NULL, NULL, 'none', NOW(), NOW());
INSERT INTO "User" ("id","email","emailVerified","name","image","password","role","createdAt","updatedAt") VALUES ('legacy_u_145', 'tobiadekola8@gmail.com', NOW(), 'Tobi Adekola', 'https://thereclaimedcompany.com/uploads/profile/avatar_630e2195b47889-38296369-19442890.jpg', NULL, 'reclamation_yard', NOW(), NOW());
INSERT INTO "SellerProfile" ("id","userId","businessName","displayName","postcode","yardSlug","yardAbout","yardContactPhone","yardWebsiteUrl","yardSocialJson","verificationStatus","createdAt","updatedAt") VALUES ('legacy_sp_145', 'legacy_u_145', 'Tobi Adekola', 'Tobi Adekola', 'YO1 7HD', 'tobi-adekola-r145', NULL, NULL, NULL, NULL, 'none', NOW(), NOW());
INSERT INTO "User" ("id","email","emailVerified","name","image","password","role","createdAt","updatedAt") VALUES ('legacy_u_146', 'mattsfamily@ntlworld.com', NOW(), 'Alison Matts', NULL, '$2a$08$LnFFzx51zcER9SBKGNRl5uVAsBiiJoeDDUE4gD1OsnxOKxGCNS9tG', 'reclamation_yard', NOW(), NOW());
INSERT INTO "SellerProfile" ("id","userId","businessName","displayName","postcode","yardSlug","yardAbout","yardContactPhone","yardWebsiteUrl","yardSocialJson","verificationStatus","createdAt","updatedAt") VALUES ('legacy_sp_146', 'legacy_u_146', 'Alison Matts', 'Alison Matts', 'YO1 7HD', 'alimatts-r146', NULL, NULL, NULL, NULL, 'none', NOW(), NOW());
INSERT INTO "User" ("id","email","emailVerified","name","image","password","role","createdAt","updatedAt") VALUES ('legacy_u_147', 'assuredbuildingservices@gmail.com', NOW(), 'andy fewkes', 'https://thereclaimedcompany.com/uploads/profile/avatar_631330bee337f6-37502832-15576256.jpg', NULL, 'reclamation_yard', NOW(), NOW());
INSERT INTO "SellerProfile" ("id","userId","businessName","displayName","postcode","yardSlug","yardAbout","yardContactPhone","yardWebsiteUrl","yardSocialJson","verificationStatus","createdAt","updatedAt") VALUES ('legacy_sp_147', 'legacy_u_147', 'andy fewkes', 'andy fewkes', 'YO1 7HD', 'andy-fewkes-r147', NULL, NULL, NULL, NULL, 'none', NOW(), NOW());
INSERT INTO "User" ("id","email","emailVerified","name","image","password","role","createdAt","updatedAt") VALUES ('legacy_u_148', 'marc2taylor@yahoo.co.uk', NOW(), 'Christopher Taylor', NULL, '$2a$08$fuYng9ADnfMFo0MwxkAmEuFa81TZ0HOSYkv7y1janrjsx5tliTPdC', 'reclamation_yard', NOW(), NOW());
INSERT INTO "SellerProfile" ("id","userId","businessName","displayName","postcode","yardSlug","yardAbout","yardContactPhone","yardWebsiteUrl","yardSocialJson","verificationStatus","createdAt","updatedAt") VALUES ('legacy_sp_148', 'legacy_u_148', 'Christopher Taylor', 'Christopher Taylor', 'YO1 7HD', 'marctaylornearyork-r148', NULL, NULL, NULL, NULL, 'none', NOW(), NOW());
INSERT INTO "User" ("id","email","emailVerified","name","image","password","role","createdAt","updatedAt") VALUES ('legacy_u_149', 'rolandeuripides@yahoo.co.uk', NOW(), 'roland euripides', NULL, '$2a$08$GDi8ejaxha7bDlQWhPLTY.WlWAcDzwy3NLZMOMf7OEAPuHfruYt1m', 'reclamation_yard', NOW(), NOW());
INSERT INTO "SellerProfile" ("id","userId","businessName","displayName","postcode","yardSlug","yardAbout","yardContactPhone","yardWebsiteUrl","yardSocialJson","verificationStatus","createdAt","updatedAt") VALUES ('legacy_sp_149', 'legacy_u_149', 'roland euripides', 'roland euripides', 'YO1 7HD', 'rolandeuripidesyahoocouk-r149', NULL, NULL, NULL, NULL, 'none', NOW(), NOW());
INSERT INTO "User" ("id","email","emailVerified","name","image","password","role","createdAt","updatedAt") VALUES ('legacy_u_150', 'roxanne_dawkins@yahoo.com', NOW(), 'Roxanne  Dawkins', NULL, '$2a$08$H4WMBVKTQbf51tRLGnmFuOL/0fsgottJqVFHeUgaift4A1kszv.aC', 'reclamation_yard', NOW(), NOW());
INSERT INTO "SellerProfile" ("id","userId","businessName","displayName","postcode","yardSlug","yardAbout","yardContactPhone","yardWebsiteUrl","yardSocialJson","verificationStatus","createdAt","updatedAt") VALUES ('legacy_sp_150', 'legacy_u_150', 'Roxanne  Dawkins', 'Roxanne  Dawkins', 'YO1 7HD', 'roxanne-dawkinsyahoocom-r150', NULL, NULL, NULL, NULL, 'none', NOW(), NOW());
INSERT INTO "User" ("id","email","emailVerified","name","image","password","role","createdAt","updatedAt") VALUES ('legacy_u_151', 'robharris86@hotmail.co.uk', NOW(), 'ROBERT HARRIS', NULL, '$2a$08$dqL4Jzga.L1mRMVZSuQf4OW4ojeDvn0FfM9ln/GNz30wZNyDJLxa.', 'reclamation_yard', NOW(), NOW());
INSERT INTO "SellerProfile" ("id","userId","businessName","displayName","postcode","yardSlug","yardAbout","yardContactPhone","yardWebsiteUrl","yardSocialJson","verificationStatus","createdAt","updatedAt") VALUES ('legacy_sp_151', 'legacy_u_151', 'ROBERT HARRIS', 'ROBERT HARRIS', 'YO1 7HD', 'robharris86hotmailcouk-r151', NULL, NULL, NULL, NULL, 'none', NOW(), NOW());
INSERT INTO "User" ("id","email","emailVerified","name","image","password","role","createdAt","updatedAt") VALUES ('legacy_u_152', 'justynpoppitt@outlook.com', NOW(), 'justyn poppitt', NULL, '$2a$08$Cu.zr/YkPu4AEtW6FIQICONSDFZaBFjn00tJZOnDP.qPeOOFqvWC6', 'reclamation_yard', NOW(), NOW());
INSERT INTO "SellerProfile" ("id","userId","businessName","displayName","postcode","yardSlug","yardAbout","yardContactPhone","yardWebsiteUrl","yardSocialJson","verificationStatus","createdAt","updatedAt") VALUES ('legacy_sp_152', 'legacy_u_152', 'justyn poppitt', 'justyn poppitt', 'YO1 7HD', 'justynpoppittoutlookcom-r152', NULL, NULL, NULL, NULL, 'none', NOW(), NOW());
INSERT INTO "User" ("id","email","emailVerified","name","image","password","role","createdAt","updatedAt") VALUES ('legacy_u_153', 'heattransfers@me.com', NOW(), 'darren stevenson', NULL, '$2a$08$gCV7YHcxYuMyvH9hHl81r.b7z/zwDWjcNPOxUsOIHg6inkhucWGla', 'reclamation_yard', NOW(), NOW());
INSERT INTO "SellerProfile" ("id","userId","businessName","displayName","postcode","yardSlug","yardAbout","yardContactPhone","yardWebsiteUrl","yardSocialJson","verificationStatus","createdAt","updatedAt") VALUES ('legacy_sp_153', 'legacy_u_153', 'darren stevenson', 'darren stevenson', 'YO1 7HD', 'transferman-r153', NULL, NULL, NULL, NULL, 'none', NOW(), NOW());
INSERT INTO "User" ("id","email","emailVerified","name","image","password","role","createdAt","updatedAt") VALUES ('legacy_u_154', 't.orourke@mail.com', NOW(), 'Tracy Orourke', NULL, '$2a$08$nUJblcLYcXp8XsaOzqxoUu5efMKqQGmAAEyT2DptXupTprZxzQQvm', 'reclamation_yard', NOW(), NOW());
INSERT INTO "SellerProfile" ("id","userId","businessName","displayName","postcode","yardSlug","yardAbout","yardContactPhone","yardWebsiteUrl","yardSocialJson","verificationStatus","createdAt","updatedAt") VALUES ('legacy_sp_154', 'legacy_u_154', 'Tracy Orourke', 'Tracy Orourke', 'YO1 7HD', 'torourkemailcom-r154', NULL, NULL, NULL, NULL, 'none', NOW(), NOW());
INSERT INTO "User" ("id","email","emailVerified","name","image","password","role","createdAt","updatedAt") VALUES ('legacy_u_155', 'bijesh.patel@gmail.com', NOW(), 'Bijesh Patel', NULL, '$2a$08$KONW9UKXxnDRt8jAH6FVGO0SDkWJAqPB.WspXhv/UGYFI39xQmzeG', 'reclamation_yard', NOW(), NOW());
INSERT INTO "SellerProfile" ("id","userId","businessName","displayName","postcode","yardSlug","yardAbout","yardContactPhone","yardWebsiteUrl","yardSocialJson","verificationStatus","createdAt","updatedAt") VALUES ('legacy_sp_155', 'legacy_u_155', 'Bijesh Patel', 'Bijesh Patel', 'YO1 7HD', 'bpatel-r155', NULL, NULL, NULL, NULL, 'none', NOW(), NOW());
INSERT INTO "User" ("id","email","emailVerified","name","image","password","role","createdAt","updatedAt") VALUES ('legacy_u_156', 'johnstuartgilbert@gmail.com', NOW(), 'John Gilbert', 'https://thereclaimedcompany.com/uploads/profile/avatar_633f2d617a22e2-11894937-96147676.jpg', NULL, 'reclamation_yard', NOW(), NOW());
INSERT INTO "SellerProfile" ("id","userId","businessName","displayName","postcode","yardSlug","yardAbout","yardContactPhone","yardWebsiteUrl","yardSocialJson","verificationStatus","createdAt","updatedAt") VALUES ('legacy_sp_156', 'legacy_u_156', 'John Gilbert', 'John Gilbert', 'YO1 7HD', 'john-gilbert-r156', NULL, NULL, NULL, NULL, 'none', NOW(), NOW());
INSERT INTO "User" ("id","email","emailVerified","name","image","password","role","createdAt","updatedAt") VALUES ('legacy_u_157', 'sunosteo1@gmail.com', NOW(), 'Kathryn Haslam', 'https://thereclaimedcompany.com/uploads/profile/avatar_635076718e8955-86669675-61902792.jpg', NULL, 'reclamation_yard', NOW(), NOW());
INSERT INTO "SellerProfile" ("id","userId","businessName","displayName","postcode","yardSlug","yardAbout","yardContactPhone","yardWebsiteUrl","yardSocialJson","verificationStatus","createdAt","updatedAt") VALUES ('legacy_sp_157', 'legacy_u_157', 'Kathryn Haslam', 'Kathryn Haslam', 'YO1 7HD', 'kathryn-haslam-r157', NULL, NULL, NULL, NULL, 'none', NOW(), NOW());
INSERT INTO "User" ("id","email","emailVerified","name","image","password","role","createdAt","updatedAt") VALUES ('legacy_u_158', 'andybache76@gmail.com', NOW(), 'Andy Bache', NULL, '$2a$08$RYqozI5LoRNAxtmuRnceCOtn0AIOy15uPA9UKXI3mmG1UpdhO0XPe', 'reclamation_yard', NOW(), NOW());
INSERT INTO "SellerProfile" ("id","userId","businessName","displayName","postcode","yardSlug","yardAbout","yardContactPhone","yardWebsiteUrl","yardSocialJson","verificationStatus","createdAt","updatedAt") VALUES ('legacy_sp_158', 'legacy_u_158', 'Andy Bache', 'Andy Bache', 'YO1 7HD', 'bachey-r158', NULL, NULL, NULL, NULL, 'none', NOW(), NOW());
INSERT INTO "User" ("id","email","emailVerified","name","image","password","role","createdAt","updatedAt") VALUES ('legacy_u_159', 'garethj062@gmail.com', NOW(), 'Gareth Jones', NULL, '$2a$08$Hg/0rODupH.HKtoj.aXWieljpZxCDkw3tMzxKMY4/s4sqk2j1gjk.', 'reclamation_yard', NOW(), NOW());
INSERT INTO "SellerProfile" ("id","userId","businessName","displayName","postcode","yardSlug","yardAbout","yardContactPhone","yardWebsiteUrl","yardSocialJson","verificationStatus","createdAt","updatedAt") VALUES ('legacy_sp_159', 'legacy_u_159', 'Gareth Jones', 'Gareth Jones', 'YO1 7HD', 'garethjones62-r159', NULL, NULL, NULL, NULL, 'none', NOW(), NOW());
INSERT INTO "User" ("id","email","emailVerified","name","image","password","role","createdAt","updatedAt") VALUES ('legacy_u_160', 'cjanehearn@gmail.com', NOW(), 'Jane Hearn', 'https://thereclaimedcompany.com/uploads/profile/avatar_635d0e1fa214e2-21723823-23885560.jpg', NULL, 'reclamation_yard', NOW(), NOW());
INSERT INTO "SellerProfile" ("id","userId","businessName","displayName","postcode","yardSlug","yardAbout","yardContactPhone","yardWebsiteUrl","yardSocialJson","verificationStatus","createdAt","updatedAt") VALUES ('legacy_sp_160', 'legacy_u_160', 'Jane Hearn', 'Jane Hearn', 'YO1 7HD', 'jane-hearn-r160', NULL, NULL, NULL, NULL, 'none', NOW(), NOW());
INSERT INTO "User" ("id","email","emailVerified","name","image","password","role","createdAt","updatedAt") VALUES ('legacy_u_161', 'pam.andrews1@me.com', NOW(), 'Pamela Andrews', NULL, '$2a$08$YnAuKW6i1bs51kfEu0aN3OqFdgh8Cc.dqiQoo5vNWUr1bc.qRX7Ya', 'reclamation_yard', NOW(), NOW());
INSERT INTO "SellerProfile" ("id","userId","businessName","displayName","postcode","yardSlug","yardAbout","yardContactPhone","yardWebsiteUrl","yardSocialJson","verificationStatus","createdAt","updatedAt") VALUES ('legacy_sp_161', 'legacy_u_161', 'Pamela Andrews', 'Pamela Andrews', 'YO1 7HD', 'emmielou-r161', NULL, NULL, NULL, NULL, 'none', NOW(), NOW());

INSERT INTO "Listing" (
"id","sellerId","title","sellerReference","description","price","condition","categoryId","postcode","lat","lng","images","status","listingKind","pricingMode","unitsAvailable","offersDelivery","deliveryCostPence","auctionEndsAt","visibleOnMarketplace","createdAt","updatedAt"
) VALUES (
'legacy_l_1','legacy_u_1','Bedside table lamp on reclaimed timber','GR420Z1Y6','Detailed Specifications: - Base Dimensions: 33cm x 11.5 cm - Height Dimensions: 27cm - Cable: 1.5m long, black cable - Weight: 2kg (4.4lbs) - Maximum Bulb Wattage: 60 Watt - Voltage: 110-240V - Socket: E26/E27 - Switch: Included - black in-line cord switch - Plug: Included - UK plug (3 pins) alternative plugs available EU & US Included in the package are: 1. Lamp base 2. Black cord 3. Plug 4. In-line Switch',8500,'used',(SELECT "id" FROM "Category" WHERE "slug" = 'other' LIMIT 1),'hx5 0px',53.6846543,-1.8404989,ARRAY['https://thereclaimedcompany.com/uploads/images/202107/img_1920x_60fe886c703de1-27308462-47509698.jpg','https://thereclaimedcompany.com/uploads/images/202107/img_1920x_60fe886b0d2128-79052979-44406810.jpg','https://thereclaimedcompany.com/uploads/images/202107/img_1920x_60fe886b9af997-59756230-41952604.jpg']::text[],'active','sell','LOT',NULL,true,25,NULL,true,'2021-07-23T13:33:53Z'::timestamptz,'2021-07-23T13:33:53Z'::timestamptz);

INSERT INTO "Listing" (
"id","sellerId","title","sellerReference","description","price","condition","categoryId","postcode","lat","lng","images","status","listingKind","pricingMode","unitsAvailable","offersDelivery","deliveryCostPence","auctionEndsAt","visibleOnMarketplace","createdAt","updatedAt"
) VALUES (
'legacy_l_3','legacy_u_2','Weathered Tiles','GR5F1O1L1','Tiles from a recent roof repair 100 available weathered brown/grey',250,'used',(SELECT "id" FROM "Category" WHERE "slug" = 'other' LIMIT 1),NULL,NULL,NULL,ARRAY['https://thereclaimedcompany.com/uploads/images/202107/img_1920x_60fad5f40161b0-00803163-11642935.jpeg']::text[],'active','sell','PER_UNIT',100,false,NULL,NULL,true,'2021-07-23T14:46:35Z'::timestamptz,'2021-07-23T14:46:35Z'::timestamptz);

INSERT INTO "Listing" (
"id","sellerId","title","sellerReference","description","price","condition","categoryId","postcode","lat","lng","images","status","listingKind","pricingMode","unitsAvailable","offersDelivery","deliveryCostPence","auctionEndsAt","visibleOnMarketplace","createdAt","updatedAt"
) VALUES (
'legacy_l_4','legacy_u_2','Seawings 355 hardtop sportscruiser from Hardy',NULL,'The Pearl 43 is an evolution of the Pearl 41, only the second boat from what was a fledgling British boat builder in the early noughties (its first boat was the larger Pearl 45). The hull is actually based on a John Bennett design for the Humber 40 with a modified transom. The big change to the 43 is a usefully larger bathing platform capable of supporting a tender.',0,'used',(SELECT "id" FROM "Category" WHERE "slug" = 'other' LIMIT 1),NULL,NULL,NULL,ARRAY['https://thereclaimedcompany.com/uploads/images/202107/img_1920x_60fad6beae3e76-38941666-91505780.jpg']::text[],'active','auction','LOT',NULL,false,NULL,'2021-08-02T15:40:18Z'::timestamptz,true,'2021-07-23T14:49:46Z'::timestamptz,'2021-07-23T14:49:46Z'::timestamptz);

INSERT INTO "Listing" (
"id","sellerId","title","sellerReference","description","price","condition","categoryId","postcode","lat","lng","images","status","listingKind","pricingMode","unitsAvailable","offersDelivery","deliveryCostPence","auctionEndsAt","visibleOnMarketplace","createdAt","updatedAt"
) VALUES (
'legacy_l_5','legacy_u_2','Roll Top Ridge Tile',NULL,'Order online from the reclaimed company.',800,'used',(SELECT "id" FROM "Category" WHERE "slug" = 'other' LIMIT 1),NULL,NULL,NULL,ARRAY['https://thereclaimedcompany.com/uploads/images/202107/img_1920x_60fae6a66ad1d1-09846583-90010586.jpg']::text[],'active','sell','LOT',NULL,false,NULL,NULL,true,'2021-07-23T15:56:22Z'::timestamptz,'2021-07-23T15:56:22Z'::timestamptz);

INSERT INTO "Listing" (
"id","sellerId","title","sellerReference","description","price","condition","categoryId","postcode","lat","lng","images","status","listingKind","pricingMode","unitsAvailable","offersDelivery","deliveryCostPence","auctionEndsAt","visibleOnMarketplace","createdAt","updatedAt"
) VALUES (
'legacy_l_6','legacy_u_2','Clay Angle Capped Ridge Tile (natural red)',NULL,'Order online from the reclaimed company.',500,'used',(SELECT "id" FROM "Category" WHERE "slug" = 'other' LIMIT 1),NULL,NULL,NULL,ARRAY['https://thereclaimedcompany.com/uploads/images/202107/img_1920x_60fae6a76d4407-48734039-48426969.jpg']::text[],'active','sell','PER_UNIT',154,false,NULL,NULL,true,'2021-07-23T15:56:23Z'::timestamptz,'2021-07-23T15:56:23Z'::timestamptz);

INSERT INTO "Listing" (
"id","sellerId","title","sellerReference","description","price","condition","categoryId","postcode","lat","lng","images","status","listingKind","pricingMode","unitsAvailable","offersDelivery","deliveryCostPence","auctionEndsAt","visibleOnMarketplace","createdAt","updatedAt"
) VALUES (
'legacy_l_7','legacy_u_2','Plain Angle Clay Ridge Tile',NULL,'Order online from the reclaimed company.',450,'used',(SELECT "id" FROM "Category" WHERE "slug" = 'other' LIMIT 1),NULL,NULL,NULL,ARRAY['https://thereclaimedcompany.com/uploads/images/202107/img_1920x_60fae6a87d3e16-05032602-83647400.jpg']::text[],'active','sell','LOT',NULL,false,NULL,NULL,true,'2021-07-23T15:56:24Z'::timestamptz,'2021-07-23T15:56:24Z'::timestamptz);

INSERT INTO "Listing" (
"id","sellerId","title","sellerReference","description","price","condition","categoryId","postcode","lat","lng","images","status","listingKind","pricingMode","unitsAvailable","offersDelivery","deliveryCostPence","auctionEndsAt","visibleOnMarketplace","createdAt","updatedAt"
) VALUES (
'legacy_l_8','legacy_u_2','Decorative Clay Ridge Tile',NULL,'Order online from the reclaimed company.',800,'used',(SELECT "id" FROM "Category" WHERE "slug" = 'other' LIMIT 1),NULL,NULL,NULL,ARRAY['https://thereclaimedcompany.com/uploads/images/202107/img_1920x_60fae6a9272503-25050577-55965142.jpg']::text[],'active','sell','LOT',NULL,false,NULL,NULL,true,'2021-07-23T15:56:25Z'::timestamptz,'2021-07-23T15:56:25Z'::timestamptz);

INSERT INTO "Listing" (
"id","sellerId","title","sellerReference","description","price","condition","categoryId","postcode","lat","lng","images","status","listingKind","pricingMode","unitsAvailable","offersDelivery","deliveryCostPence","auctionEndsAt","visibleOnMarketplace","createdAt","updatedAt"
) VALUES (
'legacy_l_9','legacy_u_2','Plain Angled Red Ridge',NULL,'Order online from the reclaimed company.',1000,'used',(SELECT "id" FROM "Category" WHERE "slug" = 'other' LIMIT 1),NULL,NULL,NULL,ARRAY['https://thereclaimedcompany.com/uploads/images/202107/img_1920x_60fae6a9796be4-80676176-35407106.jpg']::text[],'active','sell','LOT',NULL,false,NULL,NULL,true,'2021-07-23T15:56:25Z'::timestamptz,'2021-07-23T15:56:25Z'::timestamptz);

INSERT INTO "Listing" (
"id","sellerId","title","sellerReference","description","price","condition","categoryId","postcode","lat","lng","images","status","listingKind","pricingMode","unitsAvailable","offersDelivery","deliveryCostPence","auctionEndsAt","visibleOnMarketplace","createdAt","updatedAt"
) VALUES (
'legacy_l_10','legacy_u_2','Blue Angle Capped Ridge (Shallow)',NULL,'Order online from the reclaimed company.',1000,'used',(SELECT "id" FROM "Category" WHERE "slug" = 'other' LIMIT 1),NULL,NULL,NULL,ARRAY['https://thereclaimedcompany.com/uploads/images/202107/img_1920x_60fae6a9ee23f6-01111559-77330941.jpg']::text[],'active','sell','LOT',NULL,false,NULL,NULL,true,'2021-07-23T15:56:25Z'::timestamptz,'2021-07-23T15:56:25Z'::timestamptz);

INSERT INTO "Listing" (
"id","sellerId","title","sellerReference","description","price","condition","categoryId","postcode","lat","lng","images","status","listingKind","pricingMode","unitsAvailable","offersDelivery","deliveryCostPence","auctionEndsAt","visibleOnMarketplace","createdAt","updatedAt"
) VALUES (
'legacy_l_11','legacy_u_2','Staffordshire Blue Angled Ridge',NULL,'Order online from the reclaimed company.',1000,'used',(SELECT "id" FROM "Category" WHERE "slug" = 'other' LIMIT 1),NULL,NULL,NULL,ARRAY['https://thereclaimedcompany.com/uploads/images/202107/img_1920x_60fae6aab49189-29921324-46179400.jpg']::text[],'active','sell','LOT',NULL,false,NULL,NULL,true,'2021-07-23T15:56:26Z'::timestamptz,'2021-07-23T15:56:26Z'::timestamptz);

INSERT INTO "Listing" (
"id","sellerId","title","sellerReference","description","price","condition","categoryId","postcode","lat","lng","images","status","listingKind","pricingMode","unitsAvailable","offersDelivery","deliveryCostPence","auctionEndsAt","visibleOnMarketplace","createdAt","updatedAt"
) VALUES (
'legacy_l_12','legacy_u_2','Decorative Ridge Tile',NULL,'Order online from the reclaimed company.',3000,'used',(SELECT "id" FROM "Category" WHERE "slug" = 'other' LIMIT 1),NULL,NULL,NULL,ARRAY[]::text[],'active','sell','LOT',NULL,false,NULL,NULL,true,'2021-07-23T15:56:27Z'::timestamptz,'2021-07-23T15:56:27Z'::timestamptz);

INSERT INTO "Listing" (
"id","sellerId","title","sellerReference","description","price","condition","categoryId","postcode","lat","lng","images","status","listingKind","pricingMode","unitsAvailable","offersDelivery","deliveryCostPence","auctionEndsAt","visibleOnMarketplace","createdAt","updatedAt"
) VALUES (
'legacy_l_13','legacy_u_2','Over Tile',NULL,'Order online from the reclaimed company.',1000,'used',(SELECT "id" FROM "Category" WHERE "slug" = 'other' LIMIT 1),NULL,NULL,NULL,ARRAY['https://thereclaimedcompany.com/uploads/images/202107/img_1920x_60fae6c18b5145-98722715-46259338.jpg']::text[],'active','sell','LOT',NULL,false,NULL,NULL,true,'2021-07-23T15:56:49Z'::timestamptz,'2021-07-23T15:56:49Z'::timestamptz);

INSERT INTO "Listing" (
"id","sellerId","title","sellerReference","description","price","condition","categoryId","postcode","lat","lng","images","status","listingKind","pricingMode","unitsAvailable","offersDelivery","deliveryCostPence","auctionEndsAt","visibleOnMarketplace","createdAt","updatedAt"
) VALUES (
'legacy_l_14','legacy_u_2','Tegelen Dutch clay ridge tile',NULL,'Order online from the reclaimed company.',1000,'used',(SELECT "id" FROM "Category" WHERE "slug" = 'other' LIMIT 1),NULL,NULL,NULL,ARRAY[]::text[],'active','sell','LOT',NULL,false,NULL,NULL,true,'2021-07-23T15:56:49Z'::timestamptz,'2021-07-23T15:56:49Z'::timestamptz);

INSERT INTO "Listing" (
"id","sellerId","title","sellerReference","description","price","condition","categoryId","postcode","lat","lng","images","status","listingKind","pricingMode","unitsAvailable","offersDelivery","deliveryCostPence","auctionEndsAt","visibleOnMarketplace","createdAt","updatedAt"
) VALUES (
'legacy_l_15','legacy_u_2','Stone Ridge 001',NULL,'Order online from the reclaimed company.',3900,'used',(SELECT "id" FROM "Category" WHERE "slug" = 'other' LIMIT 1),NULL,NULL,NULL,ARRAY['https://thereclaimedcompany.com/uploads/images/202107/img_1920x_60fae6d7486107-46147844-29772053.jpg']::text[],'active','sell','LOT',NULL,false,NULL,NULL,true,'2021-07-23T15:57:11Z'::timestamptz,'2021-07-23T15:57:11Z'::timestamptz);

INSERT INTO "Listing" (
"id","sellerId","title","sellerReference","description","price","condition","categoryId","postcode","lat","lng","images","status","listingKind","pricingMode","unitsAvailable","offersDelivery","deliveryCostPence","auctionEndsAt","visibleOnMarketplace","createdAt","updatedAt"
) VALUES (
'legacy_l_16','legacy_u_2','Stone Ridge 002',NULL,'Order online from the reclaimed company.',3900,'used',(SELECT "id" FROM "Category" WHERE "slug" = 'other' LIMIT 1),NULL,NULL,NULL,ARRAY['https://thereclaimedcompany.com/uploads/images/202107/img_1920x_60fae6d7ce4c90-90454389-33960784.jpg']::text[],'active','sell','LOT',NULL,false,NULL,NULL,true,'2021-07-23T15:57:11Z'::timestamptz,'2021-07-23T15:57:11Z'::timestamptz);

INSERT INTO "Listing" (
"id","sellerId","title","sellerReference","description","price","condition","categoryId","postcode","lat","lng","images","status","listingKind","pricingMode","unitsAvailable","offersDelivery","deliveryCostPence","auctionEndsAt","visibleOnMarketplace","createdAt","updatedAt"
) VALUES (
'legacy_l_17','legacy_u_2','Stone Ridge 004',NULL,'Order online from the reclaimed company.',20000,'used',(SELECT "id" FROM "Category" WHERE "slug" = 'other' LIMIT 1),NULL,NULL,NULL,ARRAY['https://thereclaimedcompany.com/uploads/images/202107/img_1920x_60fae6d84b9634-44793209-45755087.jpg']::text[],'active','sell','LOT',NULL,false,NULL,NULL,true,'2021-07-23T15:57:12Z'::timestamptz,'2021-07-23T15:57:12Z'::timestamptz);

INSERT INTO "Listing" (
"id","sellerId","title","sellerReference","description","price","condition","categoryId","postcode","lat","lng","images","status","listingKind","pricingMode","unitsAvailable","offersDelivery","deliveryCostPence","auctionEndsAt","visibleOnMarketplace","createdAt","updatedAt"
) VALUES (
'legacy_l_18','legacy_u_2','Stone Ridge 005',NULL,'Order online from the reclaimed company.',3900,'used',(SELECT "id" FROM "Category" WHERE "slug" = 'other' LIMIT 1),NULL,NULL,NULL,ARRAY['https://thereclaimedcompany.com/uploads/images/202107/img_1920x_60fae6d92eb4e2-78338242-61172280.jpg']::text[],'active','sell','LOT',NULL,false,NULL,NULL,true,'2021-07-23T15:57:12Z'::timestamptz,'2021-07-23T15:57:12Z'::timestamptz);

INSERT INTO "Listing" (
"id","sellerId","title","sellerReference","description","price","condition","categoryId","postcode","lat","lng","images","status","listingKind","pricingMode","unitsAvailable","offersDelivery","deliveryCostPence","auctionEndsAt","visibleOnMarketplace","createdAt","updatedAt"
) VALUES (
'legacy_l_19','legacy_u_2','Stone Ridge 006',NULL,'Order online from the reclaimed company.',3900,'used',(SELECT "id" FROM "Category" WHERE "slug" = 'other' LIMIT 1),NULL,NULL,NULL,ARRAY['https://thereclaimedcompany.com/uploads/images/202107/img_1920x_60fae6d9bde290-89142630-22262954.jpg']::text[],'active','sell','LOT',NULL,false,NULL,NULL,true,'2021-07-23T15:57:13Z'::timestamptz,'2021-07-23T15:57:13Z'::timestamptz);

INSERT INTO "Listing" (
"id","sellerId","title","sellerReference","description","price","condition","categoryId","postcode","lat","lng","images","status","listingKind","pricingMode","unitsAvailable","offersDelivery","deliveryCostPence","auctionEndsAt","visibleOnMarketplace","createdAt","updatedAt"
) VALUES (
'legacy_l_20','legacy_u_2','J.Caddick & Son - Block End Ridge',NULL,'Order online from the reclaimed company.',1000,'used',(SELECT "id" FROM "Category" WHERE "slug" = 'other' LIMIT 1),NULL,NULL,NULL,ARRAY[]::text[],'active','sell','LOT',NULL,false,NULL,NULL,true,'2021-07-23T15:57:14Z'::timestamptz,'2021-07-23T15:57:14Z'::timestamptz);

INSERT INTO "Listing" (
"id","sellerId","title","sellerReference","description","price","condition","categoryId","postcode","lat","lng","images","status","listingKind","pricingMode","unitsAvailable","offersDelivery","deliveryCostPence","auctionEndsAt","visibleOnMarketplace","createdAt","updatedAt"
) VALUES (
'legacy_l_21','legacy_u_2','Half Round Clay Ridge | J.Caddick',NULL,'Order online from the reclaimed company.',1000,'used',(SELECT "id" FROM "Category" WHERE "slug" = 'other' LIMIT 1),NULL,NULL,NULL,ARRAY['https://thereclaimedcompany.com/uploads/images/202107/img_1920x_60fae6e7521777-49748456-11269289.jpg']::text[],'active','sell','LOT',NULL,false,NULL,NULL,true,'2021-07-23T15:57:27Z'::timestamptz,'2021-07-23T15:57:27Z'::timestamptz);

INSERT INTO "Listing" (
"id","sellerId","title","sellerReference","description","price","condition","categoryId","postcode","lat","lng","images","status","listingKind","pricingMode","unitsAvailable","offersDelivery","deliveryCostPence","auctionEndsAt","visibleOnMarketplace","createdAt","updatedAt"
) VALUES (
'legacy_l_22','legacy_u_2','Half Round Ridge Tile',NULL,'Order online from the reclaimed company.',450,'used',(SELECT "id" FROM "Category" WHERE "slug" = 'other' LIMIT 1),NULL,NULL,NULL,ARRAY['https://thereclaimedcompany.com/uploads/images/202107/img_1920x_60fae6e81ca217-07706841-59588210.jpg']::text[],'active','sell','LOT',NULL,false,NULL,NULL,true,'2021-07-23T15:57:27Z'::timestamptz,'2021-07-23T15:57:27Z'::timestamptz);

INSERT INTO "Listing" (
"id","sellerId","title","sellerReference","description","price","condition","categoryId","postcode","lat","lng","images","status","listingKind","pricingMode","unitsAvailable","offersDelivery","deliveryCostPence","auctionEndsAt","visibleOnMarketplace","createdAt","updatedAt"
) VALUES (
'legacy_l_23','legacy_u_2','Staffordshire Blue Angle Capped Ridge',NULL,'Order online from the reclaimed company.',450,'used',(SELECT "id" FROM "Category" WHERE "slug" = 'other' LIMIT 1),NULL,NULL,NULL,ARRAY['https://thereclaimedcompany.com/uploads/images/202107/img_1920x_60fae6e8de7d76-89799931-92415863.jpg']::text[],'active','sell','LOT',NULL,false,NULL,NULL,true,'2021-07-23T15:57:28Z'::timestamptz,'2021-07-23T15:57:28Z'::timestamptz);

INSERT INTO "Listing" (
"id","sellerId","title","sellerReference","description","price","condition","categoryId","postcode","lat","lng","images","status","listingKind","pricingMode","unitsAvailable","offersDelivery","deliveryCostPence","auctionEndsAt","visibleOnMarketplace","createdAt","updatedAt"
) VALUES (
'legacy_l_24','legacy_u_2','Angle Capped Ridge',NULL,'Order online from the reclaimed company.',450,'used',(SELECT "id" FROM "Category" WHERE "slug" = 'other' LIMIT 1),NULL,NULL,NULL,ARRAY['https://thereclaimedcompany.com/uploads/images/202107/img_1920x_60fae6e98f0217-62807069-26259391.jpg']::text[],'active','sell','LOT',NULL,false,NULL,NULL,true,'2021-07-23T15:57:29Z'::timestamptz,'2021-07-23T15:57:29Z'::timestamptz);

INSERT INTO "Listing" (
"id","sellerId","title","sellerReference","description","price","condition","categoryId","postcode","lat","lng","images","status","listingKind","pricingMode","unitsAvailable","offersDelivery","deliveryCostPence","auctionEndsAt","visibleOnMarketplace","createdAt","updatedAt"
) VALUES (
'legacy_l_25','legacy_u_2','Curved Handmade Clay Ridge Tile',NULL,'Order online from the reclaimed company.',600,'used',(SELECT "id" FROM "Category" WHERE "slug" = 'other' LIMIT 1),NULL,NULL,NULL,ARRAY['https://thereclaimedcompany.com/uploads/images/202107/img_1920x_60fae6ea4265f3-81001920-40317063.jpg']::text[],'active','sell','LOT',NULL,false,NULL,NULL,true,'2021-07-23T15:57:30Z'::timestamptz,'2021-07-23T15:57:30Z'::timestamptz);

INSERT INTO "Listing" (
"id","sellerId","title","sellerReference","description","price","condition","categoryId","postcode","lat","lng","images","status","listingKind","pricingMode","unitsAvailable","offersDelivery","deliveryCostPence","auctionEndsAt","visibleOnMarketplace","createdAt","updatedAt"
) VALUES (
'legacy_l_26','legacy_u_2','Roll Top Ridge 455mm',NULL,'Order online from the reclaimed company.',700,'used',(SELECT "id" FROM "Category" WHERE "slug" = 'other' LIMIT 1),NULL,NULL,NULL,ARRAY['https://thereclaimedcompany.com/uploads/images/202107/img_1920x_60fae6eada2153-41932599-85273719.jpg']::text[],'active','sell','LOT',NULL,false,NULL,NULL,true,'2021-07-23T15:57:30Z'::timestamptz,'2021-07-23T15:57:30Z'::timestamptz);

INSERT INTO "Listing" (
"id","sellerId","title","sellerReference","description","price","condition","categoryId","postcode","lat","lng","images","status","listingKind","pricingMode","unitsAvailable","offersDelivery","deliveryCostPence","auctionEndsAt","visibleOnMarketplace","createdAt","updatedAt"
) VALUES (
'legacy_l_27','legacy_u_2','Roll Top Ridge 300mm',NULL,'Order online from the reclaimed company.',500,'used',(SELECT "id" FROM "Category" WHERE "slug" = 'other' LIMIT 1),NULL,NULL,NULL,ARRAY['https://thereclaimedcompany.com/uploads/images/202107/img_1920x_60fae6eb494913-37669094-62028060.jpg']::text[],'active','sell','LOT',NULL,false,NULL,NULL,true,'2021-07-23T15:57:31Z'::timestamptz,'2021-07-23T15:57:31Z'::timestamptz);

INSERT INTO "Listing" (
"id","sellerId","title","sellerReference","description","price","condition","categoryId","postcode","lat","lng","images","status","listingKind","pricingMode","unitsAvailable","offersDelivery","deliveryCostPence","auctionEndsAt","visibleOnMarketplace","createdAt","updatedAt"
) VALUES (
'legacy_l_28','legacy_u_2','94 Decorative ridge tiles',NULL,'Order online from the reclaimed company.',800,'used',(SELECT "id" FROM "Category" WHERE "slug" = 'other' LIMIT 1),NULL,NULL,NULL,ARRAY['https://thereclaimedcompany.com/uploads/images/202107/img_1920x_60fae6ebe286c0-00798333-70144175.jpg']::text[],'active','sell','LOT',NULL,false,NULL,NULL,true,'2021-07-23T15:57:31Z'::timestamptz,'2021-07-23T15:57:31Z'::timestamptz);

INSERT INTO "Listing" (
"id","sellerId","title","sellerReference","description","price","condition","categoryId","postcode","lat","lng","images","status","listingKind","pricingMode","unitsAvailable","offersDelivery","deliveryCostPence","auctionEndsAt","visibleOnMarketplace","createdAt","updatedAt"
) VALUES (
'legacy_l_29','legacy_u_2','Plain Tile 01',NULL,'Order online from the reclaimed company.',100,'used',(SELECT "id" FROM "Category" WHERE "slug" = 'other' LIMIT 1),NULL,NULL,NULL,ARRAY['https://thereclaimedcompany.com/uploads/images/202107/img_1920x_60fae6ec72b465-56990969-35413416.jpg']::text[],'active','sell','LOT',NULL,false,NULL,NULL,true,'2021-07-23T15:57:32Z'::timestamptz,'2021-07-23T15:57:32Z'::timestamptz);

INSERT INTO "Listing" (
"id","sellerId","title","sellerReference","description","price","condition","categoryId","postcode","lat","lng","images","status","listingKind","pricingMode","unitsAvailable","offersDelivery","deliveryCostPence","auctionEndsAt","visibleOnMarketplace","createdAt","updatedAt"
) VALUES (
'legacy_l_30','legacy_u_2','Goxhill Plain Tile',NULL,'Order online from the reclaimed company.',100,'used',(SELECT "id" FROM "Category" WHERE "slug" = 'other' LIMIT 1),NULL,NULL,NULL,ARRAY['https://thereclaimedcompany.com/uploads/images/202107/img_1920x_60fae6ed485491-51277556-72016093.jpg']::text[],'active','sell','LOT',NULL,false,NULL,NULL,true,'2021-07-23T15:57:33Z'::timestamptz,'2021-07-23T15:57:33Z'::timestamptz);

INSERT INTO "Listing" (
"id","sellerId","title","sellerReference","description","price","condition","categoryId","postcode","lat","lng","images","status","listingKind","pricingMode","unitsAvailable","offersDelivery","deliveryCostPence","auctionEndsAt","visibleOnMarketplace","createdAt","updatedAt"
) VALUES (
'legacy_l_31','legacy_u_2','Acme Plain Tile',NULL,'Order online from the reclaimed company.',100,'used',(SELECT "id" FROM "Category" WHERE "slug" = 'other' LIMIT 1),NULL,NULL,NULL,ARRAY['https://thereclaimedcompany.com/uploads/images/202107/img_1920x_60fae6ee5cea68-96102654-82460175.jpg']::text[],'active','sell','LOT',NULL,false,NULL,NULL,true,'2021-07-23T15:57:34Z'::timestamptz,'2021-07-23T15:57:34Z'::timestamptz);

INSERT INTO "Listing" (
"id","sellerId","title","sellerReference","description","price","condition","categoryId","postcode","lat","lng","images","status","listingKind","pricingMode","unitsAvailable","offersDelivery","deliveryCostPence","auctionEndsAt","visibleOnMarketplace","createdAt","updatedAt"
) VALUES (
'legacy_l_32','legacy_u_2','Dreadnought Plain Tile',NULL,'Order online from the reclaimed company.',100,'used',(SELECT "id" FROM "Category" WHERE "slug" = 'other' LIMIT 1),NULL,NULL,NULL,ARRAY['https://thereclaimedcompany.com/uploads/images/202107/img_1920x_60fae6ef4aa323-60884488-63108688.jpg']::text[],'active','sell','LOT',NULL,false,NULL,NULL,true,'2021-07-23T15:57:35Z'::timestamptz,'2021-07-23T15:57:35Z'::timestamptz);

INSERT INTO "Listing" (
"id","sellerId","title","sellerReference","description","price","condition","categoryId","postcode","lat","lng","images","status","listingKind","pricingMode","unitsAvailable","offersDelivery","deliveryCostPence","auctionEndsAt","visibleOnMarketplace","createdAt","updatedAt"
) VALUES (
'legacy_l_33','legacy_u_2','Plain Peg Tile',NULL,'Order online from the reclaimed company.',100,'used',(SELECT "id" FROM "Category" WHERE "slug" = 'other' LIMIT 1),NULL,NULL,NULL,ARRAY['https://thereclaimedcompany.com/uploads/images/202107/img_1920x_60fae6efa8f794-11963757-31681686.jpg']::text[],'active','sell','LOT',NULL,false,NULL,NULL,true,'2021-07-23T15:57:35Z'::timestamptz,'2021-07-23T15:57:35Z'::timestamptz);

INSERT INTO "Listing" (
"id","sellerId","title","sellerReference","description","price","condition","categoryId","postcode","lat","lng","images","status","listingKind","pricingMode","unitsAvailable","offersDelivery","deliveryCostPence","auctionEndsAt","visibleOnMarketplace","createdAt","updatedAt"
) VALUES (
'legacy_l_34','legacy_u_2','Handmade Roman Tile',NULL,'Order online from the reclaimed company.',400,'used',(SELECT "id" FROM "Category" WHERE "slug" = 'other' LIMIT 1),NULL,NULL,NULL,ARRAY['https://thereclaimedcompany.com/uploads/images/202107/img_1920x_60fae6efed5805-77971606-55407836.jpg']::text[],'active','sell','PER_UNIT',790,false,NULL,NULL,true,'2021-07-23T15:57:35Z'::timestamptz,'2021-07-23T15:57:35Z'::timestamptz);

INSERT INTO "Listing" (
"id","sellerId","title","sellerReference","description","price","condition","categoryId","postcode","lat","lng","images","status","listingKind","pricingMode","unitsAvailable","offersDelivery","deliveryCostPence","auctionEndsAt","visibleOnMarketplace","createdAt","updatedAt"
) VALUES (
'legacy_l_35','legacy_u_2','Triton Plain Tile',NULL,'Order online from the reclaimed company.',100,'used',(SELECT "id" FROM "Category" WHERE "slug" = 'other' LIMIT 1),NULL,NULL,NULL,ARRAY['https://thereclaimedcompany.com/uploads/images/202107/img_1920x_60fae6f049cf22-47728364-96891593.jpg']::text[],'active','sell','LOT',NULL,false,NULL,NULL,true,'2021-07-23T15:57:36Z'::timestamptz,'2021-07-23T15:57:36Z'::timestamptz);

INSERT INTO "Listing" (
"id","sellerId","title","sellerReference","description","price","condition","categoryId","postcode","lat","lng","images","status","listingKind","pricingMode","unitsAvailable","offersDelivery","deliveryCostPence","auctionEndsAt","visibleOnMarketplace","createdAt","updatedAt"
) VALUES (
'legacy_l_36','legacy_u_2','Tucker Loughborough Plain Tile',NULL,'Order online from the reclaimed company.',125,'used',(SELECT "id" FROM "Category" WHERE "slug" = 'other' LIMIT 1),NULL,NULL,NULL,ARRAY['https://thereclaimedcompany.com/uploads/images/202107/img_1920x_60fae6f0c1b2a2-38711370-19302929.jpg']::text[],'active','sell','PER_UNIT',998,false,NULL,NULL,true,'2021-07-23T15:57:36Z'::timestamptz,'2021-07-23T15:57:36Z'::timestamptz);

INSERT INTO "Listing" (
"id","sellerId","title","sellerReference","description","price","condition","categoryId","postcode","lat","lng","images","status","listingKind","pricingMode","unitsAvailable","offersDelivery","deliveryCostPence","auctionEndsAt","visibleOnMarketplace","createdAt","updatedAt"
) VALUES (
'legacy_l_37','legacy_u_2','Handmade Clay Plain Tile',NULL,'Order online from the reclaimed company.',100,'used',(SELECT "id" FROM "Category" WHERE "slug" = 'other' LIMIT 1),NULL,NULL,NULL,ARRAY['https://thereclaimedcompany.com/uploads/images/202107/img_1920x_60fae6f10878c1-51887229-44328068.jpg']::text[],'active','sell','LOT',NULL,false,NULL,NULL,true,'2021-07-23T15:57:36Z'::timestamptz,'2021-07-23T15:57:36Z'::timestamptz);

INSERT INTO "Listing" (
"id","sellerId","title","sellerReference","description","price","condition","categoryId","postcode","lat","lng","images","status","listingKind","pricingMode","unitsAvailable","offersDelivery","deliveryCostPence","auctionEndsAt","visibleOnMarketplace","createdAt","updatedAt"
) VALUES (
'legacy_l_38','legacy_u_2','CELTIC',NULL,'Order online from the reclaimed company.',100,'used',(SELECT "id" FROM "Category" WHERE "slug" = 'other' LIMIT 1),NULL,NULL,NULL,ARRAY['https://thereclaimedcompany.com/uploads/images/202107/img_1920x_60fae6f1636a49-51541914-34603758.jpg']::text[],'active','sell','LOT',NULL,false,NULL,NULL,true,'2021-07-23T15:57:37Z'::timestamptz,'2021-07-23T15:57:37Z'::timestamptz);

INSERT INTO "Listing" (
"id","sellerId","title","sellerReference","description","price","condition","categoryId","postcode","lat","lng","images","status","listingKind","pricingMode","unitsAvailable","offersDelivery","deliveryCostPence","auctionEndsAt","visibleOnMarketplace","createdAt","updatedAt"
) VALUES (
'legacy_l_39','legacy_u_2','H.Williamson French Tile',NULL,'Order online from the reclaimed company.',100,'used',(SELECT "id" FROM "Category" WHERE "slug" = 'other' LIMIT 1),NULL,NULL,NULL,ARRAY['https://thereclaimedcompany.com/uploads/images/202107/img_1920x_60fae6f1d6bc70-57998735-69206990.jpg']::text[],'active','sell','LOT',NULL,false,NULL,NULL,true,'2021-07-23T15:57:37Z'::timestamptz,'2021-07-23T15:57:37Z'::timestamptz);

INSERT INTO "Listing" (
"id","sellerId","title","sellerReference","description","price","condition","categoryId","postcode","lat","lng","images","status","listingKind","pricingMode","unitsAvailable","offersDelivery","deliveryCostPence","auctionEndsAt","visibleOnMarketplace","createdAt","updatedAt"
) VALUES (
'legacy_l_40','legacy_u_3','Water Tank',NULL,'From a loft',300,'used',(SELECT "id" FROM "Category" WHERE "slug" = 'other' LIMIT 1),NULL,0,0,ARRAY['https://thereclaimedcompany.com/uploads/images/202107/img_1920x_60fb36d65a4e05-24089319-56800099.jpeg']::text[],'active','sell','LOT',NULL,true,1,NULL,true,'2021-07-23T21:39:01Z'::timestamptz,'2021-07-23T21:39:01Z'::timestamptz);

INSERT INTO "Listing" (
"id","sellerId","title","sellerReference","description","price","condition","categoryId","postcode","lat","lng","images","status","listingKind","pricingMode","unitsAvailable","offersDelivery","deliveryCostPence","auctionEndsAt","visibleOnMarketplace","createdAt","updatedAt"
) VALUES (
'legacy_l_41','legacy_u_4','Reclaimed Scaffold Boards 4ft','GRT1K2C2I9','8.5\\" Wide and 1.5\\" thick.',900,'used',(SELECT "id" FROM "Category" WHERE "slug" = 'timber-wood' LIMIT 1),NULL,NULL,NULL,ARRAY['https://thereclaimedcompany.com/uploads/images/202107/img_1920x_60fe8f7ee0f561-81260061-62340835.jpg','https://thereclaimedcompany.com/uploads/images/202107/img_1920x_60fe8f818307f9-44455526-87833828.jpg','https://thereclaimedcompany.com/uploads/images/202107/img_1920x_60fe8f7fc822a3-41062111-92264329.jpg']::text[],'active','sell','PER_UNIT',100,false,NULL,NULL,true,'2021-07-26T10:34:37Z'::timestamptz,'2021-07-26T10:34:37Z'::timestamptz);

INSERT INTO "Listing" (
"id","sellerId","title","sellerReference","description","price","condition","categoryId","postcode","lat","lng","images","status","listingKind","pricingMode","unitsAvailable","offersDelivery","deliveryCostPence","auctionEndsAt","visibleOnMarketplace","createdAt","updatedAt"
) VALUES (
'legacy_l_43','legacy_u_1','2x Rustic bench seats','GRUM11K4','Great for kitchen or hallway',0,'used',(SELECT "id" FROM "Category" WHERE "slug" = 'other' LIMIT 1),NULL,NULL,NULL,ARRAY['https://thereclaimedcompany.com/uploads/images/202107/img_1920x_60fea9b7e546f4-33165871-99082035.jpg']::text[],'active','auction','LOT',NULL,false,NULL,'2021-07-26T12:23:20Z'::timestamptz,true,'2021-07-26T12:23:20Z'::timestamptz,'2021-07-26T12:23:20Z'::timestamptz);

INSERT INTO "Listing" (
"id","sellerId","title","sellerReference","description","price","condition","categoryId","postcode","lat","lng","images","status","listingKind","pricingMode","unitsAvailable","offersDelivery","deliveryCostPence","auctionEndsAt","visibleOnMarketplace","createdAt","updatedAt"
) VALUES (
'legacy_l_44','legacy_u_2','Blue crown top chimney pot (damaged)','563','Order online from The Reclaimed Company',5500,'used',(SELECT "id" FROM "Category" WHERE "slug" = 'hardware-fixtures' LIMIT 1),NULL,NULL,NULL,ARRAY['https://thereclaimedcompany.com/uploads/images/202107/img_1920x_60feb4bd2f9bd3-27372022-17959059.jpg']::text[],'active','sell','LOT',NULL,false,NULL,NULL,true,'2021-07-26T13:12:28Z'::timestamptz,'2021-07-26T13:12:28Z'::timestamptz);

INSERT INTO "Listing" (
"id","sellerId","title","sellerReference","description","price","condition","categoryId","postcode","lat","lng","images","status","listingKind","pricingMode","unitsAvailable","offersDelivery","deliveryCostPence","auctionEndsAt","visibleOnMarketplace","createdAt","updatedAt"
) VALUES (
'legacy_l_45','legacy_u_2','Louvered Chimney Pot','579','Order online from The Reclaimed Company',5500,'used',(SELECT "id" FROM "Category" WHERE "slug" = 'hardware-fixtures' LIMIT 1),NULL,NULL,NULL,ARRAY['https://thereclaimedcompany.com/uploads/images/202107/img_1920x_60feb4be7d1f51-98513236-65817618.jpg']::text[],'active','sell','LOT',NULL,false,NULL,NULL,true,'2021-07-26T13:12:30Z'::timestamptz,'2021-07-26T13:12:30Z'::timestamptz);

INSERT INTO "Listing" (
"id","sellerId","title","sellerReference","description","price","condition","categoryId","postcode","lat","lng","images","status","listingKind","pricingMode","unitsAvailable","offersDelivery","deliveryCostPence","auctionEndsAt","visibleOnMarketplace","createdAt","updatedAt"
) VALUES (
'legacy_l_46','legacy_u_2','Tall louvered chimney pot','589','Order online from The Reclaimed Company',7500,'used',(SELECT "id" FROM "Category" WHERE "slug" = 'hardware-fixtures' LIMIT 1),NULL,NULL,NULL,ARRAY['https://thereclaimedcompany.com/uploads/images/202107/img_1920x_60feb4bfd83208-72642677-12058629.jpg']::text[],'active','sell','LOT',NULL,false,NULL,NULL,true,'2021-07-26T13:12:31Z'::timestamptz,'2021-07-26T13:12:31Z'::timestamptz);

INSERT INTO "Listing" (
"id","sellerId","title","sellerReference","description","price","condition","categoryId","postcode","lat","lng","images","status","listingKind","pricingMode","unitsAvailable","offersDelivery","deliveryCostPence","auctionEndsAt","visibleOnMarketplace","createdAt","updatedAt"
) VALUES (
'legacy_l_47','legacy_u_2','Crown top louvered chimney pot','597','Order online from The Reclaimed Company',7800,'used',(SELECT "id" FROM "Category" WHERE "slug" = 'hardware-fixtures' LIMIT 1),NULL,NULL,NULL,ARRAY['https://thereclaimedcompany.com/uploads/images/202107/img_1920x_60feb4c120e979-35695382-14257140.jpg']::text[],'active','sell','LOT',NULL,false,NULL,NULL,true,'2021-07-26T13:12:32Z'::timestamptz,'2021-07-26T13:12:32Z'::timestamptz);

INSERT INTO "Listing" (
"id","sellerId","title","sellerReference","description","price","condition","categoryId","postcode","lat","lng","images","status","listingKind","pricingMode","unitsAvailable","offersDelivery","deliveryCostPence","auctionEndsAt","visibleOnMarketplace","createdAt","updatedAt"
) VALUES (
'legacy_l_48','legacy_u_2','Louvered Round Chimney Pot','631','Order online from The Reclaimed Company',8500,'used',(SELECT "id" FROM "Category" WHERE "slug" = 'hardware-fixtures' LIMIT 1),NULL,NULL,NULL,ARRAY['https://thereclaimedcompany.com/uploads/images/202107/img_1920x_60feb4c2612867-96400715-88935364.jpg']::text[],'active','sell','LOT',NULL,false,NULL,NULL,true,'2021-07-26T13:12:34Z'::timestamptz,'2021-07-26T13:12:34Z'::timestamptz);

INSERT INTO "Listing" (
"id","sellerId","title","sellerReference","description","price","condition","categoryId","postcode","lat","lng","images","status","listingKind","pricingMode","unitsAvailable","offersDelivery","deliveryCostPence","auctionEndsAt","visibleOnMarketplace","createdAt","updatedAt"
) VALUES (
'legacy_l_49','legacy_u_2','Louvered chimney pot','671','Order online from The Reclaimed Company',7500,'used',(SELECT "id" FROM "Category" WHERE "slug" = 'hardware-fixtures' LIMIT 1),NULL,NULL,NULL,ARRAY['https://thereclaimedcompany.com/uploads/images/202107/img_1920x_60feb4c3a3ae37-87127611-67156272.jpg']::text[],'active','sell','LOT',NULL,false,NULL,NULL,true,'2021-07-26T13:12:35Z'::timestamptz,'2021-07-26T13:12:35Z'::timestamptz);

INSERT INTO "Listing" (
"id","sellerId","title","sellerReference","description","price","condition","categoryId","postcode","lat","lng","images","status","listingKind","pricingMode","unitsAvailable","offersDelivery","deliveryCostPence","auctionEndsAt","visibleOnMarketplace","createdAt","updatedAt"
) VALUES (
'legacy_l_50','legacy_u_2','Hooded chimney pot','683','Order online from The Reclaimed Company',10000,'used',(SELECT "id" FROM "Category" WHERE "slug" = 'hardware-fixtures' LIMIT 1),NULL,NULL,NULL,ARRAY['https://thereclaimedcompany.com/uploads/images/202107/img_1920x_60feb4c4c930b3-88809576-95244756.jpg']::text[],'active','sell','LOT',NULL,false,NULL,NULL,true,'2021-07-26T13:12:36Z'::timestamptz,'2021-07-26T13:12:36Z'::timestamptz);

INSERT INTO "Listing" (
"id","sellerId","title","sellerReference","description","price","condition","categoryId","postcode","lat","lng","images","status","listingKind","pricingMode","unitsAvailable","offersDelivery","deliveryCostPence","auctionEndsAt","visibleOnMarketplace","createdAt","updatedAt"
) VALUES (
'legacy_l_51','legacy_u_2','Small louvered chimney pot','689','Order online from The Reclaimed Company',6500,'used',(SELECT "id" FROM "Category" WHERE "slug" = 'hardware-fixtures' LIMIT 1),NULL,NULL,NULL,ARRAY['https://thereclaimedcompany.com/uploads/images/202107/img_1920x_60feb4c5e342f4-84185748-25713083.jpg']::text[],'active','sell','LOT',NULL,false,NULL,NULL,true,'2021-07-26T13:12:37Z'::timestamptz,'2021-07-26T13:12:37Z'::timestamptz);

INSERT INTO "Listing" (
"id","sellerId","title","sellerReference","description","price","condition","categoryId","postcode","lat","lng","images","status","listingKind","pricingMode","unitsAvailable","offersDelivery","deliveryCostPence","auctionEndsAt","visibleOnMarketplace","createdAt","updatedAt"
) VALUES (
'legacy_l_52','legacy_u_2','Louvered chimney pot','695','Order online from The Reclaimed Company',6500,'used',(SELECT "id" FROM "Category" WHERE "slug" = 'hardware-fixtures' LIMIT 1),NULL,NULL,NULL,ARRAY['https://thereclaimedcompany.com/uploads/images/202107/img_1920x_60feb4c7430de1-47365276-62642707.jpg']::text[],'active','sell','LOT',NULL,false,NULL,NULL,true,'2021-07-26T13:12:38Z'::timestamptz,'2021-07-26T13:12:38Z'::timestamptz);

INSERT INTO "Listing" (
"id","sellerId","title","sellerReference","description","price","condition","categoryId","postcode","lat","lng","images","status","listingKind","pricingMode","unitsAvailable","offersDelivery","deliveryCostPence","auctionEndsAt","visibleOnMarketplace","createdAt","updatedAt"
) VALUES (
'legacy_l_53','legacy_u_2','Chimney Pot 003','2779','Order online from The Reclaimed Company',6000,'used',(SELECT "id" FROM "Category" WHERE "slug" = 'hardware-fixtures' LIMIT 1),NULL,NULL,NULL,ARRAY['https://thereclaimedcompany.com/uploads/images/202107/img_1920x_60feb4c9526371-68343585-60972204.jpg']::text[],'active','sell','LOT',NULL,false,NULL,NULL,true,'2021-07-26T13:12:40Z'::timestamptz,'2021-07-26T13:12:40Z'::timestamptz);

INSERT INTO "Listing" (
"id","sellerId","title","sellerReference","description","price","condition","categoryId","postcode","lat","lng","images","status","listingKind","pricingMode","unitsAvailable","offersDelivery","deliveryCostPence","auctionEndsAt","visibleOnMarketplace","createdAt","updatedAt"
) VALUES (
'legacy_l_54','legacy_u_2','Chimney pot','2784','Order online from The Reclaimed Company',6000,'used',(SELECT "id" FROM "Category" WHERE "slug" = 'hardware-fixtures' LIMIT 1),NULL,NULL,NULL,ARRAY['https://thereclaimedcompany.com/uploads/images/202107/img_1920x_60feb4cc909364-05426106-30342423.jpg']::text[],'active','sell','LOT',NULL,false,NULL,NULL,true,'2021-07-26T13:12:43Z'::timestamptz,'2021-07-26T13:12:43Z'::timestamptz);

INSERT INTO "Listing" (
"id","sellerId","title","sellerReference","description","price","condition","categoryId","postcode","lat","lng","images","status","listingKind","pricingMode","unitsAvailable","offersDelivery","deliveryCostPence","auctionEndsAt","visibleOnMarketplace","createdAt","updatedAt"
) VALUES (
'legacy_l_55','legacy_u_2','Chimney Pot 004','2788','Order online from The Reclaimed Company',3000,'used',(SELECT "id" FROM "Category" WHERE "slug" = 'hardware-fixtures' LIMIT 1),NULL,NULL,NULL,ARRAY['https://thereclaimedcompany.com/uploads/images/202107/img_1920x_60feb4cfade5d5-82879489-94004730.jpg']::text[],'active','sell','LOT',NULL,false,NULL,NULL,true,'2021-07-26T13:12:46Z'::timestamptz,'2021-07-26T13:12:46Z'::timestamptz);

INSERT INTO "Listing" (
"id","sellerId","title","sellerReference","description","price","condition","categoryId","postcode","lat","lng","images","status","listingKind","pricingMode","unitsAvailable","offersDelivery","deliveryCostPence","auctionEndsAt","visibleOnMarketplace","createdAt","updatedAt"
) VALUES (
'legacy_l_56','legacy_u_2','Chimney Pot 001','2814','Order online from The Reclaimed Company',4000,'used',(SELECT "id" FROM "Category" WHERE "slug" = 'hardware-fixtures' LIMIT 1),NULL,NULL,NULL,ARRAY['https://thereclaimedcompany.com/uploads/images/202107/img_1920x_60feb4d2e5d457-18488262-83545931.jpg']::text[],'active','sell','LOT',NULL,false,NULL,NULL,true,'2021-07-26T13:12:49Z'::timestamptz,'2021-07-26T13:12:49Z'::timestamptz);

INSERT INTO "Listing" (
"id","sellerId","title","sellerReference","description","price","condition","categoryId","postcode","lat","lng","images","status","listingKind","pricingMode","unitsAvailable","offersDelivery","deliveryCostPence","auctionEndsAt","visibleOnMarketplace","createdAt","updatedAt"
) VALUES (
'legacy_l_57','legacy_u_2','Chimney Pot 002','2819','Order online from The Reclaimed Company',4000,'used',(SELECT "id" FROM "Category" WHERE "slug" = 'hardware-fixtures' LIMIT 1),NULL,NULL,NULL,ARRAY['https://thereclaimedcompany.com/uploads/images/202107/img_1920x_60feb4d6508fa4-49260358-31802817.jpg']::text[],'active','sell','LOT',NULL,false,NULL,NULL,true,'2021-07-26T13:12:53Z'::timestamptz,'2021-07-26T13:12:53Z'::timestamptz);

INSERT INTO "Listing" (
"id","sellerId","title","sellerReference","description","price","condition","categoryId","postcode","lat","lng","images","status","listingKind","pricingMode","unitsAvailable","offersDelivery","deliveryCostPence","auctionEndsAt","visibleOnMarketplace","createdAt","updatedAt"
) VALUES (
'legacy_l_58','legacy_u_2','Chimney Pot 003','2826','Order online from The Reclaimed Company',2000,'used',(SELECT "id" FROM "Category" WHERE "slug" = 'hardware-fixtures' LIMIT 1),NULL,NULL,NULL,ARRAY['https://thereclaimedcompany.com/uploads/images/202107/img_1920x_60feb4d99b9b24-20721578-40699527.jpg']::text[],'active','sell','LOT',NULL,false,NULL,NULL,true,'2021-07-26T13:12:56Z'::timestamptz,'2021-07-26T13:12:56Z'::timestamptz);

INSERT INTO "Listing" (
"id","sellerId","title","sellerReference","description","price","condition","categoryId","postcode","lat","lng","images","status","listingKind","pricingMode","unitsAvailable","offersDelivery","deliveryCostPence","auctionEndsAt","visibleOnMarketplace","createdAt","updatedAt"
) VALUES (
'legacy_l_59','legacy_u_2','Chimney Pot 004','2832','Order online from The Reclaimed Company',4000,'used',(SELECT "id" FROM "Category" WHERE "slug" = 'hardware-fixtures' LIMIT 1),NULL,NULL,NULL,ARRAY['https://thereclaimedcompany.com/uploads/images/202107/img_1920x_60feb4dcbd6120-21352148-65195789.jpg']::text[],'active','sell','LOT',NULL,false,NULL,NULL,true,'2021-07-26T13:12:59Z'::timestamptz,'2021-07-26T13:12:59Z'::timestamptz);

INSERT INTO "Listing" (
"id","sellerId","title","sellerReference","description","price","condition","categoryId","postcode","lat","lng","images","status","listingKind","pricingMode","unitsAvailable","offersDelivery","deliveryCostPence","auctionEndsAt","visibleOnMarketplace","createdAt","updatedAt"
) VALUES (
'legacy_l_60','legacy_u_2','Chimney Pot 005','2837','Order online from The Reclaimed Company',4000,'used',(SELECT "id" FROM "Category" WHERE "slug" = 'hardware-fixtures' LIMIT 1),NULL,NULL,NULL,ARRAY['https://thereclaimedcompany.com/uploads/images/202107/img_1920x_60feb4dfce8194-09977347-82823303.jpg']::text[],'active','sell','LOT',NULL,false,NULL,NULL,true,'2021-07-26T13:13:02Z'::timestamptz,'2021-07-26T13:13:02Z'::timestamptz);

INSERT INTO "Listing" (
"id","sellerId","title","sellerReference","description","price","condition","categoryId","postcode","lat","lng","images","status","listingKind","pricingMode","unitsAvailable","offersDelivery","deliveryCostPence","auctionEndsAt","visibleOnMarketplace","createdAt","updatedAt"
) VALUES (
'legacy_l_61','legacy_u_2','Chimney Pot 006','2842','Order online from The Reclaimed Company',2500,'used',(SELECT "id" FROM "Category" WHERE "slug" = 'hardware-fixtures' LIMIT 1),NULL,NULL,NULL,ARRAY['https://thereclaimedcompany.com/uploads/images/202107/img_1920x_60feb4e44fafc6-20053116-17078090.jpg']::text[],'active','sell','LOT',NULL,false,NULL,NULL,true,'2021-07-26T13:13:06Z'::timestamptz,'2021-07-26T13:13:06Z'::timestamptz);

INSERT INTO "Listing" (
"id","sellerId","title","sellerReference","description","price","condition","categoryId","postcode","lat","lng","images","status","listingKind","pricingMode","unitsAvailable","offersDelivery","deliveryCostPence","auctionEndsAt","visibleOnMarketplace","createdAt","updatedAt"
) VALUES (
'legacy_l_62','legacy_u_2','Chimney Pot 007','2847','Order online from The Reclaimed Company',4000,'used',(SELECT "id" FROM "Category" WHERE "slug" = 'hardware-fixtures' LIMIT 1),NULL,NULL,NULL,ARRAY['https://thereclaimedcompany.com/uploads/images/202107/img_1920x_60feb4e60d19d7-61188243-22941823.jpg']::text[],'active','sell','LOT',NULL,false,NULL,NULL,true,'2021-07-26T13:13:09Z'::timestamptz,'2021-07-26T13:13:09Z'::timestamptz);

INSERT INTO "Listing" (
"id","sellerId","title","sellerReference","description","price","condition","categoryId","postcode","lat","lng","images","status","listingKind","pricingMode","unitsAvailable","offersDelivery","deliveryCostPence","auctionEndsAt","visibleOnMarketplace","createdAt","updatedAt"
) VALUES (
'legacy_l_63','legacy_u_2','Chimney Pot 008','2852','Order online from The Reclaimed Company',4000,'used',(SELECT "id" FROM "Category" WHERE "slug" = 'hardware-fixtures' LIMIT 1),NULL,NULL,NULL,ARRAY['https://thereclaimedcompany.com/uploads/images/202107/img_1920x_60feb4e97a0dc1-80346159-38986311.jpg']::text[],'active','sell','LOT',NULL,false,NULL,NULL,true,'2021-07-26T13:13:12Z'::timestamptz,'2021-07-26T13:13:12Z'::timestamptz);

INSERT INTO "Listing" (
"id","sellerId","title","sellerReference","description","price","condition","categoryId","postcode","lat","lng","images","status","listingKind","pricingMode","unitsAvailable","offersDelivery","deliveryCostPence","auctionEndsAt","visibleOnMarketplace","createdAt","updatedAt"
) VALUES (
'legacy_l_64','legacy_u_2','Chimney Pot 009','2857','Order online from The Reclaimed Company',4000,'used',(SELECT "id" FROM "Category" WHERE "slug" = 'hardware-fixtures' LIMIT 1),NULL,NULL,NULL,ARRAY['https://thereclaimedcompany.com/uploads/images/202107/img_1920x_60feb4ecd73226-78692417-85227916.jpg']::text[],'active','sell','LOT',NULL,false,NULL,NULL,true,'2021-07-26T13:13:15Z'::timestamptz,'2021-07-26T13:13:15Z'::timestamptz);

INSERT INTO "Listing" (
"id","sellerId","title","sellerReference","description","price","condition","categoryId","postcode","lat","lng","images","status","listingKind","pricingMode","unitsAvailable","offersDelivery","deliveryCostPence","auctionEndsAt","visibleOnMarketplace","createdAt","updatedAt"
) VALUES (
'legacy_l_65','legacy_u_2','Chimney Pot 010','2862','Order online from The Reclaimed Company',4000,'used',(SELECT "id" FROM "Category" WHERE "slug" = 'hardware-fixtures' LIMIT 1),NULL,NULL,NULL,ARRAY['https://thereclaimedcompany.com/uploads/images/202107/img_1920x_60feb4f024cb39-19320419-24699804.jpg']::text[],'active','sell','LOT',NULL,false,NULL,NULL,true,'2021-07-26T13:13:19Z'::timestamptz,'2021-07-26T13:13:19Z'::timestamptz);

INSERT INTO "Listing" (
"id","sellerId","title","sellerReference","description","price","condition","categoryId","postcode","lat","lng","images","status","listingKind","pricingMode","unitsAvailable","offersDelivery","deliveryCostPence","auctionEndsAt","visibleOnMarketplace","createdAt","updatedAt"
) VALUES (
'legacy_l_66','legacy_u_2','Chimney Pot 011','2867','Order online from The Reclaimed Company',4000,'used',(SELECT "id" FROM "Category" WHERE "slug" = 'hardware-fixtures' LIMIT 1),NULL,NULL,NULL,ARRAY['https://thereclaimedcompany.com/uploads/images/202107/img_1920x_60feb4f347e6b6-05770773-89058207.jpg']::text[],'active','sell','LOT',NULL,false,NULL,NULL,true,'2021-07-26T13:13:22Z'::timestamptz,'2021-07-26T13:13:22Z'::timestamptz);

INSERT INTO "Listing" (
"id","sellerId","title","sellerReference","description","price","condition","categoryId","postcode","lat","lng","images","status","listingKind","pricingMode","unitsAvailable","offersDelivery","deliveryCostPence","auctionEndsAt","visibleOnMarketplace","createdAt","updatedAt"
) VALUES (
'legacy_l_67','legacy_u_2','Chimney Pot 012','2872','Order online from The Reclaimed Company',4000,'used',(SELECT "id" FROM "Category" WHERE "slug" = 'hardware-fixtures' LIMIT 1),NULL,NULL,NULL,ARRAY['https://thereclaimedcompany.com/uploads/images/202107/img_1920x_60feb4f65fc439-94785193-52876711.jpg']::text[],'active','sell','LOT',NULL,false,NULL,NULL,true,'2021-07-26T13:13:25Z'::timestamptz,'2021-07-26T13:13:25Z'::timestamptz);

INSERT INTO "Listing" (
"id","sellerId","title","sellerReference","description","price","condition","categoryId","postcode","lat","lng","images","status","listingKind","pricingMode","unitsAvailable","offersDelivery","deliveryCostPence","auctionEndsAt","visibleOnMarketplace","createdAt","updatedAt"
) VALUES (
'legacy_l_68','legacy_u_2','Chimney Pot 013','2878','Order online from The Reclaimed Company',5000,'used',(SELECT "id" FROM "Category" WHERE "slug" = 'hardware-fixtures' LIMIT 1),NULL,NULL,NULL,ARRAY['https://thereclaimedcompany.com/uploads/images/202107/img_1920x_60feb4f8e977c8-28961388-39951676.jpg']::text[],'active','sell','LOT',NULL,false,NULL,NULL,true,'2021-07-26T13:13:28Z'::timestamptz,'2021-07-26T13:13:28Z'::timestamptz);

INSERT INTO "Listing" (
"id","sellerId","title","sellerReference","description","price","condition","categoryId","postcode","lat","lng","images","status","listingKind","pricingMode","unitsAvailable","offersDelivery","deliveryCostPence","auctionEndsAt","visibleOnMarketplace","createdAt","updatedAt"
) VALUES (
'legacy_l_69','legacy_u_2','Chimney Pot 014','2883','Order online from The Reclaimed Company',4000,'used',(SELECT "id" FROM "Category" WHERE "slug" = 'hardware-fixtures' LIMIT 1),NULL,NULL,NULL,ARRAY['https://thereclaimedcompany.com/uploads/images/202107/img_1920x_60feb4fa36dd63-02715087-85161847.jpg']::text[],'active','sell','LOT',NULL,false,NULL,NULL,true,'2021-07-26T13:13:29Z'::timestamptz,'2021-07-26T13:13:29Z'::timestamptz);

INSERT INTO "Listing" (
"id","sellerId","title","sellerReference","description","price","condition","categoryId","postcode","lat","lng","images","status","listingKind","pricingMode","unitsAvailable","offersDelivery","deliveryCostPence","auctionEndsAt","visibleOnMarketplace","createdAt","updatedAt"
) VALUES (
'legacy_l_70','legacy_u_2','Chimney Pot 015','2889','Order online from The Reclaimed Company',4000,'used',(SELECT "id" FROM "Category" WHERE "slug" = 'hardware-fixtures' LIMIT 1),NULL,NULL,NULL,ARRAY['https://thereclaimedcompany.com/uploads/images/202107/img_1920x_60feb4fb784110-40805014-98404339.jpg']::text[],'active','sell','LOT',NULL,false,NULL,NULL,true,'2021-07-26T13:13:31Z'::timestamptz,'2021-07-26T13:13:31Z'::timestamptz);

INSERT INTO "Listing" (
"id","sellerId","title","sellerReference","description","price","condition","categoryId","postcode","lat","lng","images","status","listingKind","pricingMode","unitsAvailable","offersDelivery","deliveryCostPence","auctionEndsAt","visibleOnMarketplace","createdAt","updatedAt"
) VALUES (
'legacy_l_71','legacy_u_2','Chimney Pot 016','2893','Order online from The Reclaimed Company',4000,'used',(SELECT "id" FROM "Category" WHERE "slug" = 'hardware-fixtures' LIMIT 1),NULL,NULL,NULL,ARRAY['https://thereclaimedcompany.com/uploads/images/202107/img_1920x_60feb4fca255c4-25476695-42075599.jpg']::text[],'active','sell','LOT',NULL,false,NULL,NULL,true,'2021-07-26T13:13:32Z'::timestamptz,'2021-07-26T13:13:32Z'::timestamptz);

INSERT INTO "Listing" (
"id","sellerId","title","sellerReference","description","price","condition","categoryId","postcode","lat","lng","images","status","listingKind","pricingMode","unitsAvailable","offersDelivery","deliveryCostPence","auctionEndsAt","visibleOnMarketplace","createdAt","updatedAt"
) VALUES (
'legacy_l_72','legacy_u_2','Chimney Pot 017','2899','Order online from The Reclaimed Company',4000,'used',(SELECT "id" FROM "Category" WHERE "slug" = 'hardware-fixtures' LIMIT 1),NULL,NULL,NULL,ARRAY['https://thereclaimedcompany.com/uploads/images/202107/img_1920x_60feb4fdd61550-04257153-38412381.jpg']::text[],'active','sell','LOT',NULL,false,NULL,NULL,true,'2021-07-26T13:13:33Z'::timestamptz,'2021-07-26T13:13:33Z'::timestamptz);

INSERT INTO "Listing" (
"id","sellerId","title","sellerReference","description","price","condition","categoryId","postcode","lat","lng","images","status","listingKind","pricingMode","unitsAvailable","offersDelivery","deliveryCostPence","auctionEndsAt","visibleOnMarketplace","createdAt","updatedAt"
) VALUES (
'legacy_l_73','legacy_u_2','Chimney Pot 018','2904','Order online from The Reclaimed Company',4000,'used',(SELECT "id" FROM "Category" WHERE "slug" = 'hardware-fixtures' LIMIT 1),NULL,NULL,NULL,ARRAY['https://thereclaimedcompany.com/uploads/images/202107/img_1920x_60feb4ff9de8f8-93414991-56132920.jpg']::text[],'active','sell','LOT',NULL,false,NULL,NULL,true,'2021-07-26T13:13:34Z'::timestamptz,'2021-07-26T13:13:34Z'::timestamptz);

INSERT INTO "Listing" (
"id","sellerId","title","sellerReference","description","price","condition","categoryId","postcode","lat","lng","images","status","listingKind","pricingMode","unitsAvailable","offersDelivery","deliveryCostPence","auctionEndsAt","visibleOnMarketplace","createdAt","updatedAt"
) VALUES (
'legacy_l_74','legacy_u_2','Chimney Pot 019','2910','Order online from The Reclaimed Company',4000,'used',(SELECT "id" FROM "Category" WHERE "slug" = 'hardware-fixtures' LIMIT 1),NULL,NULL,NULL,ARRAY['https://thereclaimedcompany.com/uploads/images/202107/img_1920x_60feb50315d407-61424419-59531517.jpg']::text[],'active','sell','LOT',NULL,false,NULL,NULL,true,'2021-07-26T13:13:38Z'::timestamptz,'2021-07-26T13:13:38Z'::timestamptz);

INSERT INTO "Listing" (
"id","sellerId","title","sellerReference","description","price","condition","categoryId","postcode","lat","lng","images","status","listingKind","pricingMode","unitsAvailable","offersDelivery","deliveryCostPence","auctionEndsAt","visibleOnMarketplace","createdAt","updatedAt"
) VALUES (
'legacy_l_75','legacy_u_2','Chimney Pot 020','2915','Order online from The Reclaimed Company',4000,'used',(SELECT "id" FROM "Category" WHERE "slug" = 'hardware-fixtures' LIMIT 1),NULL,NULL,NULL,ARRAY['https://thereclaimedcompany.com/uploads/images/202107/img_1920x_60feb505c881c7-55246051-36194715.jpg']::text[],'active','sell','LOT',NULL,false,NULL,NULL,true,'2021-07-26T13:13:41Z'::timestamptz,'2021-07-26T13:13:41Z'::timestamptz);

INSERT INTO "Listing" (
"id","sellerId","title","sellerReference","description","price","condition","categoryId","postcode","lat","lng","images","status","listingKind","pricingMode","unitsAvailable","offersDelivery","deliveryCostPence","auctionEndsAt","visibleOnMarketplace","createdAt","updatedAt"
) VALUES (
'legacy_l_76','legacy_u_2','Chimney Pot 021','2920','Order online from The Reclaimed Company',4000,'used',(SELECT "id" FROM "Category" WHERE "slug" = 'hardware-fixtures' LIMIT 1),NULL,NULL,NULL,ARRAY['https://thereclaimedcompany.com/uploads/images/202107/img_1920x_60feb5071ed117-21396902-87651324.jpg']::text[],'active','sell','LOT',NULL,false,NULL,NULL,true,'2021-07-26T13:13:42Z'::timestamptz,'2021-07-26T13:13:42Z'::timestamptz);

INSERT INTO "Listing" (
"id","sellerId","title","sellerReference","description","price","condition","categoryId","postcode","lat","lng","images","status","listingKind","pricingMode","unitsAvailable","offersDelivery","deliveryCostPence","auctionEndsAt","visibleOnMarketplace","createdAt","updatedAt"
) VALUES (
'legacy_l_77','legacy_u_2','Chimney Pot 022','2925','Order online from The Reclaimed Company',4000,'used',(SELECT "id" FROM "Category" WHERE "slug" = 'hardware-fixtures' LIMIT 1),NULL,NULL,NULL,ARRAY['https://thereclaimedcompany.com/uploads/images/202107/img_1920x_60feb508d45642-19107376-96034847.jpg']::text[],'active','sell','LOT',NULL,false,NULL,NULL,true,'2021-07-26T13:13:43Z'::timestamptz,'2021-07-26T13:13:43Z'::timestamptz);

INSERT INTO "Listing" (
"id","sellerId","title","sellerReference","description","price","condition","categoryId","postcode","lat","lng","images","status","listingKind","pricingMode","unitsAvailable","offersDelivery","deliveryCostPence","auctionEndsAt","visibleOnMarketplace","createdAt","updatedAt"
) VALUES (
'legacy_l_78','legacy_u_2','Chimney Pot 023','2935','Order online from The Reclaimed Company',4000,'used',(SELECT "id" FROM "Category" WHERE "slug" = 'hardware-fixtures' LIMIT 1),NULL,NULL,NULL,ARRAY['https://thereclaimedcompany.com/uploads/images/202107/img_1920x_60feb50c457ed7-72223798-21125650.jpg']::text[],'active','sell','LOT',NULL,false,NULL,NULL,true,'2021-07-26T13:13:47Z'::timestamptz,'2021-07-26T13:13:47Z'::timestamptz);

INSERT INTO "Listing" (
"id","sellerId","title","sellerReference","description","price","condition","categoryId","postcode","lat","lng","images","status","listingKind","pricingMode","unitsAvailable","offersDelivery","deliveryCostPence","auctionEndsAt","visibleOnMarketplace","createdAt","updatedAt"
) VALUES (
'legacy_l_79','legacy_u_2','Chimney Pot 024','2936','Order online from The Reclaimed Company',4000,'used',(SELECT "id" FROM "Category" WHERE "slug" = 'hardware-fixtures' LIMIT 1),NULL,NULL,NULL,ARRAY['https://thereclaimedcompany.com/uploads/images/202107/img_1920x_60feb510484a64-43365246-25707491.jpg']::text[],'active','sell','LOT',NULL,false,NULL,NULL,true,'2021-07-26T13:13:51Z'::timestamptz,'2021-07-26T13:13:51Z'::timestamptz);

INSERT INTO "Listing" (
"id","sellerId","title","sellerReference","description","price","condition","categoryId","postcode","lat","lng","images","status","listingKind","pricingMode","unitsAvailable","offersDelivery","deliveryCostPence","auctionEndsAt","visibleOnMarketplace","createdAt","updatedAt"
) VALUES (
'legacy_l_80','legacy_u_2','Chimney Pot 025','2941','Order online from The Reclaimed Company',4000,'used',(SELECT "id" FROM "Category" WHERE "slug" = 'hardware-fixtures' LIMIT 1),NULL,NULL,NULL,ARRAY['https://thereclaimedcompany.com/uploads/images/202107/img_1920x_60feb514a13ab4-12717218-85235175.jpg']::text[],'active','sell','LOT',NULL,false,NULL,NULL,true,'2021-07-26T13:13:56Z'::timestamptz,'2021-07-26T13:13:56Z'::timestamptz);

INSERT INTO "Listing" (
"id","sellerId","title","sellerReference","description","price","condition","categoryId","postcode","lat","lng","images","status","listingKind","pricingMode","unitsAvailable","offersDelivery","deliveryCostPence","auctionEndsAt","visibleOnMarketplace","createdAt","updatedAt"
) VALUES (
'legacy_l_81','legacy_u_2','Chimney Pot 026','2945','Order online from The Reclaimed Company',4000,'used',(SELECT "id" FROM "Category" WHERE "slug" = 'hardware-fixtures' LIMIT 1),NULL,NULL,NULL,ARRAY['https://thereclaimedcompany.com/uploads/images/202107/img_1920x_60feb516777354-43202489-26229341.jpg']::text[],'active','sell','LOT',NULL,false,NULL,NULL,true,'2021-07-26T13:13:57Z'::timestamptz,'2021-07-26T13:13:57Z'::timestamptz);

INSERT INTO "Listing" (
"id","sellerId","title","sellerReference","description","price","condition","categoryId","postcode","lat","lng","images","status","listingKind","pricingMode","unitsAvailable","offersDelivery","deliveryCostPence","auctionEndsAt","visibleOnMarketplace","createdAt","updatedAt"
) VALUES (
'legacy_l_82','legacy_u_2','Chimney Pot 028','2955','Order online from The Reclaimed Company',3500,'used',(SELECT "id" FROM "Category" WHERE "slug" = 'hardware-fixtures' LIMIT 1),NULL,NULL,NULL,ARRAY['https://thereclaimedcompany.com/uploads/images/202107/img_1920x_60feb51b795ae1-53921145-68211260.jpg']::text[],'active','sell','LOT',NULL,false,NULL,NULL,true,'2021-07-26T13:14:02Z'::timestamptz,'2021-07-26T13:14:02Z'::timestamptz);

INSERT INTO "Listing" (
"id","sellerId","title","sellerReference","description","price","condition","categoryId","postcode","lat","lng","images","status","listingKind","pricingMode","unitsAvailable","offersDelivery","deliveryCostPence","auctionEndsAt","visibleOnMarketplace","createdAt","updatedAt"
) VALUES (
'legacy_l_83','legacy_u_2','Hood top chimney pot','2977','Order online from The Reclaimed Company',4500,'used',(SELECT "id" FROM "Category" WHERE "slug" = 'hardware-fixtures' LIMIT 1),NULL,NULL,NULL,ARRAY['https://thereclaimedcompany.com/uploads/images/202107/img_1920x_60feb521627ff4-26344347-60673110.jpg']::text[],'active','sell','LOT',NULL,false,NULL,NULL,true,'2021-07-26T13:14:05Z'::timestamptz,'2021-07-26T13:14:05Z'::timestamptz);

INSERT INTO "Listing" (
"id","sellerId","title","sellerReference","description","price","condition","categoryId","postcode","lat","lng","images","status","listingKind","pricingMode","unitsAvailable","offersDelivery","deliveryCostPence","auctionEndsAt","visibleOnMarketplace","createdAt","updatedAt"
) VALUES (
'legacy_l_84','legacy_u_2','Rectangular chimney pot','2998','Order online from The Reclaimed Company',3000,'used',(SELECT "id" FROM "Category" WHERE "slug" = 'hardware-fixtures' LIMIT 1),NULL,NULL,NULL,ARRAY['https://thereclaimedcompany.com/uploads/images/202107/img_1920x_60feb5229a7c06-65740247-42330850.jpg']::text[],'active','sell','LOT',NULL,false,NULL,NULL,true,'2021-07-26T13:14:10Z'::timestamptz,'2021-07-26T13:14:10Z'::timestamptz);

INSERT INTO "Listing" (
"id","sellerId","title","sellerReference","description","price","condition","categoryId","postcode","lat","lng","images","status","listingKind","pricingMode","unitsAvailable","offersDelivery","deliveryCostPence","auctionEndsAt","visibleOnMarketplace","createdAt","updatedAt"
) VALUES (
'legacy_l_85','legacy_u_2','Chimney Pot 041','3022','Order online from The Reclaimed Company',3000,'used',(SELECT "id" FROM "Category" WHERE "slug" = 'hardware-fixtures' LIMIT 1),NULL,NULL,NULL,ARRAY['https://thereclaimedcompany.com/uploads/images/202107/img_1920x_60feb524571440-91738182-37436257.jpg']::text[],'active','sell','LOT',NULL,false,NULL,NULL,true,'2021-07-26T13:14:11Z'::timestamptz,'2021-07-26T13:14:11Z'::timestamptz);

INSERT INTO "Listing" (
"id","sellerId","title","sellerReference","description","price","condition","categoryId","postcode","lat","lng","images","status","listingKind","pricingMode","unitsAvailable","offersDelivery","deliveryCostPence","auctionEndsAt","visibleOnMarketplace","createdAt","updatedAt"
) VALUES (
'legacy_l_86','legacy_u_2','Chimney Pot 043','3031','Order online from The Reclaimed Company',3000,'used',(SELECT "id" FROM "Category" WHERE "slug" = 'hardware-fixtures' LIMIT 1),NULL,NULL,NULL,ARRAY['https://thereclaimedcompany.com/uploads/images/202107/img_1920x_60feb528449457-50000210-92902523.jpg']::text[],'active','sell','LOT',NULL,false,NULL,NULL,true,'2021-07-26T13:14:15Z'::timestamptz,'2021-07-26T13:14:15Z'::timestamptz);

INSERT INTO "Listing" (
"id","sellerId","title","sellerReference","description","price","condition","categoryId","postcode","lat","lng","images","status","listingKind","pricingMode","unitsAvailable","offersDelivery","deliveryCostPence","auctionEndsAt","visibleOnMarketplace","createdAt","updatedAt"
) VALUES (
'legacy_l_87','legacy_u_2','Roll top chimney pot','3056','Order online from The Reclaimed Company',3500,'used',(SELECT "id" FROM "Category" WHERE "slug" = 'hardware-fixtures' LIMIT 1),NULL,NULL,NULL,ARRAY['https://thereclaimedcompany.com/uploads/images/202107/img_1920x_60feb52adf07d4-80439729-62948797.jpg']::text[],'active','sell','LOT',NULL,false,NULL,NULL,true,'2021-07-26T13:14:18Z'::timestamptz,'2021-07-26T13:14:18Z'::timestamptz);

INSERT INTO "Listing" (
"id","sellerId","title","sellerReference","description","price","condition","categoryId","postcode","lat","lng","images","status","listingKind","pricingMode","unitsAvailable","offersDelivery","deliveryCostPence","auctionEndsAt","visibleOnMarketplace","createdAt","updatedAt"
) VALUES (
'legacy_l_88','legacy_u_2','Chimney Terminal (damaged)','3061','Order online from The Reclaimed Company',2000,'used',(SELECT "id" FROM "Category" WHERE "slug" = 'hardware-fixtures' LIMIT 1),NULL,NULL,NULL,ARRAY['https://thereclaimedcompany.com/uploads/images/202107/img_1920x_60feb52c36ca59-07982910-80901969.jpg']::text[],'active','sell','LOT',NULL,false,NULL,NULL,true,'2021-07-26T13:14:19Z'::timestamptz,'2021-07-26T13:14:19Z'::timestamptz);

INSERT INTO "Listing" (
"id","sellerId","title","sellerReference","description","price","condition","categoryId","postcode","lat","lng","images","status","listingKind","pricingMode","unitsAvailable","offersDelivery","deliveryCostPence","auctionEndsAt","visibleOnMarketplace","createdAt","updatedAt"
) VALUES (
'legacy_l_89','legacy_u_2','Chimney Pot S/H (12\\")','4898','Order online from The Reclaimed Company',1200,'used',(SELECT "id" FROM "Category" WHERE "slug" = 'hardware-fixtures' LIMIT 1),NULL,NULL,NULL,ARRAY['https://thereclaimedcompany.com/uploads/images/202107/img_1920x_60feb52d52d255-04682460-76026235.jpg']::text[],'active','sell','LOT',NULL,false,NULL,NULL,true,'2021-07-26T13:14:21Z'::timestamptz,'2021-07-26T13:14:21Z'::timestamptz);

INSERT INTO "Listing" (
"id","sellerId","title","sellerReference","description","price","condition","categoryId","postcode","lat","lng","images","status","listingKind","pricingMode","unitsAvailable","offersDelivery","deliveryCostPence","auctionEndsAt","visibleOnMarketplace","createdAt","updatedAt"
) VALUES (
'legacy_l_90','legacy_u_2','Chimney Terminal','5878','Order online from The Reclaimed Company',3500,'used',(SELECT "id" FROM "Category" WHERE "slug" = 'hardware-fixtures' LIMIT 1),NULL,NULL,NULL,ARRAY['https://thereclaimedcompany.com/uploads/images/202107/img_1920x_60feb52de2dd03-37796285-56495551.jpg']::text[],'active','sell','LOT',NULL,false,NULL,NULL,true,'2021-07-26T13:14:21Z'::timestamptz,'2021-07-26T13:14:21Z'::timestamptz);

INSERT INTO "Listing" (
"id","sellerId","title","sellerReference","description","price","condition","categoryId","postcode","lat","lng","images","status","listingKind","pricingMode","unitsAvailable","offersDelivery","deliveryCostPence","auctionEndsAt","visibleOnMarketplace","createdAt","updatedAt"
) VALUES (
'legacy_l_91','legacy_u_2','Buff round chimney pot','8988','Order online from The Reclaimed Company',5500,'used',(SELECT "id" FROM "Category" WHERE "slug" = 'hardware-fixtures' LIMIT 1),NULL,NULL,NULL,ARRAY['https://thereclaimedcompany.com/uploads/images/202107/img_1920x_60feb52f2e9d68-24561576-84316438.jpg']::text[],'active','sell','LOT',NULL,false,NULL,NULL,true,'2021-07-26T13:14:22Z'::timestamptz,'2021-07-26T13:14:22Z'::timestamptz);

INSERT INTO "Listing" (
"id","sellerId","title","sellerReference","description","price","condition","categoryId","postcode","lat","lng","images","status","listingKind","pricingMode","unitsAvailable","offersDelivery","deliveryCostPence","auctionEndsAt","visibleOnMarketplace","createdAt","updatedAt"
) VALUES (
'legacy_l_92','legacy_u_2','Round chimney pot','9104','Order online from The Reclaimed Company',5000,'used',(SELECT "id" FROM "Category" WHERE "slug" = 'hardware-fixtures' LIMIT 1),NULL,NULL,NULL,ARRAY[]::text[],'active','sell','LOT',NULL,false,NULL,NULL,true,'2021-07-26T13:14:23Z'::timestamptz,'2021-07-26T13:14:23Z'::timestamptz);

INSERT INTO "Listing" (
"id","sellerId","title","sellerReference","description","price","condition","categoryId","postcode","lat","lng","images","status","listingKind","pricingMode","unitsAvailable","offersDelivery","deliveryCostPence","auctionEndsAt","visibleOnMarketplace","createdAt","updatedAt"
) VALUES (
'legacy_l_93','legacy_u_2','Clay chimney pot','9107','Order online from The Reclaimed Company',2500,'used',(SELECT "id" FROM "Category" WHERE "slug" = 'hardware-fixtures' LIMIT 1),NULL,NULL,NULL,ARRAY['https://thereclaimedcompany.com/uploads/images/202107/img_1920x_60feb5307fe133-77701479-15202693.jpg']::text[],'active','sell','LOT',NULL,false,NULL,NULL,true,'2021-07-26T13:14:24Z'::timestamptz,'2021-07-26T13:14:24Z'::timestamptz);

INSERT INTO "Listing" (
"id","sellerId","title","sellerReference","description","price","condition","categoryId","postcode","lat","lng","images","status","listingKind","pricingMode","unitsAvailable","offersDelivery","deliveryCostPence","auctionEndsAt","visibleOnMarketplace","createdAt","updatedAt"
) VALUES (
'legacy_l_94','legacy_u_2','Buff chimney pot','9112','Order online from The Reclaimed Company',6000,'used',(SELECT "id" FROM "Category" WHERE "slug" = 'hardware-fixtures' LIMIT 1),NULL,NULL,NULL,ARRAY['https://thereclaimedcompany.com/uploads/images/202107/img_1920x_60feb5318cb125-12235072-81098262.jpg']::text[],'active','sell','LOT',NULL,false,NULL,NULL,true,'2021-07-26T13:14:25Z'::timestamptz,'2021-07-26T13:14:25Z'::timestamptz);

INSERT INTO "Listing" (
"id","sellerId","title","sellerReference","description","price","condition","categoryId","postcode","lat","lng","images","status","listingKind","pricingMode","unitsAvailable","offersDelivery","deliveryCostPence","auctionEndsAt","visibleOnMarketplace","createdAt","updatedAt"
) VALUES (
'legacy_l_95','legacy_u_2','Crown top chimney pot','9117','Order online from The Reclaimed Company',5200,'used',(SELECT "id" FROM "Category" WHERE "slug" = 'hardware-fixtures' LIMIT 1),NULL,NULL,NULL,ARRAY['https://thereclaimedcompany.com/uploads/images/202107/img_1920x_60feb532a236e5-93278964-55565215.jpg']::text[],'active','sell','LOT',NULL,false,NULL,NULL,true,'2021-07-26T13:14:26Z'::timestamptz,'2021-07-26T13:14:26Z'::timestamptz);

INSERT INTO "Listing" (
"id","sellerId","title","sellerReference","description","price","condition","categoryId","postcode","lat","lng","images","status","listingKind","pricingMode","unitsAvailable","offersDelivery","deliveryCostPence","auctionEndsAt","visibleOnMarketplace","createdAt","updatedAt"
) VALUES (
'legacy_l_96','legacy_u_2','Octagonal chimney pot','9123','Order online from The Reclaimed Company',6800,'used',(SELECT "id" FROM "Category" WHERE "slug" = 'hardware-fixtures' LIMIT 1),NULL,NULL,NULL,ARRAY['https://thereclaimedcompany.com/uploads/images/202107/img_1920x_60feb533acd040-37361478-12481582.jpg']::text[],'active','sell','LOT',NULL,false,NULL,NULL,true,'2021-07-26T13:14:27Z'::timestamptz,'2021-07-26T13:14:27Z'::timestamptz);

INSERT INTO "Listing" (
"id","sellerId","title","sellerReference","description","price","condition","categoryId","postcode","lat","lng","images","status","listingKind","pricingMode","unitsAvailable","offersDelivery","deliveryCostPence","auctionEndsAt","visibleOnMarketplace","createdAt","updatedAt"
) VALUES (
'legacy_l_97','legacy_u_2','Octagonal chimney pot','9322','Order online from The Reclaimed Company',7000,'used',(SELECT "id" FROM "Category" WHERE "slug" = 'hardware-fixtures' LIMIT 1),NULL,NULL,NULL,ARRAY['https://thereclaimedcompany.com/uploads/images/202107/img_1920x_60feb534b442b6-08009825-36859810.jpg']::text[],'active','sell','LOT',NULL,false,NULL,NULL,true,'2021-07-26T13:14:28Z'::timestamptz,'2021-07-26T13:14:28Z'::timestamptz);

INSERT INTO "Listing" (
"id","sellerId","title","sellerReference","description","price","condition","categoryId","postcode","lat","lng","images","status","listingKind","pricingMode","unitsAvailable","offersDelivery","deliveryCostPence","auctionEndsAt","visibleOnMarketplace","createdAt","updatedAt"
) VALUES (
'legacy_l_98','legacy_u_2','Roll-top chimney pot','9327','Order online from The Reclaimed Company',6000,'used',(SELECT "id" FROM "Category" WHERE "slug" = 'hardware-fixtures' LIMIT 1),NULL,NULL,NULL,ARRAY['https://thereclaimedcompany.com/uploads/images/202107/img_1920x_60feb535c5bc05-86125037-66212983.jpg']::text[],'active','sell','LOT',NULL,false,NULL,NULL,true,'2021-07-26T13:14:29Z'::timestamptz,'2021-07-26T13:14:29Z'::timestamptz);

INSERT INTO "Listing" (
"id","sellerId","title","sellerReference","description","price","condition","categoryId","postcode","lat","lng","images","status","listingKind","pricingMode","unitsAvailable","offersDelivery","deliveryCostPence","auctionEndsAt","visibleOnMarketplace","createdAt","updatedAt"
) VALUES (
'legacy_l_99','legacy_u_2','Tulip top chimney pot (damaged)','9333','Order online from The Reclaimed Company',5000,'used',(SELECT "id" FROM "Category" WHERE "slug" = 'hardware-fixtures' LIMIT 1),NULL,NULL,NULL,ARRAY['https://thereclaimedcompany.com/uploads/images/202107/img_1920x_60feb536d71605-43827485-21169356.jpg']::text[],'active','sell','LOT',NULL,false,NULL,NULL,true,'2021-07-26T13:14:30Z'::timestamptz,'2021-07-26T13:14:30Z'::timestamptz);

INSERT INTO "Listing" (
"id","sellerId","title","sellerReference","description","price","condition","categoryId","postcode","lat","lng","images","status","listingKind","pricingMode","unitsAvailable","offersDelivery","deliveryCostPence","auctionEndsAt","visibleOnMarketplace","createdAt","updatedAt"
) VALUES (
'legacy_l_100','legacy_u_2','Small square chimney pot','9371','Order online from The Reclaimed Company',4000,'used',(SELECT "id" FROM "Category" WHERE "slug" = 'hardware-fixtures' LIMIT 1),NULL,NULL,NULL,ARRAY['https://thereclaimedcompany.com/uploads/images/202107/img_1920x_60feb5381e3d98-22716413-91226686.jpg']::text[],'active','sell','LOT',NULL,false,NULL,NULL,true,'2021-07-26T13:14:31Z'::timestamptz,'2021-07-26T13:14:31Z'::timestamptz);

INSERT INTO "Listing" (
"id","sellerId","title","sellerReference","description","price","condition","categoryId","postcode","lat","lng","images","status","listingKind","pricingMode","unitsAvailable","offersDelivery","deliveryCostPence","auctionEndsAt","visibleOnMarketplace","createdAt","updatedAt"
) VALUES (
'legacy_l_101','legacy_u_2','Buff chimney pot with vented top','9376','Order online from The Reclaimed Company',4000,'used',(SELECT "id" FROM "Category" WHERE "slug" = 'hardware-fixtures' LIMIT 1),NULL,NULL,NULL,ARRAY['https://thereclaimedcompany.com/uploads/images/202107/img_1920x_60feb5393fbd87-80525936-24008252.jpg']::text[],'active','sell','LOT',NULL,false,NULL,NULL,true,'2021-07-26T13:14:32Z'::timestamptz,'2021-07-26T13:14:32Z'::timestamptz);

INSERT INTO "Listing" (
"id","sellerId","title","sellerReference","description","price","condition","categoryId","postcode","lat","lng","images","status","listingKind","pricingMode","unitsAvailable","offersDelivery","deliveryCostPence","auctionEndsAt","visibleOnMarketplace","createdAt","updatedAt"
) VALUES (
'legacy_l_102','legacy_u_2','Hood top chimney pot','9403','Order online from The Reclaimed Company',6500,'used',(SELECT "id" FROM "Category" WHERE "slug" = 'hardware-fixtures' LIMIT 1),NULL,NULL,NULL,ARRAY['https://thereclaimedcompany.com/uploads/images/202107/img_1920x_60feb53a3f93b4-71512049-61441150.jpg']::text[],'active','sell','LOT',NULL,false,NULL,NULL,true,'2021-07-26T13:14:34Z'::timestamptz,'2021-07-26T13:14:34Z'::timestamptz);

INSERT INTO "Listing" (
"id","sellerId","title","sellerReference","description","price","condition","categoryId","postcode","lat","lng","images","status","listingKind","pricingMode","unitsAvailable","offersDelivery","deliveryCostPence","auctionEndsAt","visibleOnMarketplace","createdAt","updatedAt"
) VALUES (
'legacy_l_103','legacy_u_2','Small round chimney pot','9862','Order online from The Reclaimed Company',4000,'used',(SELECT "id" FROM "Category" WHERE "slug" = 'hardware-fixtures' LIMIT 1),NULL,NULL,NULL,ARRAY['https://thereclaimedcompany.com/uploads/images/202107/img_1920x_60feb53b617067-64712043-34001226.jpg']::text[],'active','sell','LOT',NULL,false,NULL,NULL,true,'2021-07-26T13:14:35Z'::timestamptz,'2021-07-26T13:14:35Z'::timestamptz);

INSERT INTO "Listing" (
"id","sellerId","title","sellerReference","description","price","condition","categoryId","postcode","lat","lng","images","status","listingKind","pricingMode","unitsAvailable","offersDelivery","deliveryCostPence","auctionEndsAt","visibleOnMarketplace","createdAt","updatedAt"
) VALUES (
'legacy_l_104','legacy_u_2','Crown top chimney pot (damaged)','9869','Order online from The Reclaimed Company',5000,'used',(SELECT "id" FROM "Category" WHERE "slug" = 'hardware-fixtures' LIMIT 1),NULL,NULL,NULL,ARRAY['https://thereclaimedcompany.com/uploads/images/202107/img_1920x_60feb53c786f78-56473465-38606541.jpg']::text[],'active','sell','LOT',NULL,false,NULL,NULL,true,'2021-07-26T13:14:36Z'::timestamptz,'2021-07-26T13:14:36Z'::timestamptz);

INSERT INTO "Listing" (
"id","sellerId","title","sellerReference","description","price","condition","categoryId","postcode","lat","lng","images","status","listingKind","pricingMode","unitsAvailable","offersDelivery","deliveryCostPence","auctionEndsAt","visibleOnMarketplace","createdAt","updatedAt"
) VALUES (
'legacy_l_105','legacy_u_2','Clay chimney cowl | Chimney insert','9876','Order online from The Reclaimed Company',4000,'used',(SELECT "id" FROM "Category" WHERE "slug" = 'hardware-fixtures' LIMIT 1),NULL,NULL,NULL,ARRAY['https://thereclaimedcompany.com/uploads/images/202107/img_1920x_60feb53d932ff9-46390084-59080481.jpg']::text[],'active','sell','LOT',NULL,false,NULL,NULL,true,'2021-07-26T13:14:37Z'::timestamptz,'2021-07-26T13:14:37Z'::timestamptz);

INSERT INTO "Listing" (
"id","sellerId","title","sellerReference","description","price","condition","categoryId","postcode","lat","lng","images","status","listingKind","pricingMode","unitsAvailable","offersDelivery","deliveryCostPence","auctionEndsAt","visibleOnMarketplace","createdAt","updatedAt"
) VALUES (
'legacy_l_106','legacy_u_2','Louvered chimney pot (damaged)','9892','Order online from The Reclaimed Company',4000,'used',(SELECT "id" FROM "Category" WHERE "slug" = 'hardware-fixtures' LIMIT 1),NULL,NULL,NULL,ARRAY['https://thereclaimedcompany.com/uploads/images/202107/img_1920x_60feb53ebd20b0-13613968-17872456.jpg']::text[],'active','sell','LOT',NULL,false,NULL,NULL,true,'2021-07-26T13:14:38Z'::timestamptz,'2021-07-26T13:14:38Z'::timestamptz);

INSERT INTO "Listing" (
"id","sellerId","title","sellerReference","description","price","condition","categoryId","postcode","lat","lng","images","status","listingKind","pricingMode","unitsAvailable","offersDelivery","deliveryCostPence","auctionEndsAt","visibleOnMarketplace","createdAt","updatedAt"
) VALUES (
'legacy_l_107','legacy_u_2','Louvered chimney pot','9903','Order online from The Reclaimed Company',8500,'used',(SELECT "id" FROM "Category" WHERE "slug" = 'hardware-fixtures' LIMIT 1),NULL,NULL,NULL,ARRAY['https://thereclaimedcompany.com/uploads/images/202107/img_1920x_60feb53fcf4978-63432916-11369612.jpg']::text[],'active','sell','LOT',NULL,false,NULL,NULL,true,'2021-07-26T13:14:39Z'::timestamptz,'2021-07-26T13:14:39Z'::timestamptz);

INSERT INTO "Listing" (
"id","sellerId","title","sellerReference","description","price","condition","categoryId","postcode","lat","lng","images","status","listingKind","pricingMode","unitsAvailable","offersDelivery","deliveryCostPence","auctionEndsAt","visibleOnMarketplace","createdAt","updatedAt"
) VALUES (
'legacy_l_108','legacy_u_2','Louvered chimney pot','9909','Order online from The Reclaimed Company',7500,'used',(SELECT "id" FROM "Category" WHERE "slug" = 'hardware-fixtures' LIMIT 1),NULL,NULL,NULL,ARRAY['https://thereclaimedcompany.com/uploads/images/202107/img_1920x_60feb540d6d8f3-72846792-69734027.jpg']::text[],'active','sell','LOT',NULL,false,NULL,NULL,true,'2021-07-26T13:14:40Z'::timestamptz,'2021-07-26T13:14:40Z'::timestamptz);

INSERT INTO "Listing" (
"id","sellerId","title","sellerReference","description","price","condition","categoryId","postcode","lat","lng","images","status","listingKind","pricingMode","unitsAvailable","offersDelivery","deliveryCostPence","auctionEndsAt","visibleOnMarketplace","createdAt","updatedAt"
) VALUES (
'legacy_l_109','legacy_u_2','Tulip top chimney pot','9929','Order online from The Reclaimed Company',6000,'used',(SELECT "id" FROM "Category" WHERE "slug" = 'hardware-fixtures' LIMIT 1),NULL,NULL,NULL,ARRAY['https://thereclaimedcompany.com/uploads/images/202107/img_1920x_60feb542029a14-04338310-50108914.jpg']::text[],'active','sell','LOT',NULL,false,NULL,NULL,true,'2021-07-26T13:14:41Z'::timestamptz,'2021-07-26T13:14:41Z'::timestamptz);

INSERT INTO "Listing" (
"id","sellerId","title","sellerReference","description","price","condition","categoryId","postcode","lat","lng","images","status","listingKind","pricingMode","unitsAvailable","offersDelivery","deliveryCostPence","auctionEndsAt","visibleOnMarketplace","createdAt","updatedAt"
) VALUES (
'legacy_l_110','legacy_u_2','Louvered chimney pot','9947','Order online from The Reclaimed Company',7200,'used',(SELECT "id" FROM "Category" WHERE "slug" = 'hardware-fixtures' LIMIT 1),NULL,NULL,NULL,ARRAY['https://thereclaimedcompany.com/uploads/images/202107/img_1920x_60feb542f0e978-35462186-84272065.jpg']::text[],'active','sell','LOT',NULL,false,NULL,NULL,true,'2021-07-26T13:14:42Z'::timestamptz,'2021-07-26T13:14:42Z'::timestamptz);

INSERT INTO "Listing" (
"id","sellerId","title","sellerReference","description","price","condition","categoryId","postcode","lat","lng","images","status","listingKind","pricingMode","unitsAvailable","offersDelivery","deliveryCostPence","auctionEndsAt","visibleOnMarketplace","createdAt","updatedAt"
) VALUES (
'legacy_l_111','legacy_u_2','Roll top chimney pot','9971','Order online from The Reclaimed Company',4500,'used',(SELECT "id" FROM "Category" WHERE "slug" = 'hardware-fixtures' LIMIT 1),NULL,NULL,NULL,ARRAY['https://thereclaimedcompany.com/uploads/images/202107/img_1920x_60feb543e28010-44194473-98800814.jpg']::text[],'active','sell','LOT',NULL,false,NULL,NULL,true,'2021-07-26T13:14:43Z'::timestamptz,'2021-07-26T13:14:43Z'::timestamptz);

INSERT INTO "Listing" (
"id","sellerId","title","sellerReference","description","price","condition","categoryId","postcode","lat","lng","images","status","listingKind","pricingMode","unitsAvailable","offersDelivery","deliveryCostPence","auctionEndsAt","visibleOnMarketplace","createdAt","updatedAt"
) VALUES (
'legacy_l_112','legacy_u_2','Roll top chimney pot','9978','Order online from The Reclaimed Company',4500,'used',(SELECT "id" FROM "Category" WHERE "slug" = 'hardware-fixtures' LIMIT 1),NULL,NULL,NULL,ARRAY['https://thereclaimedcompany.com/uploads/images/202107/img_1920x_60feb544dae160-49214872-27513222.jpg']::text[],'active','sell','LOT',NULL,false,NULL,NULL,true,'2021-07-26T13:14:44Z'::timestamptz,'2021-07-26T13:14:44Z'::timestamptz);

INSERT INTO "Listing" (
"id","sellerId","title","sellerReference","description","price","condition","categoryId","postcode","lat","lng","images","status","listingKind","pricingMode","unitsAvailable","offersDelivery","deliveryCostPence","auctionEndsAt","visibleOnMarketplace","createdAt","updatedAt"
) VALUES (
'legacy_l_113','legacy_u_7','Buff Patio Slabs x 25','GRU2EWM2','Used slabs but plenty of life still in them!',0,'used',(SELECT "id" FROM "Category" WHERE "slug" = 'other' LIMIT 1),NULL,NULL,NULL,ARRAY['https://thereclaimedcompany.com/uploads/images/202107/img_1920x_60fec22b2da4e1-98553400-38696002.jpg']::text[],'active','auction','PER_UNIT',24,false,NULL,'2021-07-26T14:10:28Z'::timestamptz,true,'2021-07-26T14:10:28Z'::timestamptz,'2021-07-26T14:10:28Z'::timestamptz);

INSERT INTO "Listing" (
"id","sellerId","title","sellerReference","description","price","condition","categoryId","postcode","lat","lng","images","status","listingKind","pricingMode","unitsAvailable","offersDelivery","deliveryCostPence","auctionEndsAt","visibleOnMarketplace","createdAt","updatedAt"
) VALUES (
'legacy_l_114','legacy_u_6','Used dtf printer','GRVE2R01','Used',0,'used',(SELECT "id" FROM "Category" WHERE "slug" = 'other' LIMIT 1),NULL,NULL,NULL,ARRAY['https://thereclaimedcompany.com/uploads/images/202107/img_1920x_60fecd69e42524-85730891-43720342.jpeg']::text[],'active','auction','LOT',NULL,false,NULL,'2021-07-26T14:58:16Z'::timestamptz,true,'2021-07-26T14:58:16Z'::timestamptz,'2021-07-26T14:58:16Z'::timestamptz);

INSERT INTO "Listing" (
"id","sellerId","title","sellerReference","description","price","condition","categoryId","postcode","lat","lng","images","status","listingKind","pricingMode","unitsAvailable","offersDelivery","deliveryCostPence","auctionEndsAt","visibleOnMarketplace","createdAt","updatedAt"
) VALUES (
'legacy_l_115','legacy_u_8','32ft Motor Yacht',NULL,'A 1961 Akerboom sedan cruiser in need of total refurbishment. a great project for someone looking to restore a classic boat. also, if done properly a great opportunity to make money.',10000000,'used',(SELECT "id" FROM "Category" WHERE "slug" = 'other' LIMIT 1),NULL,NULL,NULL,ARRAY['https://thereclaimedcompany.com/uploads/images/202107/img_1920x_60ffe78cdefdf4-22464894-25178324.jpeg','https://thereclaimedcompany.com/uploads/images/202107/img_1920x_60ffe78a2794c0-91661186-61145934.jpeg','https://thereclaimedcompany.com/uploads/images/202107/img_1920x_60ffe7883c89f8-14423541-89238199.jpeg','https://thereclaimedcompany.com/uploads/images/202107/img_1920x_60ffe786550354-21141834-50698422.jpeg','https://thereclaimedcompany.com/uploads/images/202107/img_1920x_60ffe784462848-35771569-96686740.jpeg','https://thereclaimedcompany.com/uploads/images/202107/img_1920x_60ffe782a1beb6-05632531-59209265.jpeg']::text[],'active','sell','LOT',NULL,false,NULL,NULL,true,'2021-07-27T11:06:01Z'::timestamptz,'2021-07-27T11:06:01Z'::timestamptz);

INSERT INTO "Listing" (
"id","sellerId","title","sellerReference","description","price","condition","categoryId","postcode","lat","lng","images","status","listingKind","pricingMode","unitsAvailable","offersDelivery","deliveryCostPence","auctionEndsAt","visibleOnMarketplace","createdAt","updatedAt"
) VALUES (
'legacy_l_116','legacy_u_1','Classic Coca Cola Vending Machine',NULL,'Original classic coca cola vending machine',1250000,'used',(SELECT "id" FROM "Category" WHERE "slug" = 'other' LIMIT 1),NULL,NULL,NULL,ARRAY['https://thereclaimedcompany.com/uploads/images/202107/img_1920x_60ffeae92fd962-51927779-13341392.jpeg']::text[],'sold','sell','LOT',NULL,false,NULL,NULL,true,'2021-07-27T11:16:04Z'::timestamptz,'2021-07-27T11:16:04Z'::timestamptz);

INSERT INTO "Listing" (
"id","sellerId","title","sellerReference","description","price","condition","categoryId","postcode","lat","lng","images","status","listingKind","pricingMode","unitsAvailable","offersDelivery","deliveryCostPence","auctionEndsAt","visibleOnMarketplace","createdAt","updatedAt"
) VALUES (
'legacy_l_117','legacy_u_8','Salt Glazed Wall Copings | Victorian Wall Copings',NULL,'I have 80 of these wall copings available to order. They are Victorian and salt glazed. They would be ideal for a renovaiton project to cap off a traditional brick wall. They provide a weatherproof capping and can be easly laid onto a damp proof course. National delivery can be offered to suit, ideally I am looking to sell all of them as a lot but may split them down into maller quantities if needed.',240000,'used',(SELECT "id" FROM "Category" WHERE "slug" = 'other' LIMIT 1),NULL,0,0,ARRAY['https://thereclaimedcompany.com/uploads/images/202107/img_1920x_61010afa2726c7-77155699-76523318.jpeg','https://thereclaimedcompany.com/uploads/images/202107/img_1920x_61010b04aa0be9-18405193-21684726.jpeg','https://thereclaimedcompany.com/uploads/images/202107/img_1920x_61010b01cfbe87-39348084-70711155.jpeg','https://thereclaimedcompany.com/uploads/images/202107/img_1920x_61010afe66b447-94943379-40086703.jpeg']::text[],'active','sell','PER_UNIT',80,true,150,NULL,true,'2021-07-28T07:48:51Z'::timestamptz,'2021-07-28T07:48:51Z'::timestamptz);

INSERT INTO "Listing" (
"id","sellerId","title","sellerReference","description","price","condition","categoryId","postcode","lat","lng","images","status","listingKind","pricingMode","unitsAvailable","offersDelivery","deliveryCostPence","auctionEndsAt","visibleOnMarketplace","createdAt","updatedAt"
) VALUES (
'legacy_l_119','legacy_u_8','Large Banqueting table and chairs',NULL,'A large Banqueting table and several matching chairs. The table has been slavaged from York Guildhall and would be ideal for a marquee business or for use in a large office space as a meeting room centre piece. We have the table and chairs in a warehouse ready to ship nationally. The price inclides the table and all of the chairs. Buyer will be responible for collection and we can help with loading.',85000,'used',(SELECT "id" FROM "Category" WHERE "slug" = 'other' LIMIT 1),'York',53.95996510000001,-1.0872979,ARRAY['https://thereclaimedcompany.com/uploads/images/202107/img_1920x_61010e7f255e70-93717950-38628505.jpeg','https://thereclaimedcompany.com/uploads/images/202107/img_1920x_61010e83a43e83-74538849-17931156.jpeg','https://thereclaimedcompany.com/uploads/images/202107/img_1920x_61010eb0118a34-89412168-13145612.jpeg','https://thereclaimedcompany.com/uploads/images/202107/img_1920x_61010eb23ef1e6-83389658-93839465.jpeg']::text[],'active','sell','LOT',NULL,true,100,NULL,true,'2021-07-28T07:58:54Z'::timestamptz,'2021-07-28T07:58:54Z'::timestamptz);

INSERT INTO "Listing" (
"id","sellerId","title","sellerReference","description","price","condition","categoryId","postcode","lat","lng","images","status","listingKind","pricingMode","unitsAvailable","offersDelivery","deliveryCostPence","auctionEndsAt","visibleOnMarketplace","createdAt","updatedAt"
) VALUES (
'legacy_l_120','legacy_u_8','Old Metal water tank',NULL,'Salvaged from an old property this fully enclosed metal water tank would be perfect for re purposing. This could be used as a table base or could easily be cut open to form a planter or decorative garden water feautre. The metal is very think and the tank extremely heavy. A rear old water tank due to the fact that is is completely enclosed. The tank is on the ground and I am happy to ship this anywhere in the UK. Shipping has been inclided in the price via a pallet network. If you are outside the UK this price will increase so please get in touch first.',30000,'used',(SELECT "id" FROM "Category" WHERE "slug" = 'other' LIMIT 1),NULL,0,0,ARRAY['https://thereclaimedcompany.com/uploads/images/202107/img_1920x_61010fa1819a29-25380264-19100188.jpeg','https://thereclaimedcompany.com/uploads/images/202107/img_1920x_61010faa96c613-29872366-46741136.jpeg','https://thereclaimedcompany.com/uploads/images/202107/img_1920x_61010fa7740892-76243085-76407615.jpeg','https://thereclaimedcompany.com/uploads/images/202107/img_1920x_61010fa54b4548-80032321-47596897.jpeg']::text[],'active','sell','LOT',NULL,true,75,NULL,true,'2021-07-28T08:09:05Z'::timestamptz,'2021-07-28T08:09:05Z'::timestamptz);

INSERT INTO "Listing" (
"id","sellerId","title","sellerReference","description","price","condition","categoryId","postcode","lat","lng","images","status","listingKind","pricingMode","unitsAvailable","offersDelivery","deliveryCostPence","auctionEndsAt","visibleOnMarketplace","createdAt","updatedAt"
) VALUES (
'legacy_l_128','legacy_u_8','Handmade Roof tiles | William Blyth Medieval Clay Plain Tiles',NULL,'These handmade roof tiles are perfect for a roofing project. We have over 4000 tiles available which would be enough for 100m2 of roof area. New and unused William Blyth Medieval Clay Pantiles. These traditional handmade roof tiles would be perfect for a restoration project or barn conversion. Each tile is handmade and fittings for them are available from William Blyth. When laid on a roof the tiles provide a non-uniform appearance which looks great on period properties and are dark earth in colour. There is a deal to be done on the whole lot, which would suit a new build project. Delivery can be arranged and will be charged on a per pallet basis. If required, further tiles are available through us to match along with a range of fittings to match. These tiles would make the perfect roof covering for a heritage roofing project. Suited to barn conversions or houses where a traditional aesthetic is required. You can buy online here...',100,'used',(SELECT "id" FROM "Category" WHERE "slug" = 'roof-tiles-slates' LIMIT 1),NULL,0,0,ARRAY['https://thereclaimedcompany.com/uploads/images/202107/img_1920x_61017be5d56cf3-43795327-12167103.jpeg','https://thereclaimedcompany.com/uploads/images/202107/img_1920x_61017c1dc48936-38760057-56862347.jpeg','https://thereclaimedcompany.com/uploads/images/202107/img_1920x_61017c17cfb867-03236248-48296351.jpeg','https://thereclaimedcompany.com/uploads/images/202107/img_1920x_61017be38662e6-58981905-14709983.jpeg','https://thereclaimedcompany.com/uploads/images/202107/img_1920x_61017be19d8fd7-52312876-57869763.jpeg','https://thereclaimedcompany.com/uploads/images/202107/img_1920x_61017bdf67f408-08811212-31123801.jpeg','https://thereclaimedcompany.com/uploads/images/202107/img_1920x_61017bdc55db56-31412332-56491023.jpeg']::text[],'active','sell','PER_UNIT',4000,true,500,NULL,true,'2021-07-28T15:50:14Z'::timestamptz,'2021-07-28T15:50:14Z'::timestamptz);

INSERT INTO "Listing" (
"id","sellerId","title","sellerReference","description","price","condition","categoryId","postcode","lat","lng","images","status","listingKind","pricingMode","unitsAvailable","offersDelivery","deliveryCostPence","auctionEndsAt","visibleOnMarketplace","createdAt","updatedAt"
) VALUES (
'legacy_l_132','legacy_u_8','Large Wooden Cable Reels',NULL,'Large timber cable reels, ideal for upcycling into garden tables or furniture. The price stated is for both of them, we are also happy to sell them individually. These cable reels are in stock and ready to dispatch. Shipping is avalable via a pallet network anywhere in the UK.',30000,'used',(SELECT "id" FROM "Category" WHERE "slug" = 'other' LIMIT 1),NULL,NULL,NULL,ARRAY['https://thereclaimedcompany.com/uploads/images/202107/img_1920x_610280848caa69-09252520-63946709.jpg','https://thereclaimedcompany.com/uploads/images/202107/img_1920x_61028076066084-87024099-74332088.jpg','https://thereclaimedcompany.com/uploads/images/202107/img_1920x_610280728cf882-51979564-81277912.jpg']::text[],'active','sell','LOT',NULL,false,NULL,NULL,true,'2021-07-29T10:21:00Z'::timestamptz,'2021-07-29T10:21:00Z'::timestamptz);

INSERT INTO "Listing" (
"id","sellerId","title","sellerReference","description","price","condition","categoryId","postcode","lat","lng","images","status","listingKind","pricingMode","unitsAvailable","offersDelivery","deliveryCostPence","auctionEndsAt","visibleOnMarketplace","createdAt","updatedAt"
) VALUES (
'legacy_l_136','legacy_u_3','Nordpeis Bergen ex-display wood burning stove',NULL,'Ex-display Nordpeis Bergen woodburner. Only been fired up a handful of times in our showroom, the stove is in perfect condition. Porcelain panels are not chipped, glass has no damage, door closes smoothly. 150 mm outlet, 5kW nominal output, A+ energy rating. UK delivery is included in the price.',62500,'used',(SELECT "id" FROM "Category" WHERE "slug" = 'other' LIMIT 1),NULL,0,0,ARRAY['https://thereclaimedcompany.com/uploads/images/202107/img_1920x_6103d0f945b529-37327774-80514325.jpg','https://thereclaimedcompany.com/uploads/images/202107/img_1920x_6103d12ee02225-45983806-67049955.jpg','https://thereclaimedcompany.com/uploads/images/202107/img_1920x_6103d12a028ec6-40875327-23484330.jpg','https://thereclaimedcompany.com/uploads/images/202107/img_1920x_6103d1244947b2-24598847-21349819.jpg','https://thereclaimedcompany.com/uploads/images/202107/img_1920x_6103d11f151da1-41490624-28751268.jpg','https://thereclaimedcompany.com/uploads/images/202107/img_1920x_6103d11ad52d23-04318690-51597517.jpg','https://thereclaimedcompany.com/uploads/images/202107/img_1920x_6103d1167022b6-50356116-49884282.jpg','https://thereclaimedcompany.com/uploads/images/202107/img_1920x_6103d111a79d40-58913975-30355760.jpg','https://thereclaimedcompany.com/uploads/images/202107/img_1920x_6103d10e71e2c6-59371752-14004004.jpg','https://thereclaimedcompany.com/uploads/images/202107/img_1920x_6103d10abc53b4-72386236-69303922.jpg','https://thereclaimedcompany.com/uploads/images/202107/img_1920x_6103d107644872-07666085-78835034.jpg','https://thereclaimedcompany.com/uploads/images/202107/img_1920x_6103d103e3fa40-23810339-53003289.jpg','https://thereclaimedcompany.com/uploads/images/202107/img_1920x_6103d10053fa43-92619447-65907486.jpg','https://thereclaimedcompany.com/uploads/images/202107/img_1920x_6103d0fcda4e40-82141003-14682161.jpg']::text[],'sold','sell','LOT',NULL,false,NULL,NULL,true,'2021-07-30T10:16:52Z'::timestamptz,'2021-07-30T10:16:52Z'::timestamptz);

INSERT INTO "Listing" (
"id","sellerId","title","sellerReference","description","price","condition","categoryId","postcode","lat","lng","images","status","listingKind","pricingMode","unitsAvailable","offersDelivery","deliveryCostPence","auctionEndsAt","visibleOnMarketplace","createdAt","updatedAt"
) VALUES (
'legacy_l_137','legacy_u_3','Nordpeis X25-F woodburner | Ex display, massive discount.',NULL,'Great quality second hand Nordpeis X25-F woodburning stove in good used condition. We just removed from a customer''s home where it serves perfectly for a few years. Vermiculite panels are perfect, no damage or crack, no damage on the glass, door closes fine, fire rope been changed recently. All the heat shields are included. 6.6 kW heat output, 150 mm flue outlet This stove is now discontinued and would make a superb garden fireplace installation. UK delivery at an addiitonal cost as outlined. This second hand woodburner is an absolute bargain.',50000,'used',(SELECT "id" FROM "Category" WHERE "slug" = 'other' LIMIT 1),NULL,0,0,ARRAY['https://thereclaimedcompany.com/uploads/images/202107/img_1920x_6103d3c044d204-78496425-45976101.jpg','https://thereclaimedcompany.com/uploads/images/202107/img_1920x_6103d401699aa0-77516960-67828735.jpg','https://thereclaimedcompany.com/uploads/images/202107/img_1920x_6103d3fc9f0664-15476143-32183070.jpg','https://thereclaimedcompany.com/uploads/images/202107/img_1920x_6103d3f7785cf6-49839274-53446854.jpg','https://thereclaimedcompany.com/uploads/images/202107/img_1920x_6103d3f2386a29-14651852-33665292.jpg','https://thereclaimedcompany.com/uploads/images/202107/img_1920x_6103d3ee4779b3-02083758-32510548.jpg','https://thereclaimedcompany.com/uploads/images/202107/img_1920x_6103d3eaed8419-99934042-84433734.jpg','https://thereclaimedcompany.com/uploads/images/202107/img_1920x_6103d3e75547f6-40086357-77022655.jpg','https://thereclaimedcompany.com/uploads/images/202107/img_1920x_6103d3e3b919e3-82839720-83261407.jpg','https://thereclaimedcompany.com/uploads/images/202107/img_1920x_6103d3df8a5a00-84155679-74187646.jpg','https://thereclaimedcompany.com/uploads/images/202107/img_1920x_6103d3db7ec7e4-07627701-23863563.jpg','https://thereclaimedcompany.com/uploads/images/202107/img_1920x_6103d3d6c70611-98372989-78215934.jpg','https://thereclaimedcompany.com/uploads/images/202107/img_1920x_6103d3d13d6896-07957078-11377356.jpg','https://thereclaimedcompany.com/uploads/images/202107/img_1920x_6103d3ca33fd33-72756908-79314164.jpg','https://thereclaimedcompany.com/uploads/images/202107/img_1920x_6103d3c487d079-75576473-49786104.jpg','https://thereclaimedcompany.com/uploads/images/202107/img_1920x_6103d3b91be301-03338584-81621522.jpg']::text[],'active','sell','LOT',NULL,true,85,NULL,true,'2021-07-30T10:32:40Z'::timestamptz,'2021-07-30T10:32:40Z'::timestamptz);

INSERT INTO "Listing" (
"id","sellerId","title","sellerReference","description","price","condition","categoryId","postcode","lat","lng","images","status","listingKind","pricingMode","unitsAvailable","offersDelivery","deliveryCostPence","auctionEndsAt","visibleOnMarketplace","createdAt","updatedAt"
) VALUES (
'legacy_l_139','legacy_u_2','Reclaimed hardwood benches | Restaurant or bar seating',NULL,'Salvaged from the Guildhall in York, these timber benches are in need of some TLC. There are 6 old bench seats in total, all in varying states of disrepair. Likely more of interest for someone looking for good quality reclaimed timber or to be completely refurbished into restaurant or bar seating. The condiron of the timber is good but the upholstory, and associated horsehair stuffing, needs to be renewed. There are some decorative tirned feet which would look great if refurbihed. The items are sold as they are which is refelcetd in the price. Buyer is to collect from our premises at their costs. Payment via credit or debit card in advance of collection. These benches are a real part of York''s history, they would be ideal if you have the time and skills to give them a new lease of life. Further, once refurbished they are liklely to be worth much more per item than we are selling them for so it is a great opportunity for the right person to make some money.',35000,'used',(SELECT "id" FROM "Category" WHERE "slug" = 'other' LIMIT 1),NULL,NULL,NULL,ARRAY['https://thereclaimedcompany.com/uploads/images/202107/img_1920x_6105566b67d3e0-76494941-36821440.jpeg','https://thereclaimedcompany.com/uploads/images/202107/img_1920x_610556c2c4ce92-91718886-33954007.jpeg','https://thereclaimedcompany.com/uploads/images/202107/img_1920x_610556a6b693e5-29908947-72809686.jpeg','https://thereclaimedcompany.com/uploads/images/202107/img_1920x_6105569b6e6416-31080299-12050751.jpeg','https://thereclaimedcompany.com/uploads/images/202107/img_1920x_6105568e70d449-55807162-15364117.jpeg','https://thereclaimedcompany.com/uploads/images/202107/img_1920x_61055681494420-47252469-90558832.jpeg']::text[],'active','sell','LOT',NULL,false,NULL,NULL,true,'2021-07-31T14:02:55Z'::timestamptz,'2021-07-31T14:02:55Z'::timestamptz);

INSERT INTO "Listing" (
"id","sellerId","title","sellerReference","description","price","condition","categoryId","postcode","lat","lng","images","status","listingKind","pricingMode","unitsAvailable","offersDelivery","deliveryCostPence","auctionEndsAt","visibleOnMarketplace","createdAt","updatedAt"
) VALUES (
'legacy_l_140','legacy_u_2','Crossley Tudor Roof tiles',NULL,'Crossley Tudor interlocking clay roof tiles. these tiles are reclaimed but in great condition. we have around 2000 of these second hand roof tiles available. depwnding in how many you need we are happy to ship on a pallet at an additional cost. price stated is per roof tile plus VAT.',400,'used',(SELECT "id" FROM "Category" WHERE "slug" = 'roof-tiles-slates' LIMIT 1),NULL,NULL,NULL,ARRAY['https://thereclaimedcompany.com/uploads/images/202108/img_1920x_6106369fed0f80-81275496-81121604.JPG','https://thereclaimedcompany.com/uploads/images/202108/img_1920x_610636a8bb0f76-23868213-90745548.JPG','https://thereclaimedcompany.com/uploads/images/202108/img_1920x_6106369519b401-96113522-81647875.JPG','https://thereclaimedcompany.com/uploads/images/202108/img_1920x_6106368baf3ba1-27175979-33412951.JPG','https://thereclaimedcompany.com/uploads/images/202108/img_1920x_61063681d1d0e7-62225656-83483914.JPG','https://thereclaimedcompany.com/uploads/images/202108/img_1920x_61063677080af2-24877734-51176038.JPG']::text[],'active','sell','PER_UNIT',2000,false,NULL,NULL,true,'2021-08-01T05:55:23Z'::timestamptz,'2021-08-01T05:55:23Z'::timestamptz);

INSERT INTO "Listing" (
"id","sellerId","title","sellerReference","description","price","condition","categoryId","postcode","lat","lng","images","status","listingKind","pricingMode","unitsAvailable","offersDelivery","deliveryCostPence","auctionEndsAt","visibleOnMarketplace","createdAt","updatedAt"
) VALUES (
'legacy_l_141','legacy_u_2','Sandtoft Neo Pantiles | Reclaimed but in great condition',NULL,'We have arond 3000 sandtoft Neo Pantiles, Flanders Red. Salvaged from a single source the tiles are saecond hand but had only been installed for around 8 years before being removed. Perfect for an extension roof area or for a re roofing project where a modern interlocking clay pantile is required. The price stated is per tile and we can arrange delivery as required based upon the qualitity ordered at an additional cost. Beat the waiting times for new roof tiles by buying these. Either buy online here or visit us directly at our online shop. Check out our video which showcases the quality of these second had roof tiles. https://youtu.be/P1ogXvjudFc',125,'used',(SELECT "id" FROM "Category" WHERE "slug" = 'roof-tiles-slates' LIMIT 1),NULL,NULL,NULL,ARRAY['https://thereclaimedcompany.com/uploads/images/202108/img_1920x_61079d479b03e2-33659548-20267513.jpeg','https://thereclaimedcompany.com/uploads/images/202108/img_1920x_61079d54c938c9-52296940-20975810.jpeg','https://thereclaimedcompany.com/uploads/images/202108/img_1920x_61079d4f155aa9-71053307-69122021.jpeg']::text[],'active','sell','PER_UNIT',2000,false,NULL,NULL,true,'2021-08-02T07:26:15Z'::timestamptz,'2021-08-02T07:26:15Z'::timestamptz);

INSERT INTO "Listing" (
"id","sellerId","title","sellerReference","description","price","condition","categoryId","postcode","lat","lng","images","status","listingKind","pricingMode","unitsAvailable","offersDelivery","deliveryCostPence","auctionEndsAt","visibleOnMarketplace","createdAt","updatedAt"
) VALUES (
'legacy_l_144','legacy_u_17','Salvaged Copper Top Street Light',NULL,'Coated in an unusual shade of blue, this salvaged copper top Street light is perfect for a DIY restoration project. Presented on a frog collar, this is from the city of London. Height / 122cm',16500,'used',(SELECT "id" FROM "Category" WHERE "slug" = 'hardware-fixtures' LIMIT 1),NULL,NULL,NULL,ARRAY['https://thereclaimedcompany.com/uploads/images/202108/img_1920x_61091fc52a4c21-88657503-48454946.jpg','https://thereclaimedcompany.com/uploads/images/202108/img_1920x_61091fc3d511b4-62745038-27620429.jpg']::text[],'active','sell','LOT',NULL,false,NULL,NULL,true,'2021-08-03T10:52:44Z'::timestamptz,'2021-08-03T10:52:44Z'::timestamptz);

INSERT INTO "Listing" (
"id","sellerId","title","sellerReference","description","price","condition","categoryId","postcode","lat","lng","images","status","listingKind","pricingMode","unitsAvailable","offersDelivery","deliveryCostPence","auctionEndsAt","visibleOnMarketplace","createdAt","updatedAt"
) VALUES (
'legacy_l_145','legacy_u_17','Small Galvanised Water Tank',NULL,'The smallest galvanised tank I have seen to date, this would make a lovely herb planter for a garden with limited space. Height / 32cm Width / 46cm Depth / 30cm',5400,'used',(SELECT "id" FROM "Category" WHERE "slug" = 'other' LIMIT 1),NULL,NULL,NULL,ARRAY['https://thereclaimedcompany.com/uploads/images/202108/img_1920x_6109224a26b557-04094846-73611469.jpg']::text[],'active','sell','LOT',NULL,false,NULL,NULL,true,'2021-08-03T11:03:56Z'::timestamptz,'2021-08-03T11:03:56Z'::timestamptz);

INSERT INTO "Listing" (
"id","sellerId","title","sellerReference","description","price","condition","categoryId","postcode","lat","lng","images","status","listingKind","pricingMode","unitsAvailable","offersDelivery","deliveryCostPence","auctionEndsAt","visibleOnMarketplace","createdAt","updatedAt"
) VALUES (
'legacy_l_153','legacy_u_17','Salvaged Copper Top Street Lamp',NULL,'Coated in an unusual shade of blue, this salvaged copper top Street light is perfect for a DIY restoration project. Presented on a frog collar, this is from the city of London. Height /93cm',16500,'used',(SELECT "id" FROM "Category" WHERE "slug" = 'hardware-fixtures' LIMIT 1),NULL,NULL,NULL,ARRAY['https://thereclaimedcompany.com/uploads/images/202108/img_1920x_610933fb494cb7-20118725-94934297.jpg']::text[],'active','sell','LOT',NULL,false,NULL,NULL,true,'2021-08-03T12:18:01Z'::timestamptz,'2021-08-03T12:18:01Z'::timestamptz);

INSERT INTO "Listing" (
"id","sellerId","title","sellerReference","description","price","condition","categoryId","postcode","lat","lng","images","status","listingKind","pricingMode","unitsAvailable","offersDelivery","deliveryCostPence","auctionEndsAt","visibleOnMarketplace","createdAt","updatedAt"
) VALUES (
'legacy_l_154','legacy_u_17','Copper Top Street Light',NULL,'A single classic Victorian style street light salvaged from the City of London, Westminster. An attractively shaped copper top featuring its original plastic screen, this has been rewired (for display purposes) and mounted on a bespoke steel stand. A fantastic feature for a driveway, garden, patio, Yard... Get in touch to discuss national delivery or flexible collection. Height / 225cm Diameter of base / 60cm',38000,'used',(SELECT "id" FROM "Category" WHERE "slug" = 'hardware-fixtures' LIMIT 1),NULL,NULL,NULL,ARRAY['https://thereclaimedcompany.com/uploads/images/202108/img_1920x_610933ff7fff85-68903251-20112034.jpg']::text[],'active','sell','LOT',NULL,false,NULL,NULL,true,'2021-08-03T12:18:05Z'::timestamptz,'2021-08-03T12:18:05Z'::timestamptz);

INSERT INTO "Listing" (
"id","sellerId","title","sellerReference","description","price","condition","categoryId","postcode","lat","lng","images","status","listingKind","pricingMode","unitsAvailable","offersDelivery","deliveryCostPence","auctionEndsAt","visibleOnMarketplace","createdAt","updatedAt"
) VALUES (
'legacy_l_155','legacy_u_17','Pair of Salvaged London Street Lights',NULL,'A pair of Victorian style street lights salvaged from the City of London (Westminster). Featuring their original plastic screens, these have been rewired (for display purposes) and mounted on bespoke collars on to steel stands. A fantastic feature for a driveway, garden, patio, Yard... Get in touch to discuss national delivery or flexible collection. Height / 250cm Diameter of base / 70cm',84000,'used',(SELECT "id" FROM "Category" WHERE "slug" = 'hardware-fixtures' LIMIT 1),NULL,NULL,NULL,ARRAY['https://thereclaimedcompany.com/uploads/images/202108/img_1920x_610934034db516-61824153-39917662.jpg']::text[],'active','sell','LOT',NULL,false,NULL,NULL,true,'2021-08-03T12:18:09Z'::timestamptz,'2021-08-03T12:18:09Z'::timestamptz);

INSERT INTO "Listing" (
"id","sellerId","title","sellerReference","description","price","condition","categoryId","postcode","lat","lng","images","status","listingKind","pricingMode","unitsAvailable","offersDelivery","deliveryCostPence","auctionEndsAt","visibleOnMarketplace","createdAt","updatedAt"
) VALUES (
'legacy_l_156','legacy_u_17','Salvaged Copper Street Lights',NULL,'London (Westminster) copper top Street lights in salvaged condition. One with its frog collar, Each light features its original plastic screen and attractive brass screws. Price per light. Get in touch to discuss national delivery or flexible collection. Height / 109cm Width / 42cm Height / 98cm Width / 42cm',0,'used',(SELECT "id" FROM "Category" WHERE "slug" = 'hardware-fixtures' LIMIT 1),NULL,NULL,NULL,ARRAY['https://thereclaimedcompany.com/uploads/images/202108/img_1920x_61093407353a16-88707589-43547806.jpg']::text[],'active','sell','LOT',NULL,false,NULL,NULL,true,'2021-08-03T12:18:13Z'::timestamptz,'2021-08-03T12:18:13Z'::timestamptz);

INSERT INTO "Listing" (
"id","sellerId","title","sellerReference","description","price","condition","categoryId","postcode","lat","lng","images","status","listingKind","pricingMode","unitsAvailable","offersDelivery","deliveryCostPence","auctionEndsAt","visibleOnMarketplace","createdAt","updatedAt"
) VALUES (
'legacy_l_157','legacy_u_17','Rewired London Street Light',NULL,'A circular street lantern, rewired (for display purposes) featuring a shapely frog collar and decorative spelter gallery and finial. I can arrange for a steel wall bracket or stand to be made for ?150. Get in touch to discuss national delivery or flexible collection. Height / 99cm',30000,'used',(SELECT "id" FROM "Category" WHERE "slug" = 'hardware-fixtures' LIMIT 1),NULL,NULL,NULL,ARRAY['https://thereclaimedcompany.com/uploads/images/202108/img_1920x_6109340ad60630-35546777-29320429.jpg']::text[],'active','sell','LOT',NULL,false,NULL,NULL,true,'2021-08-03T12:18:17Z'::timestamptz,'2021-08-03T12:18:17Z'::timestamptz);

INSERT INTO "Listing" (
"id","sellerId","title","sellerReference","description","price","condition","categoryId","postcode","lat","lng","images","status","listingKind","pricingMode","unitsAvailable","offersDelivery","deliveryCostPence","auctionEndsAt","visibleOnMarketplace","createdAt","updatedAt"
) VALUES (
'legacy_l_158','legacy_u_17','Salvaged London Park Light',NULL,'A 1960''s Urbis Albany ''swan-neck'' lamp from a park in Westminster, London. Free-standing in a custom made base, perfect for lighting up a patio area. A real feature piece. Approx Height / 200cm Base Diameter / 80cm',43000,'used',(SELECT "id" FROM "Category" WHERE "slug" = 'hardware-fixtures' LIMIT 1),NULL,NULL,NULL,ARRAY['https://thereclaimedcompany.com/uploads/images/202108/img_1920x_6109340da6eb00-78661423-34879377.jpg']::text[],'active','sell','LOT',NULL,false,NULL,NULL,true,'2021-08-03T12:18:21Z'::timestamptz,'2021-08-03T12:18:21Z'::timestamptz);

INSERT INTO "Listing" (
"id","sellerId","title","sellerReference","description","price","condition","categoryId","postcode","lat","lng","images","status","listingKind","pricingMode","unitsAvailable","offersDelivery","deliveryCostPence","auctionEndsAt","visibleOnMarketplace","createdAt","updatedAt"
) VALUES (
'legacy_l_159','legacy_u_17','Cast Iron Lamp Post',NULL,'Around 365cm tall, this salvaged cast iron lamp post is a superb example of Victorian manufacture. The top of the light rests into the main body. I would reccomend that a new plug or stopper is sourced. I have simply used some wedges made from wood.Fixed to a 25cm square plinth. Very easily wired and very heavy.',38000,'used',(SELECT "id" FROM "Category" WHERE "slug" = 'hardware-fixtures' LIMIT 1),NULL,NULL,NULL,ARRAY['https://thereclaimedcompany.com/uploads/images/202108/img_1920x_6109340ee74fe4-53109364-52374767.jpg']::text[],'active','sell','LOT',NULL,false,NULL,NULL,true,'2021-08-03T12:18:22Z'::timestamptz,'2021-08-03T12:18:22Z'::timestamptz);

INSERT INTO "Listing" (
"id","sellerId","title","sellerReference","description","price","condition","categoryId","postcode","lat","lng","images","status","listingKind","pricingMode","unitsAvailable","offersDelivery","deliveryCostPence","auctionEndsAt","visibleOnMarketplace","createdAt","updatedAt"
) VALUES (
'legacy_l_160','legacy_u_17','Large Gnarly Olive Tree 5',NULL,'Large Gnarly Olive Tree 5',0,'used',(SELECT "id" FROM "Category" WHERE "slug" = 'other' LIMIT 1),NULL,NULL,NULL,ARRAY['https://thereclaimedcompany.com/uploads/images/202108/img_1920x_610939286c9412-75750801-30865952.jpg']::text[],'active','sell','LOT',NULL,false,NULL,NULL,true,'2021-08-03T12:40:06Z'::timestamptz,'2021-08-03T12:40:06Z'::timestamptz);

INSERT INTO "Listing" (
"id","sellerId","title","sellerReference","description","price","condition","categoryId","postcode","lat","lng","images","status","listingKind","pricingMode","unitsAvailable","offersDelivery","deliveryCostPence","auctionEndsAt","visibleOnMarketplace","createdAt","updatedAt"
) VALUES (
'legacy_l_161','legacy_u_17','Fantastic Cast Stone Armorial Plaque',NULL,'Fantastic Cast Stone Armorial Plaque',16500,'used',(SELECT "id" FROM "Category" WHERE "slug" = 'other' LIMIT 1),NULL,NULL,NULL,ARRAY['https://thereclaimedcompany.com/uploads/images/202108/img_1920x_6109392c528d00-27188064-85150793.jpg']::text[],'active','sell','LOT',NULL,false,NULL,NULL,true,'2021-08-03T12:40:10Z'::timestamptz,'2021-08-03T12:40:10Z'::timestamptz);

INSERT INTO "Listing" (
"id","sellerId","title","sellerReference","description","price","condition","categoryId","postcode","lat","lng","images","status","listingKind","pricingMode","unitsAvailable","offersDelivery","deliveryCostPence","auctionEndsAt","visibleOnMarketplace","createdAt","updatedAt"
) VALUES (
'legacy_l_162','legacy_u_17','Vintage Raised Trough',NULL,'Vintage Raised Trough',0,'used',(SELECT "id" FROM "Category" WHERE "slug" = 'other' LIMIT 1),NULL,NULL,NULL,ARRAY['https://thereclaimedcompany.com/uploads/images/202108/img_1920x_6109393063dc45-31540060-64944302.jpg']::text[],'active','sell','LOT',NULL,false,NULL,NULL,true,'2021-08-03T12:40:14Z'::timestamptz,'2021-08-03T12:40:14Z'::timestamptz);

INSERT INTO "Listing" (
"id","sellerId","title","sellerReference","description","price","condition","categoryId","postcode","lat","lng","images","status","listingKind","pricingMode","unitsAvailable","offersDelivery","deliveryCostPence","auctionEndsAt","visibleOnMarketplace","createdAt","updatedAt"
) VALUES (
'legacy_l_163','legacy_u_17','Victorian Cherub Bird Bath',NULL,'Victorian Cherub Bird Bath',46000,'used',(SELECT "id" FROM "Category" WHERE "slug" = 'other' LIMIT 1),NULL,NULL,NULL,ARRAY['https://thereclaimedcompany.com/uploads/images/202108/img_1920x_610939343a47b7-27092890-82124050.jpg']::text[],'active','sell','LOT',NULL,false,NULL,NULL,true,'2021-08-03T12:40:18Z'::timestamptz,'2021-08-03T12:40:18Z'::timestamptz);

INSERT INTO "Listing" (
"id","sellerId","title","sellerReference","description","price","condition","categoryId","postcode","lat","lng","images","status","listingKind","pricingMode","unitsAvailable","offersDelivery","deliveryCostPence","auctionEndsAt","visibleOnMarketplace","createdAt","updatedAt"
) VALUES (
'legacy_l_164','legacy_u_17','Antique Salt Glazed Sink',NULL,'Antique Salt Glazed Sink',11500,'used',(SELECT "id" FROM "Category" WHERE "slug" = 'other' LIMIT 1),NULL,NULL,NULL,ARRAY['https://thereclaimedcompany.com/uploads/images/202108/img_1920x_61093937eec4f1-24190609-62907784.jpg']::text[],'active','sell','LOT',NULL,false,NULL,NULL,true,'2021-08-03T12:40:22Z'::timestamptz,'2021-08-03T12:40:22Z'::timestamptz);

INSERT INTO "Listing" (
"id","sellerId","title","sellerReference","description","price","condition","categoryId","postcode","lat","lng","images","status","listingKind","pricingMode","unitsAvailable","offersDelivery","deliveryCostPence","auctionEndsAt","visibleOnMarketplace","createdAt","updatedAt"
) VALUES (
'legacy_l_165','legacy_u_17','Vintage Galvanised Tub',NULL,'Vintage Galvanised Tub',5500,'used',(SELECT "id" FROM "Category" WHERE "slug" = 'other' LIMIT 1),NULL,NULL,NULL,ARRAY['https://thereclaimedcompany.com/uploads/images/202108/img_1920x_6109393bce5a30-21479634-75924882.jpg']::text[],'active','sell','LOT',NULL,false,NULL,NULL,true,'2021-08-03T12:40:26Z'::timestamptz,'2021-08-03T12:40:26Z'::timestamptz);

INSERT INTO "Listing" (
"id","sellerId","title","sellerReference","description","price","condition","categoryId","postcode","lat","lng","images","status","listingKind","pricingMode","unitsAvailable","offersDelivery","deliveryCostPence","auctionEndsAt","visibleOnMarketplace","createdAt","updatedAt"
) VALUES (
'legacy_l_166','legacy_u_17','Vintage Galvanised Tub',NULL,'Vintage Galvanised Tub',5500,'used',(SELECT "id" FROM "Category" WHERE "slug" = 'other' LIMIT 1),NULL,NULL,NULL,ARRAY['https://thereclaimedcompany.com/uploads/images/202108/img_1920x_6109393fa2df50-05667406-73585786.jpg']::text[],'active','sell','LOT',NULL,false,NULL,NULL,true,'2021-08-03T12:40:30Z'::timestamptz,'2021-08-03T12:40:30Z'::timestamptz);

INSERT INTO "Listing" (
"id","sellerId","title","sellerReference","description","price","condition","categoryId","postcode","lat","lng","images","status","listingKind","pricingMode","unitsAvailable","offersDelivery","deliveryCostPence","auctionEndsAt","visibleOnMarketplace","createdAt","updatedAt"
) VALUES (
'legacy_l_167','legacy_u_17','Vintage Galvanised Tub',NULL,'Vintage Galvanised Tub',5500,'used',(SELECT "id" FROM "Category" WHERE "slug" = 'other' LIMIT 1),NULL,NULL,NULL,ARRAY['https://thereclaimedcompany.com/uploads/images/202108/img_1920x_610939436a85a9-77269152-66313591.jpg']::text[],'active','sell','LOT',NULL,false,NULL,NULL,true,'2021-08-03T12:40:34Z'::timestamptz,'2021-08-03T12:40:34Z'::timestamptz);

INSERT INTO "Listing" (
"id","sellerId","title","sellerReference","description","price","condition","categoryId","postcode","lat","lng","images","status","listingKind","pricingMode","unitsAvailable","offersDelivery","deliveryCostPence","auctionEndsAt","visibleOnMarketplace","createdAt","updatedAt"
) VALUES (
'legacy_l_168','legacy_u_17','Classical Cast Stone Planter',NULL,'Classical Cast Stone Planter',0,'used',(SELECT "id" FROM "Category" WHERE "slug" = 'other' LIMIT 1),NULL,NULL,NULL,ARRAY['https://thereclaimedcompany.com/uploads/images/202108/img_1920x_610939462f6139-01969746-51064210.jpg']::text[],'active','sell','LOT',NULL,false,NULL,NULL,true,'2021-08-03T12:40:37Z'::timestamptz,'2021-08-03T12:40:37Z'::timestamptz);

INSERT INTO "Listing" (
"id","sellerId","title","sellerReference","description","price","condition","categoryId","postcode","lat","lng","images","status","listingKind","pricingMode","unitsAvailable","offersDelivery","deliveryCostPence","auctionEndsAt","visibleOnMarketplace","createdAt","updatedAt"
) VALUES (
'legacy_l_169','legacy_u_17','Pair of Unusual Ribbed Planters',NULL,'Pair of Unusual Ribbed Planters',21000,'used',(SELECT "id" FROM "Category" WHERE "slug" = 'other' LIMIT 1),NULL,NULL,NULL,ARRAY['https://thereclaimedcompany.com/uploads/images/202108/img_1920x_610939485c97f4-64614774-85685961.jpg']::text[],'active','sell','LOT',NULL,false,NULL,NULL,true,'2021-08-03T12:40:38Z'::timestamptz,'2021-08-03T12:40:38Z'::timestamptz);

INSERT INTO "Listing" (
"id","sellerId","title","sellerReference","description","price","condition","categoryId","postcode","lat","lng","images","status","listingKind","pricingMode","unitsAvailable","offersDelivery","deliveryCostPence","auctionEndsAt","visibleOnMarketplace","createdAt","updatedAt"
) VALUES (
'legacy_l_170','legacy_u_17','Plant Stand',NULL,'Plant Stand',14000,'used',(SELECT "id" FROM "Category" WHERE "slug" = 'other' LIMIT 1),NULL,NULL,NULL,ARRAY['https://thereclaimedcompany.com/uploads/images/202108/img_1920x_6109394cc1c508-19876804-77924597.jpg']::text[],'active','sell','LOT',NULL,false,NULL,NULL,true,'2021-08-03T12:40:43Z'::timestamptz,'2021-08-03T12:40:43Z'::timestamptz);

INSERT INTO "Listing" (
"id","sellerId","title","sellerReference","description","price","condition","categoryId","postcode","lat","lng","images","status","listingKind","pricingMode","unitsAvailable","offersDelivery","deliveryCostPence","auctionEndsAt","visibleOnMarketplace","createdAt","updatedAt"
) VALUES (
'legacy_l_171','legacy_u_17','Vintage Enamel Jugs',NULL,'Vintage Enamel Jugs',3400,'used',(SELECT "id" FROM "Category" WHERE "slug" = 'other' LIMIT 1),NULL,NULL,NULL,ARRAY['https://thereclaimedcompany.com/uploads/images/202108/img_1920x_610939505e2ed9-42197118-83663968.jpg']::text[],'active','sell','LOT',NULL,false,NULL,NULL,true,'2021-08-03T12:40:47Z'::timestamptz,'2021-08-03T12:40:47Z'::timestamptz);

INSERT INTO "Listing" (
"id","sellerId","title","sellerReference","description","price","condition","categoryId","postcode","lat","lng","images","status","listingKind","pricingMode","unitsAvailable","offersDelivery","deliveryCostPence","auctionEndsAt","visibleOnMarketplace","createdAt","updatedAt"
) VALUES (
'legacy_l_172','legacy_u_17','Vintage Terracotta Urn',NULL,'Vintage Terracotta Urn',28000,'used',(SELECT "id" FROM "Category" WHERE "slug" = 'other' LIMIT 1),NULL,NULL,NULL,ARRAY['https://thereclaimedcompany.com/uploads/images/202108/img_1920x_610939532f9bb3-33404740-11655461.jpg']::text[],'active','sell','LOT',NULL,false,NULL,NULL,true,'2021-08-03T12:40:50Z'::timestamptz,'2021-08-03T12:40:50Z'::timestamptz);

INSERT INTO "Listing" (
"id","sellerId","title","sellerReference","description","price","condition","categoryId","postcode","lat","lng","images","status","listingKind","pricingMode","unitsAvailable","offersDelivery","deliveryCostPence","auctionEndsAt","visibleOnMarketplace","createdAt","updatedAt"
) VALUES (
'legacy_l_173','legacy_u_17','Terracotta Bi-Handled Pot',NULL,'Terracotta Bi-Handled Pot',0,'used',(SELECT "id" FROM "Category" WHERE "slug" = 'other' LIMIT 1),NULL,NULL,NULL,ARRAY['https://thereclaimedcompany.com/uploads/images/202108/img_1920x_610939545fa082-24602062-51699936.jpg']::text[],'active','sell','LOT',NULL,false,NULL,NULL,true,'2021-08-03T12:40:51Z'::timestamptz,'2021-08-03T12:40:51Z'::timestamptz);

INSERT INTO "Listing" (
"id","sellerId","title","sellerReference","description","price","condition","categoryId","postcode","lat","lng","images","status","listingKind","pricingMode","unitsAvailable","offersDelivery","deliveryCostPence","auctionEndsAt","visibleOnMarketplace","createdAt","updatedAt"
) VALUES (
'legacy_l_174','legacy_u_17','Italian Terracotta Troughs',NULL,'Italian Terracotta Troughs',4800,'used',(SELECT "id" FROM "Category" WHERE "slug" = 'other' LIMIT 1),NULL,NULL,NULL,ARRAY['https://thereclaimedcompany.com/uploads/images/202108/img_1920x_610939569770f3-04077573-80074679.jpg']::text[],'active','sell','LOT',NULL,false,NULL,NULL,true,'2021-08-03T12:40:52Z'::timestamptz,'2021-08-03T12:40:52Z'::timestamptz);

INSERT INTO "Listing" (
"id","sellerId","title","sellerReference","description","price","condition","categoryId","postcode","lat","lng","images","status","listingKind","pricingMode","unitsAvailable","offersDelivery","deliveryCostPence","auctionEndsAt","visibleOnMarketplace","createdAt","updatedAt"
) VALUES (
'legacy_l_175','legacy_u_17','Refurbished Victorian Cast Iron Table',NULL,'Refurbished Victorian Cast Iron Table',46000,'used',(SELECT "id" FROM "Category" WHERE "slug" = 'other' LIMIT 1),NULL,NULL,NULL,ARRAY['https://thereclaimedcompany.com/uploads/images/202108/img_1920x_610939595f8b07-24336825-83780034.jpg']::text[],'active','sell','LOT',NULL,false,NULL,NULL,true,'2021-08-03T12:40:56Z'::timestamptz,'2021-08-03T12:40:56Z'::timestamptz);

INSERT INTO "Listing" (
"id","sellerId","title","sellerReference","description","price","condition","categoryId","postcode","lat","lng","images","status","listingKind","pricingMode","unitsAvailable","offersDelivery","deliveryCostPence","auctionEndsAt","visibleOnMarketplace","createdAt","updatedAt"
) VALUES (
'legacy_l_176','legacy_u_17','Stone Traders Plaques',NULL,'Stone Traders Plaques',5000,'used',(SELECT "id" FROM "Category" WHERE "slug" = 'other' LIMIT 1),NULL,NULL,NULL,ARRAY['https://thereclaimedcompany.com/uploads/images/202108/img_1920x_6109395b3ea941-83710023-69974929.jpg']::text[],'active','sell','LOT',NULL,false,NULL,NULL,true,'2021-08-03T12:40:57Z'::timestamptz,'2021-08-03T12:40:57Z'::timestamptz);

INSERT INTO "Listing" (
"id","sellerId","title","sellerReference","description","price","condition","categoryId","postcode","lat","lng","images","status","listingKind","pricingMode","unitsAvailable","offersDelivery","deliveryCostPence","auctionEndsAt","visibleOnMarketplace","createdAt","updatedAt"
) VALUES (
'legacy_l_177','legacy_u_17','Pair of Antique Stone Plaques',NULL,'Pair of Antique Stone Plaques',350,'used',(SELECT "id" FROM "Category" WHERE "slug" = 'other' LIMIT 1),NULL,NULL,NULL,ARRAY['https://thereclaimedcompany.com/uploads/images/202108/img_1920x_6109395f4a5118-82100359-91855272.jpg']::text[],'active','sell','LOT',NULL,false,NULL,NULL,true,'2021-08-03T12:41:01Z'::timestamptz,'2021-08-03T12:41:01Z'::timestamptz);

INSERT INTO "Listing" (
"id","sellerId","title","sellerReference","description","price","condition","categoryId","postcode","lat","lng","images","status","listingKind","pricingMode","unitsAvailable","offersDelivery","deliveryCostPence","auctionEndsAt","visibleOnMarketplace","createdAt","updatedAt"
) VALUES (
'legacy_l_178','legacy_u_17','Cordoba Bowl 1 by Jo Sterrick',NULL,'Cordoba Bowl 1 by Jo Sterrick',4800,'used',(SELECT "id" FROM "Category" WHERE "slug" = 'other' LIMIT 1),NULL,NULL,NULL,ARRAY['https://thereclaimedcompany.com/uploads/images/202108/img_1920x_6109396364f9d2-68697447-69421302.jpg']::text[],'active','sell','LOT',NULL,false,NULL,NULL,true,'2021-08-03T12:41:05Z'::timestamptz,'2021-08-03T12:41:05Z'::timestamptz);

INSERT INTO "Listing" (
"id","sellerId","title","sellerReference","description","price","condition","categoryId","postcode","lat","lng","images","status","listingKind","pricingMode","unitsAvailable","offersDelivery","deliveryCostPence","auctionEndsAt","visibleOnMarketplace","createdAt","updatedAt"
) VALUES (
'legacy_l_179','legacy_u_17','Nuevo Bowl 1 by Jo Sterrick',NULL,'Nuevo Bowl 1 by Jo Sterrick',9000,'used',(SELECT "id" FROM "Category" WHERE "slug" = 'other' LIMIT 1),NULL,NULL,NULL,ARRAY['https://thereclaimedcompany.com/uploads/images/202108/img_1920x_6109396771b388-56347094-34268384.jpg']::text[],'active','sell','LOT',NULL,false,NULL,NULL,true,'2021-08-03T12:41:09Z'::timestamptz,'2021-08-03T12:41:09Z'::timestamptz);

INSERT INTO "Listing" (
"id","sellerId","title","sellerReference","description","price","condition","categoryId","postcode","lat","lng","images","status","listingKind","pricingMode","unitsAvailable","offersDelivery","deliveryCostPence","auctionEndsAt","visibleOnMarketplace","createdAt","updatedAt"
) VALUES (
'legacy_l_180','legacy_u_17','Cast Iron Boot Scraper',NULL,'Cast Iron Boot Scraper',4500,'used',(SELECT "id" FROM "Category" WHERE "slug" = 'other' LIMIT 1),NULL,NULL,NULL,ARRAY['https://thereclaimedcompany.com/uploads/images/202108/img_1920x_6109396b4daa93-22774187-42573104.jpg']::text[],'active','sell','LOT',NULL,false,NULL,NULL,true,'2021-08-03T12:41:13Z'::timestamptz,'2021-08-03T12:41:13Z'::timestamptz);

INSERT INTO "Listing" (
"id","sellerId","title","sellerReference","description","price","condition","categoryId","postcode","lat","lng","images","status","listingKind","pricingMode","unitsAvailable","offersDelivery","deliveryCostPence","auctionEndsAt","visibleOnMarketplace","createdAt","updatedAt"
) VALUES (
'legacy_l_181','legacy_u_17','Tazza Urn',NULL,'Tazza Urn',43000,'used',(SELECT "id" FROM "Category" WHERE "slug" = 'other' LIMIT 1),NULL,NULL,NULL,ARRAY['https://thereclaimedcompany.com/uploads/images/202108/img_1920x_6109396e1c9e86-10709884-85430023.jpg']::text[],'active','sell','LOT',NULL,false,NULL,NULL,true,'2021-08-03T12:41:17Z'::timestamptz,'2021-08-03T12:41:17Z'::timestamptz);

INSERT INTO "Listing" (
"id","sellerId","title","sellerReference","description","price","condition","categoryId","postcode","lat","lng","images","status","listingKind","pricingMode","unitsAvailable","offersDelivery","deliveryCostPence","auctionEndsAt","visibleOnMarketplace","createdAt","updatedAt"
) VALUES (
'legacy_l_182','legacy_u_17','Fish Fountain',NULL,'Fish Fountain',14000,'used',(SELECT "id" FROM "Category" WHERE "slug" = 'other' LIMIT 1),NULL,NULL,NULL,ARRAY['https://thereclaimedcompany.com/uploads/images/202108/img_1920x_6109396f21d1a5-05407884-65707697.jpg']::text[],'active','sell','LOT',NULL,false,NULL,NULL,true,'2021-08-03T12:41:18Z'::timestamptz,'2021-08-03T12:41:18Z'::timestamptz);

INSERT INTO "Listing" (
"id","sellerId","title","sellerReference","description","price","condition","categoryId","postcode","lat","lng","images","status","listingKind","pricingMode","unitsAvailable","offersDelivery","deliveryCostPence","auctionEndsAt","visibleOnMarketplace","createdAt","updatedAt"
) VALUES (
'legacy_l_183','legacy_u_17','Extra Large Pittosporum tobia Nanum',NULL,'Extra Large Pittosporum tobia Nanum',0,'used',(SELECT "id" FROM "Category" WHERE "slug" = 'other' LIMIT 1),NULL,NULL,NULL,ARRAY['https://thereclaimedcompany.com/uploads/images/202108/img_1920x_6109397146bb53-49060228-71088343.jpg']::text[],'active','sell','LOT',NULL,false,NULL,NULL,true,'2021-08-03T12:41:19Z'::timestamptz,'2021-08-03T12:41:19Z'::timestamptz);

INSERT INTO "Listing" (
"id","sellerId","title","sellerReference","description","price","condition","categoryId","postcode","lat","lng","images","status","listingKind","pricingMode","unitsAvailable","offersDelivery","deliveryCostPence","auctionEndsAt","visibleOnMarketplace","createdAt","updatedAt"
) VALUES (
'legacy_l_184','legacy_u_17','Italian Terracotta Pots',NULL,'Italian Terracotta Pots',500,'used',(SELECT "id" FROM "Category" WHERE "slug" = 'other' LIMIT 1),NULL,NULL,NULL,ARRAY['https://thereclaimedcompany.com/uploads/images/202108/img_1920x_61093974ea0c70-75282387-75847997.jpg']::text[],'active','sell','LOT',NULL,false,NULL,NULL,true,'2021-08-03T12:41:23Z'::timestamptz,'2021-08-03T12:41:23Z'::timestamptz);

INSERT INTO "Listing" (
"id","sellerId","title","sellerReference","description","price","condition","categoryId","postcode","lat","lng","images","status","listingKind","pricingMode","unitsAvailable","offersDelivery","deliveryCostPence","auctionEndsAt","visibleOnMarketplace","createdAt","updatedAt"
) VALUES (
'legacy_l_185','legacy_u_17','Pretty Garden Bench',NULL,'Pretty Garden Bench',47500,'used',(SELECT "id" FROM "Category" WHERE "slug" = 'other' LIMIT 1),NULL,NULL,NULL,ARRAY['https://thereclaimedcompany.com/uploads/images/202108/img_1920x_610939789977c1-53686172-71177544.jpg']::text[],'active','sell','LOT',NULL,false,NULL,NULL,true,'2021-08-03T12:41:27Z'::timestamptz,'2021-08-03T12:41:27Z'::timestamptz);

INSERT INTO "Listing" (
"id","sellerId","title","sellerReference","description","price","condition","categoryId","postcode","lat","lng","images","status","listingKind","pricingMode","unitsAvailable","offersDelivery","deliveryCostPence","auctionEndsAt","visibleOnMarketplace","createdAt","updatedAt"
) VALUES (
'legacy_l_186','legacy_u_17','Folk Art French Milk Churn',NULL,'Folk Art French Milk Churn',6400,'used',(SELECT "id" FROM "Category" WHERE "slug" = 'other' LIMIT 1),NULL,NULL,NULL,ARRAY['https://thereclaimedcompany.com/uploads/images/202108/img_1920x_6109397c30bb85-19316140-62123672.jpg']::text[],'active','sell','LOT',NULL,false,NULL,NULL,true,'2021-08-03T12:41:30Z'::timestamptz,'2021-08-03T12:41:30Z'::timestamptz);

INSERT INTO "Listing" (
"id","sellerId","title","sellerReference","description","price","condition","categoryId","postcode","lat","lng","images","status","listingKind","pricingMode","unitsAvailable","offersDelivery","deliveryCostPence","auctionEndsAt","visibleOnMarketplace","createdAt","updatedAt"
) VALUES (
'legacy_l_187','legacy_u_17','Good Copper Tub',NULL,'Good Copper Tub',9000,'used',(SELECT "id" FROM "Category" WHERE "slug" = 'other' LIMIT 1),NULL,NULL,NULL,ARRAY['https://thereclaimedcompany.com/uploads/images/202108/img_1920x_6109397ff15db3-12727754-79585981.jpg']::text[],'active','sell','LOT',NULL,false,NULL,NULL,true,'2021-08-03T12:41:34Z'::timestamptz,'2021-08-03T12:41:34Z'::timestamptz);

INSERT INTO "Listing" (
"id","sellerId","title","sellerReference","description","price","condition","categoryId","postcode","lat","lng","images","status","listingKind","pricingMode","unitsAvailable","offersDelivery","deliveryCostPence","auctionEndsAt","visibleOnMarketplace","createdAt","updatedAt"
) VALUES (
'legacy_l_188','legacy_u_17','Useful Copper Planter',NULL,'Useful Copper Planter',5400,'used',(SELECT "id" FROM "Category" WHERE "slug" = 'other' LIMIT 1),NULL,NULL,NULL,ARRAY['https://thereclaimedcompany.com/uploads/images/202108/img_1920x_610939838ef3f6-93103461-41598818.jpg']::text[],'active','sell','LOT',NULL,false,NULL,NULL,true,'2021-08-03T12:41:38Z'::timestamptz,'2021-08-03T12:41:38Z'::timestamptz);

INSERT INTO "Listing" (
"id","sellerId","title","sellerReference","description","price","condition","categoryId","postcode","lat","lng","images","status","listingKind","pricingMode","unitsAvailable","offersDelivery","deliveryCostPence","auctionEndsAt","visibleOnMarketplace","createdAt","updatedAt"
) VALUES (
'legacy_l_189','legacy_u_17','Vintage Red Enamelled Tub',NULL,'Vintage Red Enamelled Tub',3500,'used',(SELECT "id" FROM "Category" WHERE "slug" = 'other' LIMIT 1),NULL,NULL,NULL,ARRAY['https://thereclaimedcompany.com/uploads/images/202108/img_1920x_610939872613b8-01299779-47080643.jpg']::text[],'active','sell','LOT',NULL,false,NULL,NULL,true,'2021-08-03T12:41:41Z'::timestamptz,'2021-08-03T12:41:41Z'::timestamptz);

INSERT INTO "Listing" (
"id","sellerId","title","sellerReference","description","price","condition","categoryId","postcode","lat","lng","images","status","listingKind","pricingMode","unitsAvailable","offersDelivery","deliveryCostPence","auctionEndsAt","visibleOnMarketplace","createdAt","updatedAt"
) VALUES (
'legacy_l_190','legacy_u_17','Fantastic Planter',NULL,'Fantastic Planter',9000,'used',(SELECT "id" FROM "Category" WHERE "slug" = 'other' LIMIT 1),NULL,NULL,NULL,ARRAY['https://thereclaimedcompany.com/uploads/images/202108/img_1920x_6109398add0e72-39838474-59529067.jpg']::text[],'active','sell','LOT',NULL,false,NULL,NULL,true,'2021-08-03T12:41:45Z'::timestamptz,'2021-08-03T12:41:45Z'::timestamptz);

INSERT INTO "Listing" (
"id","sellerId","title","sellerReference","description","price","condition","categoryId","postcode","lat","lng","images","status","listingKind","pricingMode","unitsAvailable","offersDelivery","deliveryCostPence","auctionEndsAt","visibleOnMarketplace","createdAt","updatedAt"
) VALUES (
'legacy_l_191','legacy_u_17','Small Galvanised Tank',NULL,'Small Galvanised Tank',5400,'used',(SELECT "id" FROM "Category" WHERE "slug" = 'other' LIMIT 1),NULL,NULL,NULL,ARRAY['https://thereclaimedcompany.com/uploads/images/202108/img_1920x_6109398e668ac5-68746904-27985336.jpg']::text[],'active','sell','LOT',NULL,false,NULL,NULL,true,'2021-08-03T12:41:49Z'::timestamptz,'2021-08-03T12:41:49Z'::timestamptz);

INSERT INTO "Listing" (
"id","sellerId","title","sellerReference","description","price","condition","categoryId","postcode","lat","lng","images","status","listingKind","pricingMode","unitsAvailable","offersDelivery","deliveryCostPence","auctionEndsAt","visibleOnMarketplace","createdAt","updatedAt"
) VALUES (
'legacy_l_192','legacy_u_17','Small Green Man Plaque',NULL,'Small Green Man Plaque',1500,'used',(SELECT "id" FROM "Category" WHERE "slug" = 'other' LIMIT 1),NULL,NULL,NULL,ARRAY['https://thereclaimedcompany.com/uploads/images/202108/img_1920x_61093992369b34-70206596-85629112.jpg']::text[],'active','sell','LOT',NULL,false,NULL,NULL,true,'2021-08-03T12:41:52Z'::timestamptz,'2021-08-03T12:41:52Z'::timestamptz);

INSERT INTO "Listing" (
"id","sellerId","title","sellerReference","description","price","condition","categoryId","postcode","lat","lng","images","status","listingKind","pricingMode","unitsAvailable","offersDelivery","deliveryCostPence","auctionEndsAt","visibleOnMarketplace","createdAt","updatedAt"
) VALUES (
'legacy_l_193','legacy_u_17','Pair of Vintage Metal Planters',NULL,'Pair of Vintage Metal Planters',11000,'used',(SELECT "id" FROM "Category" WHERE "slug" = 'other' LIMIT 1),NULL,NULL,NULL,ARRAY['https://thereclaimedcompany.com/uploads/images/202108/img_1920x_6109399601ba44-69007384-33633144.jpg']::text[],'active','sell','LOT',NULL,false,NULL,NULL,true,'2021-08-03T12:41:56Z'::timestamptz,'2021-08-03T12:41:56Z'::timestamptz);

INSERT INTO "Listing" (
"id","sellerId","title","sellerReference","description","price","condition","categoryId","postcode","lat","lng","images","status","listingKind","pricingMode","unitsAvailable","offersDelivery","deliveryCostPence","auctionEndsAt","visibleOnMarketplace","createdAt","updatedAt"
) VALUES (
'legacy_l_194','legacy_u_17','Weathered Terracotta Urn on Stand',NULL,'Weathered Terracotta Urn on Stand',32500,'used',(SELECT "id" FROM "Category" WHERE "slug" = 'other' LIMIT 1),NULL,NULL,NULL,ARRAY['https://thereclaimedcompany.com/uploads/images/202108/img_1920x_610939999b76e6-73918417-34074206.jpg']::text[],'active','sell','LOT',NULL,false,NULL,NULL,true,'2021-08-03T12:42:00Z'::timestamptz,'2021-08-03T12:42:00Z'::timestamptz);

INSERT INTO "Listing" (
"id","sellerId","title","sellerReference","description","price","condition","categoryId","postcode","lat","lng","images","status","listingKind","pricingMode","unitsAvailable","offersDelivery","deliveryCostPence","auctionEndsAt","visibleOnMarketplace","createdAt","updatedAt"
) VALUES (
'legacy_l_195','legacy_u_17','Victorian Period Branch Design Garden Bench',NULL,'Victorian Period Branch Design Garden Bench',52000,'used',(SELECT "id" FROM "Category" WHERE "slug" = 'other' LIMIT 1),NULL,NULL,NULL,ARRAY['https://thereclaimedcompany.com/uploads/images/202108/img_1920x_6109399c784198-48542385-72787993.jpg']::text[],'active','sell','LOT',NULL,false,NULL,NULL,true,'2021-08-03T12:42:03Z'::timestamptz,'2021-08-03T12:42:03Z'::timestamptz);

INSERT INTO "Listing" (
"id","sellerId","title","sellerReference","description","price","condition","categoryId","postcode","lat","lng","images","status","listingKind","pricingMode","unitsAvailable","offersDelivery","deliveryCostPence","auctionEndsAt","visibleOnMarketplace","createdAt","updatedAt"
) VALUES (
'legacy_l_196','legacy_u_17','Good Victorian Boot Scraper',NULL,'Good Victorian Boot Scraper',10000,'used',(SELECT "id" FROM "Category" WHERE "slug" = 'other' LIMIT 1),NULL,NULL,NULL,ARRAY['https://thereclaimedcompany.com/uploads/images/202108/img_1920x_6109399d7948b5-56831308-26983751.jpg']::text[],'active','sell','LOT',NULL,false,NULL,NULL,true,'2021-08-03T12:42:04Z'::timestamptz,'2021-08-03T12:42:04Z'::timestamptz);

INSERT INTO "Listing" (
"id","sellerId","title","sellerReference","description","price","condition","categoryId","postcode","lat","lng","images","status","listingKind","pricingMode","unitsAvailable","offersDelivery","deliveryCostPence","auctionEndsAt","visibleOnMarketplace","createdAt","updatedAt"
) VALUES (
'legacy_l_197','legacy_u_17','Copper Vat',NULL,'Copper Vat',38500,'used',(SELECT "id" FROM "Category" WHERE "slug" = 'other' LIMIT 1),NULL,NULL,NULL,ARRAY['https://thereclaimedcompany.com/uploads/images/202108/img_1920x_6109399fb0e295-90043403-21764364.jpg']::text[],'active','sell','LOT',NULL,false,NULL,NULL,true,'2021-08-03T12:42:06Z'::timestamptz,'2021-08-03T12:42:06Z'::timestamptz);

INSERT INTO "Listing" (
"id","sellerId","title","sellerReference","description","price","condition","categoryId","postcode","lat","lng","images","status","listingKind","pricingMode","unitsAvailable","offersDelivery","deliveryCostPence","auctionEndsAt","visibleOnMarketplace","createdAt","updatedAt"
) VALUES (
'legacy_l_198','legacy_u_17','Pair of Lion Statues',NULL,'Pair of Lion Statues',30000,'used',(SELECT "id" FROM "Category" WHERE "slug" = 'other' LIMIT 1),NULL,NULL,NULL,ARRAY['https://thereclaimedcompany.com/uploads/images/202108/img_1920x_610939a3682d67-32449411-47403774.jpg']::text[],'active','sell','LOT',NULL,false,NULL,NULL,true,'2021-08-03T12:42:09Z'::timestamptz,'2021-08-03T12:42:09Z'::timestamptz);

INSERT INTO "Listing" (
"id","sellerId","title","sellerReference","description","price","condition","categoryId","postcode","lat","lng","images","status","listingKind","pricingMode","unitsAvailable","offersDelivery","deliveryCostPence","auctionEndsAt","visibleOnMarketplace","createdAt","updatedAt"
) VALUES (
'legacy_l_199','legacy_u_17','Victorian Garden Bench',NULL,'Victorian Garden Bench',82000,'used',(SELECT "id" FROM "Category" WHERE "slug" = 'other' LIMIT 1),NULL,NULL,NULL,ARRAY['https://thereclaimedcompany.com/uploads/images/202108/img_1920x_610939a70e9441-55469425-29487751.jpg']::text[],'active','sell','LOT',NULL,false,NULL,NULL,true,'2021-08-03T12:42:13Z'::timestamptz,'2021-08-03T12:42:13Z'::timestamptz);

INSERT INTO "Listing" (
"id","sellerId","title","sellerReference","description","price","condition","categoryId","postcode","lat","lng","images","status","listingKind","pricingMode","unitsAvailable","offersDelivery","deliveryCostPence","auctionEndsAt","visibleOnMarketplace","createdAt","updatedAt"
) VALUES (
'legacy_l_200','legacy_u_17','Pair of Antique Hand Carved Stone Corbels',NULL,'Pair of Antique Hand Carved Stone Corbels',16000,'used',(SELECT "id" FROM "Category" WHERE "slug" = 'other' LIMIT 1),NULL,NULL,NULL,ARRAY['https://thereclaimedcompany.com/uploads/images/202108/img_1920x_610939aa9e9784-46473245-85350615.jpg']::text[],'active','sell','LOT',NULL,false,NULL,NULL,true,'2021-08-03T12:42:17Z'::timestamptz,'2021-08-03T12:42:17Z'::timestamptz);

INSERT INTO "Listing" (
"id","sellerId","title","sellerReference","description","price","condition","categoryId","postcode","lat","lng","images","status","listingKind","pricingMode","unitsAvailable","offersDelivery","deliveryCostPence","auctionEndsAt","visibleOnMarketplace","createdAt","updatedAt"
) VALUES (
'legacy_l_201','legacy_u_17','Antique Hand Carved Jali Stone Archway',NULL,'Antique Hand Carved Jali Stone Archway',36000,'used',(SELECT "id" FROM "Category" WHERE "slug" = 'other' LIMIT 1),NULL,NULL,NULL,ARRAY['https://thereclaimedcompany.com/uploads/images/202108/img_1920x_610939ae56a993-75802418-51095893.jpg']::text[],'active','sell','LOT',NULL,false,NULL,NULL,true,'2021-08-03T12:42:20Z'::timestamptz,'2021-08-03T12:42:20Z'::timestamptz);

INSERT INTO "Listing" (
"id","sellerId","title","sellerReference","description","price","condition","categoryId","postcode","lat","lng","images","status","listingKind","pricingMode","unitsAvailable","offersDelivery","deliveryCostPence","auctionEndsAt","visibleOnMarketplace","createdAt","updatedAt"
) VALUES (
'legacy_l_202','legacy_u_17','Quality Old Garden Riddle',NULL,'Quality Old Garden Riddle',4000,'used',(SELECT "id" FROM "Category" WHERE "slug" = 'other' LIMIT 1),NULL,NULL,NULL,ARRAY['https://thereclaimedcompany.com/uploads/images/202108/img_1920x_610939b2615cd4-87856686-81111144.jpg']::text[],'active','sell','LOT',NULL,false,NULL,NULL,true,'2021-08-03T12:42:24Z'::timestamptz,'2021-08-03T12:42:24Z'::timestamptz);

INSERT INTO "Listing" (
"id","sellerId","title","sellerReference","description","price","condition","categoryId","postcode","lat","lng","images","status","listingKind","pricingMode","unitsAvailable","offersDelivery","deliveryCostPence","auctionEndsAt","visibleOnMarketplace","createdAt","updatedAt"
) VALUES (
'legacy_l_203','legacy_u_17','Falkirk Iron Foundry Bench',NULL,'Falkirk Iron Foundry Bench',46000,'used',(SELECT "id" FROM "Category" WHERE "slug" = 'other' LIMIT 1),NULL,NULL,NULL,ARRAY['https://thereclaimedcompany.com/uploads/images/202108/img_1920x_610939b603d481-34478710-18055157.jpg']::text[],'active','sell','LOT',NULL,false,NULL,NULL,true,'2021-08-03T12:42:28Z'::timestamptz,'2021-08-03T12:42:28Z'::timestamptz);

INSERT INTO "Listing" (
"id","sellerId","title","sellerReference","description","price","condition","categoryId","postcode","lat","lng","images","status","listingKind","pricingMode","unitsAvailable","offersDelivery","deliveryCostPence","auctionEndsAt","visibleOnMarketplace","createdAt","updatedAt"
) VALUES (
'legacy_l_204','legacy_u_17','Old French Spelter Figure',NULL,'Old French Spelter Figure',9000,'used',(SELECT "id" FROM "Category" WHERE "slug" = 'other' LIMIT 1),NULL,NULL,NULL,ARRAY['https://thereclaimedcompany.com/uploads/images/202108/img_1920x_610939b8ccaa39-24677152-32491880.jpg']::text[],'active','sell','LOT',NULL,false,NULL,NULL,true,'2021-08-03T12:42:32Z'::timestamptz,'2021-08-03T12:42:32Z'::timestamptz);

INSERT INTO "Listing" (
"id","sellerId","title","sellerReference","description","price","condition","categoryId","postcode","lat","lng","images","status","listingKind","pricingMode","unitsAvailable","offersDelivery","deliveryCostPence","auctionEndsAt","visibleOnMarketplace","createdAt","updatedAt"
) VALUES (
'legacy_l_205','legacy_u_17','Daisy Cow',NULL,'Daisy Cow',9500,'used',(SELECT "id" FROM "Category" WHERE "slug" = 'other' LIMIT 1),NULL,NULL,NULL,ARRAY['https://thereclaimedcompany.com/uploads/images/202108/img_1920x_610939bc305f67-78569614-54185489.jpg']::text[],'active','sell','LOT',NULL,false,NULL,NULL,true,'2021-08-03T12:42:33Z'::timestamptz,'2021-08-03T12:42:33Z'::timestamptz);

INSERT INTO "Listing" (
"id","sellerId","title","sellerReference","description","price","condition","categoryId","postcode","lat","lng","images","status","listingKind","pricingMode","unitsAvailable","offersDelivery","deliveryCostPence","auctionEndsAt","visibleOnMarketplace","createdAt","updatedAt"
) VALUES (
'legacy_l_206','legacy_u_17','Pair of Small English Bulldog Statues',NULL,'Pair of Small English Bulldog Statues',5500,'used',(SELECT "id" FROM "Category" WHERE "slug" = 'other' LIMIT 1),NULL,NULL,NULL,ARRAY['https://thereclaimedcompany.com/uploads/images/202108/img_1920x_610939bfbeaba1-71098696-22016557.jpg']::text[],'active','sell','LOT',NULL,false,NULL,NULL,true,'2021-08-03T12:42:38Z'::timestamptz,'2021-08-03T12:42:38Z'::timestamptz);

INSERT INTO "Listing" (
"id","sellerId","title","sellerReference","description","price","condition","categoryId","postcode","lat","lng","images","status","listingKind","pricingMode","unitsAvailable","offersDelivery","deliveryCostPence","auctionEndsAt","visibleOnMarketplace","createdAt","updatedAt"
) VALUES (
'legacy_l_207','legacy_u_17','Weathered 4ft Garden Statue of a Goddess',NULL,'Weathered 4ft Garden Statue of a Goddess',0,'used',(SELECT "id" FROM "Category" WHERE "slug" = 'other' LIMIT 1),NULL,NULL,NULL,ARRAY['https://thereclaimedcompany.com/uploads/images/202108/img_1920x_610939c353d068-58612269-42950573.jpg']::text[],'active','sell','LOT',NULL,false,NULL,NULL,true,'2021-08-03T12:42:42Z'::timestamptz,'2021-08-03T12:42:42Z'::timestamptz);

INSERT INTO "Listing" (
"id","sellerId","title","sellerReference","description","price","condition","categoryId","postcode","lat","lng","images","status","listingKind","pricingMode","unitsAvailable","offersDelivery","deliveryCostPence","auctionEndsAt","visibleOnMarketplace","createdAt","updatedAt"
) VALUES (
'legacy_l_208','legacy_u_17','Statue of a Goddess',NULL,'Statue of a Goddess',28000,'used',(SELECT "id" FROM "Category" WHERE "slug" = 'other' LIMIT 1),NULL,NULL,NULL,ARRAY['https://thereclaimedcompany.com/uploads/images/202108/img_1920x_610939c6cd3e14-33156463-38305928.jpg']::text[],'active','sell','LOT',NULL,false,NULL,NULL,true,'2021-08-03T12:42:45Z'::timestamptz,'2021-08-03T12:42:45Z'::timestamptz);

INSERT INTO "Listing" (
"id","sellerId","title","sellerReference","description","price","condition","categoryId","postcode","lat","lng","images","status","listingKind","pricingMode","unitsAvailable","offersDelivery","deliveryCostPence","auctionEndsAt","visibleOnMarketplace","createdAt","updatedAt"
) VALUES (
'legacy_l_209','legacy_u_17','Galvanised Tank 7',NULL,'Galvanised Tank 7',12000,'used',(SELECT "id" FROM "Category" WHERE "slug" = 'other' LIMIT 1),NULL,NULL,NULL,ARRAY['https://thereclaimedcompany.com/uploads/images/202108/img_1920x_610939cb2d3698-88166085-58658881.jpg']::text[],'active','sell','LOT',NULL,false,NULL,NULL,true,'2021-08-03T12:42:49Z'::timestamptz,'2021-08-03T12:42:49Z'::timestamptz);

INSERT INTO "Listing" (
"id","sellerId","title","sellerReference","description","price","condition","categoryId","postcode","lat","lng","images","status","listingKind","pricingMode","unitsAvailable","offersDelivery","deliveryCostPence","auctionEndsAt","visibleOnMarketplace","createdAt","updatedAt"
) VALUES (
'legacy_l_210','legacy_u_17','Galvanised Tank 6',NULL,'Galvanised Tank 6',12000,'used',(SELECT "id" FROM "Category" WHERE "slug" = 'other' LIMIT 1),NULL,NULL,NULL,ARRAY['https://thereclaimedcompany.com/uploads/images/202108/img_1920x_61094398f199a6-35736143-45786320.jpg']::text[],'active','sell','LOT',NULL,false,NULL,NULL,true,'2021-08-03T13:24:39Z'::timestamptz,'2021-08-03T13:24:39Z'::timestamptz);

INSERT INTO "Listing" (
"id","sellerId","title","sellerReference","description","price","condition","categoryId","postcode","lat","lng","images","status","listingKind","pricingMode","unitsAvailable","offersDelivery","deliveryCostPence","auctionEndsAt","visibleOnMarketplace","createdAt","updatedAt"
) VALUES (
'legacy_l_211','legacy_u_17','Vintage French Galvanised Bottle Dryer',NULL,'Vintage French Galvanised Bottle Dryer',16000,'used',(SELECT "id" FROM "Category" WHERE "slug" = 'other' LIMIT 1),NULL,NULL,NULL,ARRAY['https://thereclaimedcompany.com/uploads/images/202108/img_1920x_6109439ce552f4-64097864-53759383.jpg']::text[],'active','sell','LOT',NULL,false,NULL,NULL,true,'2021-08-03T13:24:43Z'::timestamptz,'2021-08-03T13:24:43Z'::timestamptz);

INSERT INTO "Listing" (
"id","sellerId","title","sellerReference","description","price","condition","categoryId","postcode","lat","lng","images","status","listingKind","pricingMode","unitsAvailable","offersDelivery","deliveryCostPence","auctionEndsAt","visibleOnMarketplace","createdAt","updatedAt"
) VALUES (
'legacy_l_212','legacy_u_17','Large Enamel Tray',NULL,'Large Enamel Tray',3500,'used',(SELECT "id" FROM "Category" WHERE "slug" = 'other' LIMIT 1),NULL,NULL,NULL,ARRAY['https://thereclaimedcompany.com/uploads/images/202108/img_1920x_610943a0a67f13-00623855-42666565.jpg']::text[],'active','sell','LOT',NULL,false,NULL,NULL,true,'2021-08-03T13:24:47Z'::timestamptz,'2021-08-03T13:24:47Z'::timestamptz);

INSERT INTO "Listing" (
"id","sellerId","title","sellerReference","description","price","condition","categoryId","postcode","lat","lng","images","status","listingKind","pricingMode","unitsAvailable","offersDelivery","deliveryCostPence","auctionEndsAt","visibleOnMarketplace","createdAt","updatedAt"
) VALUES (
'legacy_l_213','legacy_u_17','Classical Wall Plaque 3',NULL,'Classical Wall Plaque 3',9500,'used',(SELECT "id" FROM "Category" WHERE "slug" = 'other' LIMIT 1),NULL,NULL,NULL,ARRAY['https://thereclaimedcompany.com/uploads/images/202108/img_1920x_610943a46a0d30-69649597-79911965.jpg']::text[],'active','sell','LOT',NULL,false,NULL,NULL,true,'2021-08-03T13:24:50Z'::timestamptz,'2021-08-03T13:24:50Z'::timestamptz);

INSERT INTO "Listing" (
"id","sellerId","title","sellerReference","description","price","condition","categoryId","postcode","lat","lng","images","status","listingKind","pricingMode","unitsAvailable","offersDelivery","deliveryCostPence","auctionEndsAt","visibleOnMarketplace","createdAt","updatedAt"
) VALUES (
'legacy_l_214','legacy_u_17','Painted Cast Iron Feeder Planter',NULL,'Painted Cast Iron Feeder Planter',7500,'used',(SELECT "id" FROM "Category" WHERE "slug" = 'other' LIMIT 1),NULL,NULL,NULL,ARRAY['https://thereclaimedcompany.com/uploads/images/202108/img_1920x_610943a8355888-12015569-13129863.jpg']::text[],'active','sell','LOT',NULL,false,NULL,NULL,true,'2021-08-03T13:24:54Z'::timestamptz,'2021-08-03T13:24:54Z'::timestamptz);

INSERT INTO "Listing" (
"id","sellerId","title","sellerReference","description","price","condition","categoryId","postcode","lat","lng","images","status","listingKind","pricingMode","unitsAvailable","offersDelivery","deliveryCostPence","auctionEndsAt","visibleOnMarketplace","createdAt","updatedAt"
) VALUES (
'legacy_l_215','legacy_u_17','Large Frog',NULL,'Large Frog',24000,'used',(SELECT "id" FROM "Category" WHERE "slug" = 'other' LIMIT 1),NULL,NULL,NULL,ARRAY['https://thereclaimedcompany.com/uploads/images/202108/img_1920x_610943ac29d103-34868897-76166179.jpg']::text[],'active','sell','LOT',NULL,false,NULL,NULL,true,'2021-08-03T13:24:58Z'::timestamptz,'2021-08-03T13:24:58Z'::timestamptz);

INSERT INTO "Listing" (
"id","sellerId","title","sellerReference","description","price","condition","categoryId","postcode","lat","lng","images","status","listingKind","pricingMode","unitsAvailable","offersDelivery","deliveryCostPence","auctionEndsAt","visibleOnMarketplace","createdAt","updatedAt"
) VALUES (
'legacy_l_216','legacy_u_17','Old Metal Tub Planter',NULL,'Old Metal Tub Planter',3000,'used',(SELECT "id" FROM "Category" WHERE "slug" = 'other' LIMIT 1),NULL,NULL,NULL,ARRAY['https://thereclaimedcompany.com/uploads/images/202108/img_1920x_610943b02c2f25-43816210-31892051.jpg']::text[],'active','sell','LOT',NULL,false,NULL,NULL,true,'2021-08-03T13:25:02Z'::timestamptz,'2021-08-03T13:25:02Z'::timestamptz);

INSERT INTO "Listing" (
"id","sellerId","title","sellerReference","description","price","condition","categoryId","postcode","lat","lng","images","status","listingKind","pricingMode","unitsAvailable","offersDelivery","deliveryCostPence","auctionEndsAt","visibleOnMarketplace","createdAt","updatedAt"
) VALUES (
'legacy_l_217','legacy_u_17','Old Metal Tub',NULL,'Old Metal Tub',2000,'used',(SELECT "id" FROM "Category" WHERE "slug" = 'other' LIMIT 1),NULL,NULL,NULL,ARRAY['https://thereclaimedcompany.com/uploads/images/202108/img_1920x_610943b3183db5-98080871-20781400.jpg']::text[],'active','sell','LOT',NULL,false,NULL,NULL,true,'2021-08-03T13:25:06Z'::timestamptz,'2021-08-03T13:25:06Z'::timestamptz);

INSERT INTO "Listing" (
"id","sellerId","title","sellerReference","description","price","condition","categoryId","postcode","lat","lng","images","status","listingKind","pricingMode","unitsAvailable","offersDelivery","deliveryCostPence","auctionEndsAt","visibleOnMarketplace","createdAt","updatedAt"
) VALUES (
'legacy_l_218','legacy_u_17','Victorian Fluted Salt-Glazed Sink',NULL,'Victorian Fluted Salt-Glazed Sink',16000,'used',(SELECT "id" FROM "Category" WHERE "slug" = 'other' LIMIT 1),NULL,NULL,NULL,ARRAY['https://thereclaimedcompany.com/uploads/images/202108/img_1920x_610943b5163403-07758138-89599632.jpg']::text[],'active','sell','LOT',NULL,false,NULL,NULL,true,'2021-08-03T13:25:07Z'::timestamptz,'2021-08-03T13:25:07Z'::timestamptz);

INSERT INTO "Listing" (
"id","sellerId","title","sellerReference","description","price","condition","categoryId","postcode","lat","lng","images","status","listingKind","pricingMode","unitsAvailable","offersDelivery","deliveryCostPence","auctionEndsAt","visibleOnMarketplace","createdAt","updatedAt"
) VALUES (
'legacy_l_219','legacy_u_17','Statue of David',NULL,'Statue of David',35000,'used',(SELECT "id" FROM "Category" WHERE "slug" = 'other' LIMIT 1),NULL,NULL,NULL,ARRAY['https://thereclaimedcompany.com/uploads/images/202108/img_1920x_610943b8dca549-23065822-60957694.jpg']::text[],'active','sell','LOT',NULL,false,NULL,NULL,true,'2021-08-03T13:25:11Z'::timestamptz,'2021-08-03T13:25:11Z'::timestamptz);

INSERT INTO "Listing" (
"id","sellerId","title","sellerReference","description","price","condition","categoryId","postcode","lat","lng","images","status","listingKind","pricingMode","unitsAvailable","offersDelivery","deliveryCostPence","auctionEndsAt","visibleOnMarketplace","createdAt","updatedAt"
) VALUES (
'legacy_l_220','legacy_u_17','Copper Rose Sculpture by Tracey Simmons',NULL,'Copper Rose Sculpture by Tracey Simmons',18500,'used',(SELECT "id" FROM "Category" WHERE "slug" = 'other' LIMIT 1),NULL,NULL,NULL,ARRAY['https://thereclaimedcompany.com/uploads/images/202108/img_1920x_610943bcd3e785-17291146-10423188.jpg']::text[],'active','sell','LOT',NULL,false,NULL,NULL,true,'2021-08-03T13:25:15Z'::timestamptz,'2021-08-03T13:25:15Z'::timestamptz);

INSERT INTO "Listing" (
"id","sellerId","title","sellerReference","description","price","condition","categoryId","postcode","lat","lng","images","status","listingKind","pricingMode","unitsAvailable","offersDelivery","deliveryCostPence","auctionEndsAt","visibleOnMarketplace","createdAt","updatedAt"
) VALUES (
'legacy_l_221','legacy_u_17','Old Garden Statue',NULL,'Old Garden Statue',14000,'used',(SELECT "id" FROM "Category" WHERE "slug" = 'other' LIMIT 1),NULL,NULL,NULL,ARRAY['https://thereclaimedcompany.com/uploads/images/202108/img_1920x_610943c05a4a92-26127816-33750433.jpg']::text[],'active','sell','LOT',NULL,false,NULL,NULL,true,'2021-08-03T13:25:18Z'::timestamptz,'2021-08-03T13:25:18Z'::timestamptz);

INSERT INTO "Listing" (
"id","sellerId","title","sellerReference","description","price","condition","categoryId","postcode","lat","lng","images","status","listingKind","pricingMode","unitsAvailable","offersDelivery","deliveryCostPence","auctionEndsAt","visibleOnMarketplace","createdAt","updatedAt"
) VALUES (
'legacy_l_222','legacy_u_17','Large Mill Stone',NULL,'Large Mill Stone',18000,'used',(SELECT "id" FROM "Category" WHERE "slug" = 'other' LIMIT 1),NULL,NULL,NULL,ARRAY['https://thereclaimedcompany.com/uploads/images/202108/img_1920x_610943c44c8198-70443435-24361014.jpg']::text[],'active','sell','LOT',NULL,false,NULL,NULL,true,'2021-08-03T13:25:22Z'::timestamptz,'2021-08-03T13:25:22Z'::timestamptz);

INSERT INTO "Listing" (
"id","sellerId","title","sellerReference","description","price","condition","categoryId","postcode","lat","lng","images","status","listingKind","pricingMode","unitsAvailable","offersDelivery","deliveryCostPence","auctionEndsAt","visibleOnMarketplace","createdAt","updatedAt"
) VALUES (
'legacy_l_223','legacy_u_17','Green Man Garden Plaque',NULL,'Green Man Garden Plaque',24000,'used',(SELECT "id" FROM "Category" WHERE "slug" = 'other' LIMIT 1),NULL,NULL,NULL,ARRAY['https://thereclaimedcompany.com/uploads/images/202108/img_1920x_610943c7e5bb98-17397444-32243903.jpg']::text[],'active','sell','LOT',NULL,false,NULL,NULL,true,'2021-08-03T13:25:26Z'::timestamptz,'2021-08-03T13:25:26Z'::timestamptz);

INSERT INTO "Listing" (
"id","sellerId","title","sellerReference","description","price","condition","categoryId","postcode","lat","lng","images","status","listingKind","pricingMode","unitsAvailable","offersDelivery","deliveryCostPence","auctionEndsAt","visibleOnMarketplace","createdAt","updatedAt"
) VALUES (
'legacy_l_224','legacy_u_17','Small Cast Iron Trough',NULL,'Small Cast Iron Trough',0,'used',(SELECT "id" FROM "Category" WHERE "slug" = 'other' LIMIT 1),NULL,NULL,NULL,ARRAY['https://thereclaimedcompany.com/uploads/images/202108/img_1920x_610943cb992752-90983688-20999451.jpg']::text[],'active','sell','LOT',NULL,false,NULL,NULL,true,'2021-08-03T13:25:30Z'::timestamptz,'2021-08-03T13:25:30Z'::timestamptz);

INSERT INTO "Listing" (
"id","sellerId","title","sellerReference","description","price","condition","categoryId","postcode","lat","lng","images","status","listingKind","pricingMode","unitsAvailable","offersDelivery","deliveryCostPence","auctionEndsAt","visibleOnMarketplace","createdAt","updatedAt"
) VALUES (
'legacy_l_225','legacy_u_17','Falkirk Royal Cast Iron Bench',NULL,'Falkirk Royal Cast Iron Bench',0,'used',(SELECT "id" FROM "Category" WHERE "slug" = 'other' LIMIT 1),NULL,NULL,NULL,ARRAY['https://thereclaimedcompany.com/uploads/images/202108/img_1920x_610943cf653ef0-11218164-79919756.jpg']::text[],'active','sell','LOT',NULL,false,NULL,NULL,true,'2021-08-03T13:25:34Z'::timestamptz,'2021-08-03T13:25:34Z'::timestamptz);

INSERT INTO "Listing" (
"id","sellerId","title","sellerReference","description","price","condition","categoryId","postcode","lat","lng","images","status","listingKind","pricingMode","unitsAvailable","offersDelivery","deliveryCostPence","auctionEndsAt","visibleOnMarketplace","createdAt","updatedAt"
) VALUES (
'legacy_l_226','legacy_u_17','2 Seater Cast Iron Bench',NULL,'2 Seater Cast Iron Bench',58000,'used',(SELECT "id" FROM "Category" WHERE "slug" = 'other' LIMIT 1),NULL,NULL,NULL,ARRAY['https://thereclaimedcompany.com/uploads/images/202108/img_1920x_610943d27560f0-12769201-42614577.jpg']::text[],'active','sell','LOT',NULL,false,NULL,NULL,true,'2021-08-03T13:25:37Z'::timestamptz,'2021-08-03T13:25:37Z'::timestamptz);

INSERT INTO "Listing" (
"id","sellerId","title","sellerReference","description","price","condition","categoryId","postcode","lat","lng","images","status","listingKind","pricingMode","unitsAvailable","offersDelivery","deliveryCostPence","auctionEndsAt","visibleOnMarketplace","createdAt","updatedAt"
) VALUES (
'legacy_l_227','legacy_u_17','Victorian Cast Iron Boot Scraper',NULL,'Victorian Cast Iron Boot Scraper',6500,'used',(SELECT "id" FROM "Category" WHERE "slug" = 'other' LIMIT 1),NULL,NULL,NULL,ARRAY['https://thereclaimedcompany.com/uploads/images/202108/img_1920x_610943d59ae281-01402436-13932816.jpg']::text[],'active','sell','LOT',NULL,false,NULL,NULL,true,'2021-08-03T13:25:39Z'::timestamptz,'2021-08-03T13:25:39Z'::timestamptz);

INSERT INTO "Listing" (
"id","sellerId","title","sellerReference","description","price","condition","categoryId","postcode","lat","lng","images","status","listingKind","pricingMode","unitsAvailable","offersDelivery","deliveryCostPence","auctionEndsAt","visibleOnMarketplace","createdAt","updatedAt"
) VALUES (
'legacy_l_228','legacy_u_17','Extra Large Italian Pots',NULL,'Extra Large Italian Pots',0,'used',(SELECT "id" FROM "Category" WHERE "slug" = 'other' LIMIT 1),NULL,NULL,NULL,ARRAY['https://thereclaimedcompany.com/uploads/images/202108/img_1920x_610943d94dcd84-24178237-55572802.jpg']::text[],'active','sell','LOT',NULL,false,NULL,NULL,true,'2021-08-03T13:25:43Z'::timestamptz,'2021-08-03T13:25:43Z'::timestamptz);

INSERT INTO "Listing" (
"id","sellerId","title","sellerReference","description","price","condition","categoryId","postcode","lat","lng","images","status","listingKind","pricingMode","unitsAvailable","offersDelivery","deliveryCostPence","auctionEndsAt","visibleOnMarketplace","createdAt","updatedAt"
) VALUES (
'legacy_l_229','legacy_u_17','Decorative Cast Iron Bench Ends',NULL,'Decorative Cast Iron Bench Ends',18500,'used',(SELECT "id" FROM "Category" WHERE "slug" = 'other' LIMIT 1),NULL,NULL,NULL,ARRAY['https://thereclaimedcompany.com/uploads/images/202108/img_1920x_610943dd880479-72235419-73002898.jpg']::text[],'active','sell','LOT',NULL,false,NULL,NULL,true,'2021-08-03T13:25:47Z'::timestamptz,'2021-08-03T13:25:47Z'::timestamptz);

INSERT INTO "Listing" (
"id","sellerId","title","sellerReference","description","price","condition","categoryId","postcode","lat","lng","images","status","listingKind","pricingMode","unitsAvailable","offersDelivery","deliveryCostPence","auctionEndsAt","visibleOnMarketplace","createdAt","updatedAt"
) VALUES (
'legacy_l_230','legacy_u_17','Colossal Cast Iron Bootscraper',NULL,'Colossal Cast Iron Bootscraper',16500,'used',(SELECT "id" FROM "Category" WHERE "slug" = 'other' LIMIT 1),NULL,NULL,NULL,ARRAY['https://thereclaimedcompany.com/uploads/images/202108/img_1920x_610943e127ef14-01623384-32500528.jpg']::text[],'active','sell','LOT',NULL,false,NULL,NULL,true,'2021-08-03T13:25:51Z'::timestamptz,'2021-08-03T13:25:51Z'::timestamptz);

INSERT INTO "Listing" (
"id","sellerId","title","sellerReference","description","price","condition","categoryId","postcode","lat","lng","images","status","listingKind","pricingMode","unitsAvailable","offersDelivery","deliveryCostPence","auctionEndsAt","visibleOnMarketplace","createdAt","updatedAt"
) VALUES (
'legacy_l_231','legacy_u_17','Cast Iron Boot Scraper',NULL,'Cast Iron Boot Scraper',8500,'used',(SELECT "id" FROM "Category" WHERE "slug" = 'other' LIMIT 1),NULL,NULL,NULL,ARRAY['https://thereclaimedcompany.com/uploads/images/202108/img_1920x_610943e4d981e4-51808681-56229119.jpg']::text[],'active','sell','LOT',NULL,false,NULL,NULL,true,'2021-08-03T13:25:55Z'::timestamptz,'2021-08-03T13:25:55Z'::timestamptz);

INSERT INTO "Listing" (
"id","sellerId","title","sellerReference","description","price","condition","categoryId","postcode","lat","lng","images","status","listingKind","pricingMode","unitsAvailable","offersDelivery","deliveryCostPence","auctionEndsAt","visibleOnMarketplace","createdAt","updatedAt"
) VALUES (
'legacy_l_232','legacy_u_17','Antique Boot Scraper',NULL,'Antique Boot Scraper',21500,'used',(SELECT "id" FROM "Category" WHERE "slug" = 'other' LIMIT 1),NULL,NULL,NULL,ARRAY['https://thereclaimedcompany.com/uploads/images/202108/img_1920x_610943e930ee42-20277581-15892648.jpg']::text[],'active','sell','LOT',NULL,false,NULL,NULL,true,'2021-08-03T13:25:59Z'::timestamptz,'2021-08-03T13:25:59Z'::timestamptz);

INSERT INTO "Listing" (
"id","sellerId","title","sellerReference","description","price","condition","categoryId","postcode","lat","lng","images","status","listingKind","pricingMode","unitsAvailable","offersDelivery","deliveryCostPence","auctionEndsAt","visibleOnMarketplace","createdAt","updatedAt"
) VALUES (
'legacy_l_233','legacy_u_17','Old Chain Measures',NULL,'Old Chain Measures',4000,'used',(SELECT "id" FROM "Category" WHERE "slug" = 'other' LIMIT 1),NULL,NULL,NULL,ARRAY['https://thereclaimedcompany.com/uploads/images/202108/img_1920x_610943ed8e52d4-46818844-57265047.jpg']::text[],'active','sell','LOT',NULL,false,NULL,NULL,true,'2021-08-03T13:26:03Z'::timestamptz,'2021-08-03T13:26:03Z'::timestamptz);

INSERT INTO "Listing" (
"id","sellerId","title","sellerReference","description","price","condition","categoryId","postcode","lat","lng","images","status","listingKind","pricingMode","unitsAvailable","offersDelivery","deliveryCostPence","auctionEndsAt","visibleOnMarketplace","createdAt","updatedAt"
) VALUES (
'legacy_l_234','legacy_u_17','Butchers Block',NULL,'Butchers Block',14500,'used',(SELECT "id" FROM "Category" WHERE "slug" = 'other' LIMIT 1),NULL,NULL,NULL,ARRAY['https://thereclaimedcompany.com/uploads/images/202108/img_1920x_610943f1228710-17396246-64638918.jpg']::text[],'active','sell','LOT',NULL,false,NULL,NULL,true,'2021-08-03T13:26:07Z'::timestamptz,'2021-08-03T13:26:07Z'::timestamptz);

INSERT INTO "Listing" (
"id","sellerId","title","sellerReference","description","price","condition","categoryId","postcode","lat","lng","images","status","listingKind","pricingMode","unitsAvailable","offersDelivery","deliveryCostPence","auctionEndsAt","visibleOnMarketplace","createdAt","updatedAt"
) VALUES (
'legacy_l_235','legacy_u_17','Pulhams Style Urn on Plinth',NULL,'Pulhams Style Urn on Plinth',42500,'used',(SELECT "id" FROM "Category" WHERE "slug" = 'other' LIMIT 1),NULL,NULL,NULL,ARRAY['https://thereclaimedcompany.com/uploads/images/202108/img_1920x_610943f49801a6-16003424-79918815.jpg']::text[],'active','sell','LOT',NULL,false,NULL,NULL,true,'2021-08-03T13:26:11Z'::timestamptz,'2021-08-03T13:26:11Z'::timestamptz);

INSERT INTO "Listing" (
"id","sellerId","title","sellerReference","description","price","condition","categoryId","postcode","lat","lng","images","status","listingKind","pricingMode","unitsAvailable","offersDelivery","deliveryCostPence","auctionEndsAt","visibleOnMarketplace","createdAt","updatedAt"
) VALUES (
'legacy_l_236','legacy_u_17','Antique Cast Iron Weight',NULL,'Antique Cast Iron Weight',3000,'used',(SELECT "id" FROM "Category" WHERE "slug" = 'other' LIMIT 1),NULL,NULL,NULL,ARRAY['https://thereclaimedcompany.com/uploads/images/202108/img_1920x_610943f84dec04-29458726-15400286.jpg']::text[],'active','sell','LOT',NULL,false,NULL,NULL,true,'2021-08-03T13:26:14Z'::timestamptz,'2021-08-03T13:26:14Z'::timestamptz);

INSERT INTO "Listing" (
"id","sellerId","title","sellerReference","description","price","condition","categoryId","postcode","lat","lng","images","status","listingKind","pricingMode","unitsAvailable","offersDelivery","deliveryCostPence","auctionEndsAt","visibleOnMarketplace","createdAt","updatedAt"
) VALUES (
'legacy_l_237','legacy_u_17','Stone Wheel',NULL,'Stone Wheel',6000,'used',(SELECT "id" FROM "Category" WHERE "slug" = 'other' LIMIT 1),NULL,NULL,NULL,ARRAY['https://thereclaimedcompany.com/uploads/images/202108/img_1920x_610943fc2a1ad3-08634033-37832826.jpg']::text[],'active','sell','LOT',NULL,false,NULL,NULL,true,'2021-08-03T13:26:18Z'::timestamptz,'2021-08-03T13:26:18Z'::timestamptz);

INSERT INTO "Listing" (
"id","sellerId","title","sellerReference","description","price","condition","categoryId","postcode","lat","lng","images","status","listingKind","pricingMode","unitsAvailable","offersDelivery","deliveryCostPence","auctionEndsAt","visibleOnMarketplace","createdAt","updatedAt"
) VALUES (
'legacy_l_238','legacy_u_17','Galvanised Bucket',NULL,'Galvanised Bucket',4400,'used',(SELECT "id" FROM "Category" WHERE "slug" = 'other' LIMIT 1),NULL,NULL,NULL,ARRAY['https://thereclaimedcompany.com/uploads/images/202108/img_1920x_61094400008340-12934820-88405862.jpg']::text[],'active','sell','LOT',NULL,false,NULL,NULL,true,'2021-08-03T13:26:22Z'::timestamptz,'2021-08-03T13:26:22Z'::timestamptz);

INSERT INTO "Listing" (
"id","sellerId","title","sellerReference","description","price","condition","categoryId","postcode","lat","lng","images","status","listingKind","pricingMode","unitsAvailable","offersDelivery","deliveryCostPence","auctionEndsAt","visibleOnMarketplace","createdAt","updatedAt"
) VALUES (
'legacy_l_239','legacy_u_17','Blacksmith Bootscraper',NULL,'Blacksmith Bootscraper',19500,'used',(SELECT "id" FROM "Category" WHERE "slug" = 'other' LIMIT 1),NULL,NULL,NULL,ARRAY['https://thereclaimedcompany.com/uploads/images/202108/img_1920x_61094403c95ef7-31754846-49829316.jpg']::text[],'active','sell','LOT',NULL,false,NULL,NULL,true,'2021-08-03T13:26:26Z'::timestamptz,'2021-08-03T13:26:26Z'::timestamptz);

INSERT INTO "Listing" (
"id","sellerId","title","sellerReference","description","price","condition","categoryId","postcode","lat","lng","images","status","listingKind","pricingMode","unitsAvailable","offersDelivery","deliveryCostPence","auctionEndsAt","visibleOnMarketplace","createdAt","updatedAt"
) VALUES (
'legacy_l_240','legacy_u_17','Dutch Flower Girl',NULL,'Dutch Flower Girl',32500,'used',(SELECT "id" FROM "Category" WHERE "slug" = 'other' LIMIT 1),NULL,NULL,NULL,ARRAY['https://thereclaimedcompany.com/uploads/images/202108/img_1920x_61094407833b71-08021708-83557328.jpg']::text[],'active','sell','LOT',NULL,false,NULL,NULL,true,'2021-08-03T13:26:30Z'::timestamptz,'2021-08-03T13:26:30Z'::timestamptz);

INSERT INTO "Listing" (
"id","sellerId","title","sellerReference","description","price","condition","categoryId","postcode","lat","lng","images","status","listingKind","pricingMode","unitsAvailable","offersDelivery","deliveryCostPence","auctionEndsAt","visibleOnMarketplace","createdAt","updatedAt"
) VALUES (
'legacy_l_241','legacy_u_17','Old Heavy Crawford Weight',NULL,'Old Heavy Crawford Weight',4500,'used',(SELECT "id" FROM "Category" WHERE "slug" = 'other' LIMIT 1),NULL,NULL,NULL,ARRAY['https://thereclaimedcompany.com/uploads/images/202108/img_1920x_6109440b81b455-87740200-15454020.jpg']::text[],'active','sell','LOT',NULL,false,NULL,NULL,true,'2021-08-03T13:26:33Z'::timestamptz,'2021-08-03T13:26:33Z'::timestamptz);

INSERT INTO "Listing" (
"id","sellerId","title","sellerReference","description","price","condition","categoryId","postcode","lat","lng","images","status","listingKind","pricingMode","unitsAvailable","offersDelivery","deliveryCostPence","auctionEndsAt","visibleOnMarketplace","createdAt","updatedAt"
) VALUES (
'legacy_l_242','legacy_u_17','Wirework Horse',NULL,'Wirework Horse',12000,'used',(SELECT "id" FROM "Category" WHERE "slug" = 'other' LIMIT 1),NULL,NULL,NULL,ARRAY['https://thereclaimedcompany.com/uploads/images/202108/img_1920x_6109440f5c9ed8-99077522-61312023.jpg']::text[],'active','sell','LOT',NULL,false,NULL,NULL,true,'2021-08-03T13:26:37Z'::timestamptz,'2021-08-03T13:26:37Z'::timestamptz);

INSERT INTO "Listing" (
"id","sellerId","title","sellerReference","description","price","condition","categoryId","postcode","lat","lng","images","status","listingKind","pricingMode","unitsAvailable","offersDelivery","deliveryCostPence","auctionEndsAt","visibleOnMarketplace","createdAt","updatedAt"
) VALUES (
'legacy_l_243','legacy_u_17','Decorative Metal Wheel',NULL,'Decorative Metal Wheel',3500,'used',(SELECT "id" FROM "Category" WHERE "slug" = 'other' LIMIT 1),NULL,NULL,NULL,ARRAY['https://thereclaimedcompany.com/uploads/images/202108/img_1920x_610944131b26d4-67993669-95090677.jpg']::text[],'active','sell','LOT',NULL,false,NULL,NULL,true,'2021-08-03T13:26:41Z'::timestamptz,'2021-08-03T13:26:41Z'::timestamptz);

INSERT INTO "Listing" (
"id","sellerId","title","sellerReference","description","price","condition","categoryId","postcode","lat","lng","images","status","listingKind","pricingMode","unitsAvailable","offersDelivery","deliveryCostPence","auctionEndsAt","visibleOnMarketplace","createdAt","updatedAt"
) VALUES (
'legacy_l_244','legacy_u_17','Decorative Metal Wheel',NULL,'Decorative Metal Wheel',4000,'used',(SELECT "id" FROM "Category" WHERE "slug" = 'other' LIMIT 1),NULL,NULL,NULL,ARRAY['https://thereclaimedcompany.com/uploads/images/202108/img_1920x_61094416a172b2-40542680-29837922.jpg']::text[],'active','sell','LOT',NULL,false,NULL,NULL,true,'2021-08-03T13:26:45Z'::timestamptz,'2021-08-03T13:26:45Z'::timestamptz);

INSERT INTO "Listing" (
"id","sellerId","title","sellerReference","description","price","condition","categoryId","postcode","lat","lng","images","status","listingKind","pricingMode","unitsAvailable","offersDelivery","deliveryCostPence","auctionEndsAt","visibleOnMarketplace","createdAt","updatedAt"
) VALUES (
'legacy_l_245','legacy_u_17','Enamelled Tub',NULL,'Enamelled Tub',3800,'used',(SELECT "id" FROM "Category" WHERE "slug" = 'other' LIMIT 1),NULL,NULL,NULL,ARRAY['https://thereclaimedcompany.com/uploads/images/202108/img_1920x_6109441a860694-89384670-88339850.jpg']::text[],'active','sell','LOT',NULL,false,NULL,NULL,true,'2021-08-03T13:26:49Z'::timestamptz,'2021-08-03T13:26:49Z'::timestamptz);

INSERT INTO "Listing" (
"id","sellerId","title","sellerReference","description","price","condition","categoryId","postcode","lat","lng","images","status","listingKind","pricingMode","unitsAvailable","offersDelivery","deliveryCostPence","auctionEndsAt","visibleOnMarketplace","createdAt","updatedAt"
) VALUES (
'legacy_l_246','legacy_u_17','Metal Cauldon',NULL,'Metal Cauldon',8000,'used',(SELECT "id" FROM "Category" WHERE "slug" = 'other' LIMIT 1),NULL,NULL,NULL,ARRAY['https://thereclaimedcompany.com/uploads/images/202108/img_1920x_6109441d6001b8-25262471-48076979.jpg']::text[],'active','sell','LOT',NULL,false,NULL,NULL,true,'2021-08-03T13:26:52Z'::timestamptz,'2021-08-03T13:26:52Z'::timestamptz);

INSERT INTO "Listing" (
"id","sellerId","title","sellerReference","description","price","condition","categoryId","postcode","lat","lng","images","status","listingKind","pricingMode","unitsAvailable","offersDelivery","deliveryCostPence","auctionEndsAt","visibleOnMarketplace","createdAt","updatedAt"
) VALUES (
'legacy_l_247','legacy_u_17','Metal Bulb Planter',NULL,'Metal Bulb Planter',0,'used',(SELECT "id" FROM "Category" WHERE "slug" = 'other' LIMIT 1),NULL,NULL,NULL,ARRAY['https://thereclaimedcompany.com/uploads/images/202108/img_1920x_6109441e7e4ea7-55205235-35832660.jpg']::text[],'active','sell','LOT',NULL,false,NULL,NULL,true,'2021-08-03T13:26:53Z'::timestamptz,'2021-08-03T13:26:53Z'::timestamptz);

INSERT INTO "Listing" (
"id","sellerId","title","sellerReference","description","price","condition","categoryId","postcode","lat","lng","images","status","listingKind","pricingMode","unitsAvailable","offersDelivery","deliveryCostPence","auctionEndsAt","visibleOnMarketplace","createdAt","updatedAt"
) VALUES (
'legacy_l_248','legacy_u_17','Collection of Vintage Terracotta Pots',NULL,'Collection of Vintage Terracotta Pots',11000,'used',(SELECT "id" FROM "Category" WHERE "slug" = 'other' LIMIT 1),NULL,NULL,NULL,ARRAY['https://thereclaimedcompany.com/uploads/images/202108/img_1920x_610944206bfac3-47844917-68113653.jpg']::text[],'active','sell','LOT',NULL,false,NULL,NULL,true,'2021-08-03T13:26:55Z'::timestamptz,'2021-08-03T13:26:55Z'::timestamptz);

INSERT INTO "Listing" (
"id","sellerId","title","sellerReference","description","price","condition","categoryId","postcode","lat","lng","images","status","listingKind","pricingMode","unitsAvailable","offersDelivery","deliveryCostPence","auctionEndsAt","visibleOnMarketplace","createdAt","updatedAt"
) VALUES (
'legacy_l_249','legacy_u_17','Galvanised Tank 4',NULL,'Galvanised Tank 4',9500,'used',(SELECT "id" FROM "Category" WHERE "slug" = 'other' LIMIT 1),NULL,NULL,NULL,ARRAY['https://thereclaimedcompany.com/uploads/images/202108/img_1920x_610944243284d2-35564491-75178139.jpg']::text[],'active','sell','LOT',NULL,false,NULL,NULL,true,'2021-08-03T13:26:58Z'::timestamptz,'2021-08-03T13:26:58Z'::timestamptz);

INSERT INTO "Listing" (
"id","sellerId","title","sellerReference","description","price","condition","categoryId","postcode","lat","lng","images","status","listingKind","pricingMode","unitsAvailable","offersDelivery","deliveryCostPence","auctionEndsAt","visibleOnMarketplace","createdAt","updatedAt"
) VALUES (
'legacy_l_250','legacy_u_17','Falkirk Iron Foundry Bench',NULL,'Falkirk Iron Foundry Bench',27000,'used',(SELECT "id" FROM "Category" WHERE "slug" = 'other' LIMIT 1),NULL,NULL,NULL,ARRAY['https://thereclaimedcompany.com/uploads/images/202108/img_1920x_610944286c6955-67439385-23430499.jpg']::text[],'active','sell','LOT',NULL,false,NULL,NULL,true,'2021-08-03T13:27:02Z'::timestamptz,'2021-08-03T13:27:02Z'::timestamptz);

INSERT INTO "Listing" (
"id","sellerId","title","sellerReference","description","price","condition","categoryId","postcode","lat","lng","images","status","listingKind","pricingMode","unitsAvailable","offersDelivery","deliveryCostPence","auctionEndsAt","visibleOnMarketplace","createdAt","updatedAt"
) VALUES (
'legacy_l_251','legacy_u_17','Huge Garden Roller',NULL,'Huge Garden Roller',20000,'used',(SELECT "id" FROM "Category" WHERE "slug" = 'other' LIMIT 1),NULL,NULL,NULL,ARRAY['https://thereclaimedcompany.com/uploads/images/202108/img_1920x_6109442b47bc13-15763226-50164310.jpg']::text[],'active','sell','LOT',NULL,false,NULL,NULL,true,'2021-08-03T13:27:06Z'::timestamptz,'2021-08-03T13:27:06Z'::timestamptz);

INSERT INTO "Listing" (
"id","sellerId","title","sellerReference","description","price","condition","categoryId","postcode","lat","lng","images","status","listingKind","pricingMode","unitsAvailable","offersDelivery","deliveryCostPence","auctionEndsAt","visibleOnMarketplace","createdAt","updatedAt"
) VALUES (
'legacy_l_252','legacy_u_17','Vintage Terracotta Pots',NULL,'Vintage Terracotta Pots',200,'used',(SELECT "id" FROM "Category" WHERE "slug" = 'other' LIMIT 1),NULL,NULL,NULL,ARRAY['https://thereclaimedcompany.com/uploads/images/202108/img_1920x_6109442d510605-55493502-56519133.jpg']::text[],'active','sell','LOT',NULL,false,NULL,NULL,true,'2021-08-03T13:27:07Z'::timestamptz,'2021-08-03T13:27:07Z'::timestamptz);

INSERT INTO "Listing" (
"id","sellerId","title","sellerReference","description","price","condition","categoryId","postcode","lat","lng","images","status","listingKind","pricingMode","unitsAvailable","offersDelivery","deliveryCostPence","auctionEndsAt","visibleOnMarketplace","createdAt","updatedAt"
) VALUES (
'legacy_l_253','legacy_u_17','Weathered Fish Statue',NULL,'Weathered Fish Statue',4000,'used',(SELECT "id" FROM "Category" WHERE "slug" = 'other' LIMIT 1),NULL,NULL,NULL,ARRAY['https://thereclaimedcompany.com/uploads/images/202108/img_1920x_61094431051b85-45546767-69651693.jpg']::text[],'active','sell','LOT',NULL,false,NULL,NULL,true,'2021-08-03T13:27:11Z'::timestamptz,'2021-08-03T13:27:11Z'::timestamptz);

INSERT INTO "Listing" (
"id","sellerId","title","sellerReference","description","price","condition","categoryId","postcode","lat","lng","images","status","listingKind","pricingMode","unitsAvailable","offersDelivery","deliveryCostPence","auctionEndsAt","visibleOnMarketplace","createdAt","updatedAt"
) VALUES (
'legacy_l_254','legacy_u_17','Weathered Fish Fountain',NULL,'Weathered Fish Fountain',9000,'used',(SELECT "id" FROM "Category" WHERE "slug" = 'other' LIMIT 1),NULL,NULL,NULL,ARRAY['https://thereclaimedcompany.com/uploads/images/202108/img_1920x_61094434f34e80-21269440-49116673.jpg']::text[],'active','sell','LOT',NULL,false,NULL,NULL,true,'2021-08-03T13:27:15Z'::timestamptz,'2021-08-03T13:27:15Z'::timestamptz);

INSERT INTO "Listing" (
"id","sellerId","title","sellerReference","description","price","condition","categoryId","postcode","lat","lng","images","status","listingKind","pricingMode","unitsAvailable","offersDelivery","deliveryCostPence","auctionEndsAt","visibleOnMarketplace","createdAt","updatedAt"
) VALUES (
'legacy_l_255','legacy_u_17','Set of Clay Pipe Planters',NULL,'Set of Clay Pipe Planters',5500,'used',(SELECT "id" FROM "Category" WHERE "slug" = 'other' LIMIT 1),NULL,NULL,NULL,ARRAY['https://thereclaimedcompany.com/uploads/images/202108/img_1920x_61094438afc5c5-99298196-61261743.jpg']::text[],'active','sell','LOT',NULL,false,NULL,NULL,true,'2021-08-03T13:27:19Z'::timestamptz,'2021-08-03T13:27:19Z'::timestamptz);

INSERT INTO "Listing" (
"id","sellerId","title","sellerReference","description","price","condition","categoryId","postcode","lat","lng","images","status","listingKind","pricingMode","unitsAvailable","offersDelivery","deliveryCostPence","auctionEndsAt","visibleOnMarketplace","createdAt","updatedAt"
) VALUES (
'legacy_l_257','legacy_u_17','Extra Large Mythos Planter',NULL,'The extra large Mythos Cretan terracotta planter is the largest planter from my most popular ''Mythos'' range of tapered planters. Perfect for topiary, wild grasses and grand floral displays. I''ve planted some tall, hardy Salvia ''Amistad'' in my display. As a single feature or for dressing a terrace, these offer scale and impact. Get in touch to discuss national delivery or flexible collection. Cretan Terracotta Frost-Resistant Hand-Thrown Amazing colour Plants LOVE them Extra Large / Circa. 90 x 85cm Approximate 270 ltr capacity.',35000,'used',(SELECT "id" FROM "Category" WHERE "slug" = 'other' LIMIT 1),NULL,NULL,NULL,ARRAY['https://thereclaimedcompany.com/uploads/images/202108/img_1920x_61094d5ebf5f32-13464311-73346967.jpg']::text[],'active','sell','LOT',NULL,false,NULL,NULL,true,'2021-08-03T14:06:22Z'::timestamptz,'2021-08-03T14:06:22Z'::timestamptz);

INSERT INTO "Listing" (
"id","sellerId","title","sellerReference","description","price","condition","categoryId","postcode","lat","lng","images","status","listingKind","pricingMode","unitsAvailable","offersDelivery","deliveryCostPence","auctionEndsAt","visibleOnMarketplace","createdAt","updatedAt"
) VALUES (
'legacy_l_258','legacy_u_17','Rhea Cretan Terracotta Planter',NULL,'Named after the Ancient Greek ''Mother of Gods'', the Rhea Cretan terracotta planter is a wide terracotta planter with generous room for shrubbery and specimen trees. Anything planted in this will be beautifully presented due to its raised profile and decorative handles. A classic Cretan look at a great price. Traditionally made from the finest Cretan clay and hand-thrown on a potters wheel. Get in touch to discuss national delivery. Two will fit on one pallet. Cretan Terracotta Frost-Resistant Hand-Thrown Amazing colour Plants LOVE them Height / 80cm Width / 80cm',35000,'used',(SELECT "id" FROM "Category" WHERE "slug" = 'other' LIMIT 1),NULL,NULL,NULL,ARRAY['https://thereclaimedcompany.com/uploads/images/202108/img_1920x_61094d60b45fa9-83667464-73302435.jpg']::text[],'active','sell','LOT',NULL,false,NULL,NULL,true,'2021-08-03T14:06:23Z'::timestamptz,'2021-08-03T14:06:23Z'::timestamptz);

INSERT INTO "Listing" (
"id","sellerId","title","sellerReference","description","price","condition","categoryId","postcode","lat","lng","images","status","listingKind","pricingMode","unitsAvailable","offersDelivery","deliveryCostPence","auctionEndsAt","visibleOnMarketplace","createdAt","updatedAt"
) VALUES (
'legacy_l_259','legacy_u_17','Cretan Terracotta Pithoi',NULL,'This is the classic style of pot (Pithoi) that comes to mind when people mention Mediterranean pottery. Often used for specimen trees or as a stand-alone ornament. Traditionally made from the finest Cretan clay and spun on a potters wheel. Get in touch to discuss national delivery or flexible collection. Cretan Terracotta Frost-Resistant Hand-Thrown Amazing colour Plants LOVE them Large / 90 x 70cm Small / 70 x 65cm',22500,'used',(SELECT "id" FROM "Category" WHERE "slug" = 'other' LIMIT 1),NULL,NULL,NULL,ARRAY['https://thereclaimedcompany.com/uploads/images/202108/img_1920x_61094d649204f6-97697701-92169634.jpg']::text[],'active','sell','LOT',NULL,false,NULL,NULL,true,'2021-08-03T14:06:27Z'::timestamptz,'2021-08-03T14:06:27Z'::timestamptz);

INSERT INTO "Listing" (
"id","sellerId","title","sellerReference","description","price","condition","categoryId","postcode","lat","lng","images","status","listingKind","pricingMode","unitsAvailable","offersDelivery","deliveryCostPence","auctionEndsAt","visibleOnMarketplace","createdAt","updatedAt"
) VALUES (
'legacy_l_260','legacy_u_17','Beehive Cretan Terracotta Pots',NULL,'Traditionally made from the finest Cretan clay and spun on a potters wheel, this is the king of decorative Cretan pots. Often used for specimen trees or as stand-alone ornaments, the Beehive features a ribbed body and is finished off with a simple rope-twist around the neck. Get in touch to discuss national delivery or flexible collection. Up to 2 large Beehive Pots can fit onto one pallet. Cretan Terracotta Frost-Resistant Hand-Thrown Amazing colour Plants LOVE them Should you be seeking to dress an Entrance Hall or Orangery with a Mediterranean flair, a bespoke oak plinth can be comissioned. For a special garden feature, a water pump could be installed allowing water to trickle over the lip and to cascade down the outide of the body',15000,'used',(SELECT "id" FROM "Category" WHERE "slug" = 'other' LIMIT 1),NULL,NULL,NULL,ARRAY['https://thereclaimedcompany.com/uploads/images/202108/img_1920x_61094d68712ed2-61431717-99191149.jpg']::text[],'active','sell','LOT',NULL,false,NULL,NULL,true,'2021-08-03T14:06:30Z'::timestamptz,'2021-08-03T14:06:30Z'::timestamptz);

INSERT INTO "Listing" (
"id","sellerId","title","sellerReference","description","price","condition","categoryId","postcode","lat","lng","images","status","listingKind","pricingMode","unitsAvailable","offersDelivery","deliveryCostPence","auctionEndsAt","visibleOnMarketplace","createdAt","updatedAt"
) VALUES (
'legacy_l_261','legacy_u_17','Stefania Cretan Terracotta Planter',NULL,'The Stefania Cretan Terracotta Planter is an unusual tall but thin planter with straight sides - the perfect dressing for a front or back door. Great for showcasing small trees, topiary and swooping floral displays, this would also work placed at the back of a deep boarder. Traditionally made from the finest Cretan clay and thrown on a potters wheel. Get in touch to discuss national delivery or flexible collection. Multiple planters can fit on one pallet. Cretan Terracotta Frost-Resistant Hand-Thrown Amazing colour Plants LOVE them Height / 70cm Diameter / 45cm',14500,'used',(SELECT "id" FROM "Category" WHERE "slug" = 'other' LIMIT 1),NULL,NULL,NULL,ARRAY['https://thereclaimedcompany.com/uploads/images/202108/img_1920x_61094d6c650769-05498589-64466293.jpg']::text[],'active','sell','LOT',NULL,false,NULL,NULL,true,'2021-08-03T14:06:34Z'::timestamptz,'2021-08-03T14:06:34Z'::timestamptz);

INSERT INTO "Listing" (
"id","sellerId","title","sellerReference","description","price","condition","categoryId","postcode","lat","lng","images","status","listingKind","pricingMode","unitsAvailable","offersDelivery","deliveryCostPence","auctionEndsAt","visibleOnMarketplace","createdAt","updatedAt"
) VALUES (
'legacy_l_262','legacy_u_17','Krotos Cretan Terracotta Jar',NULL,'Named after one of the most talented Satyrs in Greek mythology, the Krotos Cretan terracotta jar is a beautiful decoraitve vessel based on an ancient Cretan artifact. Traditionally made from the finest Cretan clay and spun on a potters wheel. Get in touch to discuss national delivery or flexible collection. Cretan Terracotta Frost-Resistant Hand-Thrown Amazing colour Plants LOVE them Height / 50cm Width / 35cm',8000,'used',(SELECT "id" FROM "Category" WHERE "slug" = 'other' LIMIT 1),NULL,NULL,NULL,ARRAY['https://thereclaimedcompany.com/uploads/images/202108/img_1920x_61094d70330fb8-13582430-58659039.jpg']::text[],'active','sell','LOT',NULL,false,NULL,NULL,true,'2021-08-03T14:06:38Z'::timestamptz,'2021-08-03T14:06:38Z'::timestamptz);

INSERT INTO "Listing" (
"id","sellerId","title","sellerReference","description","price","condition","categoryId","postcode","lat","lng","images","status","listingKind","pricingMode","unitsAvailable","offersDelivery","deliveryCostPence","auctionEndsAt","visibleOnMarketplace","createdAt","updatedAt"
) VALUES (
'legacy_l_263','legacy_u_17','Chiron Cretan Terracotta Jugs',NULL,'Named after one of the great Centaurs in Greek mythology (a half man half horse), the Chiron Cretan terracotta jar is a beautiful decoraitve vessel based on an ancient Cretan artifact. Traditionally made from the finest Cretan clay and spun on a potters wheel. Get in touch to discuss national delivery or flexible collection. Cretan Terracotta Frost-Resistant Hand-Thrown Amazing colour Plants LOVE them Height / 50cm Width / 40cm',8500,'used',(SELECT "id" FROM "Category" WHERE "slug" = 'other' LIMIT 1),NULL,NULL,NULL,ARRAY['https://thereclaimedcompany.com/uploads/images/202108/img_1920x_61094d742cbf21-59429839-17323711.jpg']::text[],'active','sell','LOT',NULL,false,NULL,NULL,true,'2021-08-03T14:06:42Z'::timestamptz,'2021-08-03T14:06:42Z'::timestamptz);

INSERT INTO "Listing" (
"id","sellerId","title","sellerReference","description","price","condition","categoryId","postcode","lat","lng","images","status","listingKind","pricingMode","unitsAvailable","offersDelivery","deliveryCostPence","auctionEndsAt","visibleOnMarketplace","createdAt","updatedAt"
) VALUES (
'legacy_l_264','legacy_u_17','Minos Cretan Terracotta Jar',NULL,'Named after a famous King of Crete, the Minos Cretan terracotta jar is a beautiful decoraitve vessel based on an ancient Cretan artifact. Traditionally made from the finest Cretan clay and spun on a potters wheel. Get in touch to discuss national delivery or flexible collection. Cretan Terracotta Frost-Resistant Hand-Thrown Amazing colour Plants LOVE them Height / 35cm Width / 25cm',4500,'used',(SELECT "id" FROM "Category" WHERE "slug" = 'other' LIMIT 1),NULL,NULL,NULL,ARRAY['https://thereclaimedcompany.com/uploads/images/202108/img_1920x_61094d77bb6660-25859133-86936576.jpg']::text[],'active','sell','LOT',NULL,false,NULL,NULL,true,'2021-08-03T14:06:46Z'::timestamptz,'2021-08-03T14:06:46Z'::timestamptz);

INSERT INTO "Listing" (
"id","sellerId","title","sellerReference","description","price","condition","categoryId","postcode","lat","lng","images","status","listingKind","pricingMode","unitsAvailable","offersDelivery","deliveryCostPence","auctionEndsAt","visibleOnMarketplace","createdAt","updatedAt"
) VALUES (
'legacy_l_265','legacy_u_17','Helios Cretan Terracotta Ribbed Pots',NULL,'A contemporary shaped ribbed planter, perfect for shrubs and eye-catching specimens like Choisya Ternata ''Aztec'' Pearl. Whilst not hand-thrown, this is made in a mould from the same clay and put through the same intense firing process as my main range of Cretan terracotta. All in the same Pottery on Crete. Get in touch to discuss national delivery or flexible collection. A large quantity of these may fit on a pallet. Cretan Terracotta Frost-Resistant Amazing colour Plants LOVE them Hybrid Design Height / 37cm Diameter / 45cm',8000,'used',(SELECT "id" FROM "Category" WHERE "slug" = 'other' LIMIT 1),NULL,NULL,NULL,ARRAY['https://thereclaimedcompany.com/uploads/images/202108/img_1920x_61094d7bb86a73-93612650-69270347.jpg']::text[],'active','sell','LOT',NULL,false,NULL,NULL,true,'2021-08-03T14:06:50Z'::timestamptz,'2021-08-03T14:06:50Z'::timestamptz);

INSERT INTO "Listing" (
"id","sellerId","title","sellerReference","description","price","condition","categoryId","postcode","lat","lng","images","status","listingKind","pricingMode","unitsAvailable","offersDelivery","deliveryCostPence","auctionEndsAt","visibleOnMarketplace","createdAt","updatedAt"
) VALUES (
'legacy_l_266','legacy_u_17','Cretan Terracotta Trays',NULL,'Very versatile, these Trays make good homes for succulents, bulbs and herbs. Mix and match plants to create a beautiful display. Traditionally made from the finest Cretan clay and spun on a potters wheel. Get in touch to discuss national delivery or flexible collection. A large quantity of these may fit on a pallet. Hand-thrown Frost-Resistant Amazing colour Plants LOVE them Features one handle opposite two. Whilst these are quality handles made by skilled craftsmen, I would reccomend lifting from the base to avoid any accidental breakages.',4500,'used',(SELECT "id" FROM "Category" WHERE "slug" = 'other' LIMIT 1),NULL,NULL,NULL,ARRAY['https://thereclaimedcompany.com/uploads/images/202108/img_1920x_61094d7e83b451-28717544-17208228.jpg']::text[],'active','sell','LOT',NULL,false,NULL,NULL,true,'2021-08-03T14:06:54Z'::timestamptz,'2021-08-03T14:06:54Z'::timestamptz);

INSERT INTO "Listing" (
"id","sellerId","title","sellerReference","description","price","condition","categoryId","postcode","lat","lng","images","status","listingKind","pricingMode","unitsAvailable","offersDelivery","deliveryCostPence","auctionEndsAt","visibleOnMarketplace","createdAt","updatedAt"
) VALUES (
'legacy_l_267','legacy_u_17','Ribbed Cretan Terracotta Cube Planter',NULL,'Ideal for prized Topiary or dressing eitherside a front door, this tapered cube planter features a contemporary ribbed design. Made from the finest Cretan clay. Get in touch to discuss national delivery or flexible collection. Frost-Resistant Amazing colour Plants LOVE them Height / 50cm Diameter / 45cm',8900,'used',(SELECT "id" FROM "Category" WHERE "slug" = 'other' LIMIT 1),NULL,NULL,NULL,ARRAY['https://thereclaimedcompany.com/uploads/images/202108/img_1920x_61094d805d53e3-65430130-59871823.jpg']::text[],'active','sell','LOT',NULL,false,NULL,NULL,true,'2021-08-03T14:06:54Z'::timestamptz,'2021-08-03T14:06:54Z'::timestamptz);

INSERT INTO "Listing" (
"id","sellerId","title","sellerReference","description","price","condition","categoryId","postcode","lat","lng","images","status","listingKind","pricingMode","unitsAvailable","offersDelivery","deliveryCostPence","auctionEndsAt","visibleOnMarketplace","createdAt","updatedAt"
) VALUES (
'legacy_l_268','legacy_u_17','Traditional Cretan Terracotta Cube Planter',NULL,'This traditional cube planter features a thick rim offset by a simple rib around the body. Made from the finest Cretan clay. Get in touch to discuss national delivery or flexible collection. Cretan Terracotta Frost-Resistant Amazing colour Plants LOVE them Height / 38cm Diameter / 46cm',6900,'used',(SELECT "id" FROM "Category" WHERE "slug" = 'other' LIMIT 1),NULL,NULL,NULL,ARRAY['https://thereclaimedcompany.com/uploads/images/202108/img_1920x_61094d8365ad02-59484434-92466501.jpg']::text[],'active','sell','LOT',NULL,false,NULL,NULL,true,'2021-08-03T14:06:58Z'::timestamptz,'2021-08-03T14:06:58Z'::timestamptz);

INSERT INTO "Listing" (
"id","sellerId","title","sellerReference","description","price","condition","categoryId","postcode","lat","lng","images","status","listingKind","pricingMode","unitsAvailable","offersDelivery","deliveryCostPence","auctionEndsAt","visibleOnMarketplace","createdAt","updatedAt"
) VALUES (
'legacy_l_269','legacy_u_17','Melina Beehive Cretan Terracotta Pot',NULL,'A great decorative pot planter for herbs, flowers and wild grasses. Traditionally made from the finest Cretan clay and spun on a potters wheel. Get in touch to discuss national delivery or flexible collection. Cretan Terracotta Frost-Resistant Hand-Thrown Amazing colour Plants LOVE them Height / 35cm Diameter / 40cm Named after the Greek word for ''honey'', I though Melina was perfect for this little beehive!',5800,'used',(SELECT "id" FROM "Category" WHERE "slug" = 'other' LIMIT 1),NULL,NULL,NULL,ARRAY['https://thereclaimedcompany.com/uploads/images/202108/img_1920x_61094d84957076-39491030-85523446.jpg']::text[],'active','sell','LOT',NULL,false,NULL,NULL,true,'2021-08-03T14:07:00Z'::timestamptz,'2021-08-03T14:07:00Z'::timestamptz);

INSERT INTO "Listing" (
"id","sellerId","title","sellerReference","description","price","condition","categoryId","postcode","lat","lng","images","status","listingKind","pricingMode","unitsAvailable","offersDelivery","deliveryCostPence","auctionEndsAt","visibleOnMarketplace","createdAt","updatedAt"
) VALUES (
'legacy_l_270','legacy_u_17','Pacifica Cretan Terracotta Herb Pot',NULL,'A perfect decorativce little pot planter for herbs and house plants. Traditionally made from the finest Cretan clay and spun on a potters wheel. Get in touch to discuss national delivery or flexible collection. Cretan Terracotta Frost-Resistant Hand-Thrown Amazing colour Plants LOVE them Height / 30cm Diameter / 35cm',3300,'used',(SELECT "id" FROM "Category" WHERE "slug" = 'other' LIMIT 1),NULL,NULL,NULL,ARRAY['https://thereclaimedcompany.com/uploads/images/202108/img_1920x_61094d85e3d2d6-82691276-13097085.jpg']::text[],'active','sell','LOT',NULL,false,NULL,NULL,true,'2021-08-03T14:07:01Z'::timestamptz,'2021-08-03T14:07:01Z'::timestamptz);

INSERT INTO "Listing" (
"id","sellerId","title","sellerReference","description","price","condition","categoryId","postcode","lat","lng","images","status","listingKind","pricingMode","unitsAvailable","offersDelivery","deliveryCostPence","auctionEndsAt","visibleOnMarketplace","createdAt","updatedAt"
) VALUES (
'legacy_l_271','legacy_u_17','Phormium in Cretan Planter',NULL,'Nearly a year old, this chocolate/purple toned Phormium is well-established in this smooth sided Cretan terracotta planter. I no longer import this particular planter from the Mythos Range. Overall Height / 110cm Planter Height / 47cm',11000,'used',(SELECT "id" FROM "Category" WHERE "slug" = 'other' LIMIT 1),NULL,NULL,NULL,ARRAY['https://thereclaimedcompany.com/uploads/images/202108/img_1920x_61094d87a72d10-13380730-97132054.jpg']::text[],'active','sell','LOT',NULL,false,NULL,NULL,true,'2021-08-03T14:07:02Z'::timestamptz,'2021-08-03T14:07:02Z'::timestamptz);

INSERT INTO "Listing" (
"id","sellerId","title","sellerReference","description","price","condition","categoryId","postcode","lat","lng","images","status","listingKind","pricingMode","unitsAvailable","offersDelivery","deliveryCostPence","auctionEndsAt","visibleOnMarketplace","createdAt","updatedAt"
) VALUES (
'legacy_l_272','legacy_u_17','Architectural Olive in Large Cretan Tray',NULL,'A unique feature, this beautiful architectural style Olive Tree is planted in one of my large hand-thrown Cretan terracotta trays. A true one-off, this is a ''wow''-inducing display. Height / 95cm Diameter / 60cm',19000,'used',(SELECT "id" FROM "Category" WHERE "slug" = 'other' LIMIT 1),NULL,NULL,NULL,ARRAY['https://thereclaimedcompany.com/uploads/images/202108/img_1920x_61094d8b86cbc5-68321337-97955832.jpg']::text[],'active','sell','LOT',NULL,false,NULL,NULL,true,'2021-08-03T14:07:05Z'::timestamptz,'2021-08-03T14:07:05Z'::timestamptz);

INSERT INTO "Listing" (
"id","sellerId","title","sellerReference","description","price","condition","categoryId","postcode","lat","lng","images","status","listingKind","pricingMode","unitsAvailable","offersDelivery","deliveryCostPence","auctionEndsAt","visibleOnMarketplace","createdAt","updatedAt"
) VALUES (
'legacy_l_290','legacy_u_17','Pair of Galvanised Corner Planters',NULL,'A pair of deep galvanised corner planters.Perfect for creating a bustling display around an entrance or porch.Height / 30cmWidth / 56cmDepth / 58cm',0,'used',(SELECT "id" FROM "Category" WHERE "slug" = 'other' LIMIT 1),NULL,NULL,NULL,ARRAY['https://thereclaimedcompany.com/uploads/images/202108/img_1920x_61094f174340b6-91855134-53217219.jpg']::text[],'active','sell','LOT',NULL,false,NULL,NULL,true,'2021-08-03T14:13:41Z'::timestamptz,'2021-08-03T14:13:41Z'::timestamptz);

INSERT INTO "Listing" (
"id","sellerId","title","sellerReference","description","price","condition","categoryId","postcode","lat","lng","images","status","listingKind","pricingMode","unitsAvailable","offersDelivery","deliveryCostPence","auctionEndsAt","visibleOnMarketplace","createdAt","updatedAt"
) VALUES (
'legacy_l_291','legacy_u_17','Hanging Wall Planter',NULL,'Pretty composite stone wall hanging feature with a small pocket to plant a creeping thyme etc?',2500,'used',(SELECT "id" FROM "Category" WHERE "slug" = 'other' LIMIT 1),NULL,NULL,NULL,ARRAY['https://thereclaimedcompany.com/uploads/images/202108/img_1920x_61094f1ad9dc37-89286697-20760197.jpg']::text[],'active','sell','LOT',NULL,false,NULL,NULL,true,'2021-08-03T14:13:45Z'::timestamptz,'2021-08-03T14:13:45Z'::timestamptz);

INSERT INTO "Listing" (
"id","sellerId","title","sellerReference","description","price","condition","categoryId","postcode","lat","lng","images","status","listingKind","pricingMode","unitsAvailable","offersDelivery","deliveryCostPence","auctionEndsAt","visibleOnMarketplace","createdAt","updatedAt"
) VALUES (
'legacy_l_292','legacy_u_17','Bertie Badger',NULL,'A small, well-weathered statue of a badger.',2000,'used',(SELECT "id" FROM "Category" WHERE "slug" = 'other' LIMIT 1),NULL,NULL,NULL,ARRAY['https://thereclaimedcompany.com/uploads/images/202108/img_1920x_61094f1e55ad54-84627919-33315318.jpg']::text[],'active','sell','LOT',NULL,false,NULL,NULL,true,'2021-08-03T14:13:48Z'::timestamptz,'2021-08-03T14:13:48Z'::timestamptz);

INSERT INTO "Listing" (
"id","sellerId","title","sellerReference","description","price","condition","categoryId","postcode","lat","lng","images","status","listingKind","pricingMode","unitsAvailable","offersDelivery","deliveryCostPence","auctionEndsAt","visibleOnMarketplace","createdAt","updatedAt"
) VALUES (
'legacy_l_293','legacy_u_17','Old Copper Boiler',NULL,'Old Copper Boiler',21500,'used',(SELECT "id" FROM "Category" WHERE "slug" = 'other' LIMIT 1),NULL,NULL,NULL,ARRAY['https://thereclaimedcompany.com/uploads/images/202108/img_1920x_61094f21c7e0f4-53698871-68087330.jpg']::text[],'active','sell','LOT',NULL,false,NULL,NULL,true,'2021-08-03T14:13:52Z'::timestamptz,'2021-08-03T14:13:52Z'::timestamptz);

INSERT INTO "Listing" (
"id","sellerId","title","sellerReference","description","price","condition","categoryId","postcode","lat","lng","images","status","listingKind","pricingMode","unitsAvailable","offersDelivery","deliveryCostPence","auctionEndsAt","visibleOnMarketplace","createdAt","updatedAt"
) VALUES (
'legacy_l_294','legacy_u_17','Weathered Statue on Socle',NULL,'An attractive weathered statue of a lady presented on a turned plinth. Height /',0,'used',(SELECT "id" FROM "Category" WHERE "slug" = 'other' LIMIT 1),NULL,NULL,NULL,ARRAY['https://thereclaimedcompany.com/uploads/images/202108/img_1920x_61094f2587cf69-60380758-54099236.jpg']::text[],'active','sell','LOT',NULL,false,NULL,NULL,true,'2021-08-03T14:13:56Z'::timestamptz,'2021-08-03T14:13:56Z'::timestamptz);

INSERT INTO "Listing" (
"id","sellerId","title","sellerReference","description","price","condition","categoryId","postcode","lat","lng","images","status","listingKind","pricingMode","unitsAvailable","offersDelivery","deliveryCostPence","auctionEndsAt","visibleOnMarketplace","createdAt","updatedAt"
) VALUES (
'legacy_l_295','legacy_u_17','Water Maiden Statue',NULL,'An attractive well-defined statue of a Water Maiden',0,'used',(SELECT "id" FROM "Category" WHERE "slug" = 'other' LIMIT 1),NULL,NULL,NULL,ARRAY['https://thereclaimedcompany.com/uploads/images/202108/img_1920x_61094f28d25bc3-42810634-86057189.jpg']::text[],'active','sell','LOT',NULL,false,NULL,NULL,true,'2021-08-03T14:13:59Z'::timestamptz,'2021-08-03T14:13:59Z'::timestamptz);

INSERT INTO "Listing" (
"id","sellerId","title","sellerReference","description","price","condition","categoryId","postcode","lat","lng","images","status","listingKind","pricingMode","unitsAvailable","offersDelivery","deliveryCostPence","auctionEndsAt","visibleOnMarketplace","createdAt","updatedAt"
) VALUES (
'legacy_l_296','legacy_u_17','41cm Mill Stone',NULL,'Nicely weathered 41cm stone.',0,'used',(SELECT "id" FROM "Category" WHERE "slug" = 'other' LIMIT 1),NULL,NULL,NULL,ARRAY['https://thereclaimedcompany.com/uploads/images/202108/img_1920x_61094f2c4dd588-13477819-38017960.jpg']::text[],'active','sell','LOT',NULL,false,NULL,NULL,true,'2021-08-03T14:14:02Z'::timestamptz,'2021-08-03T14:14:02Z'::timestamptz);

INSERT INTO "Listing" (
"id","sellerId","title","sellerReference","description","price","condition","categoryId","postcode","lat","lng","images","status","listingKind","pricingMode","unitsAvailable","offersDelivery","deliveryCostPence","auctionEndsAt","visibleOnMarketplace","createdAt","updatedAt"
) VALUES (
'legacy_l_297','legacy_u_17','Castle Howard Planter',NULL,'A large blacksmith made metal planter from Castle Howard, retaining its original liner. No evident flaws - this is a beautiful large-scale Country House piece that would make a phenomenal centre piece on any terrace. Height / 73cm Width / 94cm Depth / 64cm',79500,'used',(SELECT "id" FROM "Category" WHERE "slug" = 'other' LIMIT 1),NULL,NULL,NULL,ARRAY['https://thereclaimedcompany.com/uploads/images/202108/img_1920x_61094f305131d6-64603142-90633111.jpg']::text[],'active','sell','LOT',NULL,false,NULL,NULL,true,'2021-08-03T14:14:06Z'::timestamptz,'2021-08-03T14:14:06Z'::timestamptz);

INSERT INTO "Listing" (
"id","sellerId","title","sellerReference","description","price","condition","categoryId","postcode","lat","lng","images","status","listingKind","pricingMode","unitsAvailable","offersDelivery","deliveryCostPence","auctionEndsAt","visibleOnMarketplace","createdAt","updatedAt"
) VALUES (
'legacy_l_298','legacy_u_17','Pair of Garden Benchs',NULL,'A pair of low vintage garden benches retaining their original stretchers. Length 1 / 118cm Length 2 / 122cm',0,'used',(SELECT "id" FROM "Category" WHERE "slug" = 'other' LIMIT 1),NULL,NULL,NULL,ARRAY['https://thereclaimedcompany.com/uploads/images/202108/img_1920x_61094f34187744-77658066-43802646.jpg']::text[],'active','sell','LOT',NULL,false,NULL,NULL,true,'2021-08-03T14:14:10Z'::timestamptz,'2021-08-03T14:14:10Z'::timestamptz);

INSERT INTO "Listing" (
"id","sellerId","title","sellerReference","description","price","condition","categoryId","postcode","lat","lng","images","status","listingKind","pricingMode","unitsAvailable","offersDelivery","deliveryCostPence","auctionEndsAt","visibleOnMarketplace","createdAt","updatedAt"
) VALUES (
'legacy_l_299','legacy_u_17','Coalbrookdale Style Stick Stand',NULL,'Height/ 82cm',39000,'used',(SELECT "id" FROM "Category" WHERE "slug" = 'other' LIMIT 1),NULL,NULL,NULL,ARRAY['https://thereclaimedcompany.com/uploads/images/202108/img_1920x_61094f37b472f4-13692649-41810985.jpg']::text[],'active','sell','LOT',NULL,false,NULL,NULL,true,'2021-08-03T14:14:14Z'::timestamptz,'2021-08-03T14:14:14Z'::timestamptz);

INSERT INTO "Listing" (
"id","sellerId","title","sellerReference","description","price","condition","categoryId","postcode","lat","lng","images","status","listingKind","pricingMode","unitsAvailable","offersDelivery","deliveryCostPence","auctionEndsAt","visibleOnMarketplace","createdAt","updatedAt"
) VALUES (
'legacy_l_300','legacy_u_17','Pairs of Vintage Garden Chairs',NULL,'A pair of metal garden chairs featuring faux bamboo style backs and latticework seats. Very pretty, two pairs available. Get in touch to discuss national delivery or flexible collection. Height / 90cm Seat Height / 42.5cm Width / 43cm',0,'used',(SELECT "id" FROM "Category" WHERE "slug" = 'other' LIMIT 1),NULL,NULL,NULL,ARRAY['https://thereclaimedcompany.com/uploads/images/202108/img_1920x_61094f3b4f6120-74184857-15776658.jpg']::text[],'active','sell','LOT',NULL,false,NULL,NULL,true,'2021-08-03T14:14:17Z'::timestamptz,'2021-08-03T14:14:17Z'::timestamptz);

INSERT INTO "Listing" (
"id","sellerId","title","sellerReference","description","price","condition","categoryId","postcode","lat","lng","images","status","listingKind","pricingMode","unitsAvailable","offersDelivery","deliveryCostPence","auctionEndsAt","visibleOnMarketplace","createdAt","updatedAt"
) VALUES (
'legacy_l_301','legacy_u_17','Red Trunk Plinth',NULL,'Red Trunk Plinth',7500,'used',(SELECT "id" FROM "Category" WHERE "slug" = 'other' LIMIT 1),NULL,NULL,NULL,ARRAY['https://thereclaimedcompany.com/uploads/images/202108/img_1920x_61094f3f300e06-62037937-27132121.jpg']::text[],'active','sell','LOT',NULL,false,NULL,NULL,true,'2021-08-03T14:14:21Z'::timestamptz,'2021-08-03T14:14:21Z'::timestamptz);

INSERT INTO "Listing" (
"id","sellerId","title","sellerReference","description","price","condition","categoryId","postcode","lat","lng","images","status","listingKind","pricingMode","unitsAvailable","offersDelivery","deliveryCostPence","auctionEndsAt","visibleOnMarketplace","createdAt","updatedAt"
) VALUES (
'legacy_l_302','legacy_u_17','Collection of Metal Planters',NULL,'Collection of Metal Planters',0,'used',(SELECT "id" FROM "Category" WHERE "slug" = 'other' LIMIT 1),NULL,NULL,NULL,ARRAY['https://thereclaimedcompany.com/uploads/images/202108/img_1920x_61094f42886359-06920472-46218052.jpg']::text[],'active','sell','LOT',NULL,false,NULL,NULL,true,'2021-08-03T14:14:25Z'::timestamptz,'2021-08-03T14:14:25Z'::timestamptz);

INSERT INTO "Listing" (
"id","sellerId","title","sellerReference","description","price","condition","categoryId","postcode","lat","lng","images","status","listingKind","pricingMode","unitsAvailable","offersDelivery","deliveryCostPence","auctionEndsAt","visibleOnMarketplace","createdAt","updatedAt"
) VALUES (
'legacy_l_303','legacy_u_17','Riveted Galvanised Tub',NULL,'A substantial quarter-barrel sized galvanised planter. Good riveted construction, a well-made piece. There is a hole in the wall near the base. Get in touch to discuss national delivery or flexible collection. Height / 31cm Diameter / 55cm',0,'used',(SELECT "id" FROM "Category" WHERE "slug" = 'other' LIMIT 1),NULL,NULL,NULL,ARRAY['https://thereclaimedcompany.com/uploads/images/202108/img_1920x_61094f462d3300-58928846-90270701.jpg']::text[],'active','sell','LOT',NULL,false,NULL,NULL,true,'2021-08-03T14:14:28Z'::timestamptz,'2021-08-03T14:14:28Z'::timestamptz);

INSERT INTO "Listing" (
"id","sellerId","title","sellerReference","description","price","condition","categoryId","postcode","lat","lng","images","status","listingKind","pricingMode","unitsAvailable","offersDelivery","deliveryCostPence","auctionEndsAt","visibleOnMarketplace","createdAt","updatedAt"
) VALUES (
'legacy_l_304','legacy_u_17','5ft Zinc Potting Table',NULL,'Get in touch to discuss national delivery or flexible collection. Height /94cm Length / 153cm Depth / 86cm',78000,'used',(SELECT "id" FROM "Category" WHERE "slug" = 'other' LIMIT 1),NULL,NULL,NULL,ARRAY['https://thereclaimedcompany.com/uploads/images/202108/img_1920x_61094f49310332-92709809-42634818.jpg']::text[],'active','sell','LOT',NULL,false,NULL,NULL,true,'2021-08-03T14:14:32Z'::timestamptz,'2021-08-03T14:14:32Z'::timestamptz);

INSERT INTO "Listing" (
"id","sellerId","title","sellerReference","description","price","condition","categoryId","postcode","lat","lng","images","status","listingKind","pricingMode","unitsAvailable","offersDelivery","deliveryCostPence","auctionEndsAt","visibleOnMarketplace","createdAt","updatedAt"
) VALUES (
'legacy_l_305','legacy_u_17','6ft Zinc Potting Table',NULL,'6ft Zinc Potting Table',0,'used',(SELECT "id" FROM "Category" WHERE "slug" = 'other' LIMIT 1),NULL,NULL,NULL,ARRAY['https://thereclaimedcompany.com/uploads/images/202108/img_1920x_61094f4b961f40-11551232-92367258.jpg']::text[],'active','sell','LOT',NULL,false,NULL,NULL,true,'2021-08-03T14:14:34Z'::timestamptz,'2021-08-03T14:14:34Z'::timestamptz);

INSERT INTO "Listing" (
"id","sellerId","title","sellerReference","description","price","condition","categoryId","postcode","lat","lng","images","status","listingKind","pricingMode","unitsAvailable","offersDelivery","deliveryCostPence","auctionEndsAt","visibleOnMarketplace","createdAt","updatedAt"
) VALUES (
'legacy_l_306','legacy_u_17','The Eagle Has Landed!',NULL,'Exceptionally grand and unusual, this large pair of composite stone eagles feature bold claws, crooked beaks and feathers. Get in touch to discuss national delivery or flexible collection. Height / 99cm',155500,'used',(SELECT "id" FROM "Category" WHERE "slug" = 'other' LIMIT 1),NULL,NULL,NULL,ARRAY['https://thereclaimedcompany.com/uploads/images/202108/img_1920x_61094f4ea80067-52315267-73635771.jpg']::text[],'active','sell','LOT',NULL,false,NULL,NULL,true,'2021-08-03T14:14:37Z'::timestamptz,'2021-08-03T14:14:37Z'::timestamptz);

INSERT INTO "Listing" (
"id","sellerId","title","sellerReference","description","price","condition","categoryId","postcode","lat","lng","images","status","listingKind","pricingMode","unitsAvailable","offersDelivery","deliveryCostPence","auctionEndsAt","visibleOnMarketplace","createdAt","updatedAt"
) VALUES (
'legacy_l_307','legacy_u_17','19th Century Scottish Bench',NULL,'19th Century Scottish Bench',0,'used',(SELECT "id" FROM "Category" WHERE "slug" = 'other' LIMIT 1),NULL,NULL,NULL,ARRAY['https://thereclaimedcompany.com/uploads/images/202108/img_1920x_61094f52d68ff9-74720401-80065877.jpg']::text[],'active','sell','LOT',NULL,false,NULL,NULL,true,'2021-08-03T14:14:41Z'::timestamptz,'2021-08-03T14:14:41Z'::timestamptz);

INSERT INTO "Listing" (
"id","sellerId","title","sellerReference","description","price","condition","categoryId","postcode","lat","lng","images","status","listingKind","pricingMode","unitsAvailable","offersDelivery","deliveryCostPence","auctionEndsAt","visibleOnMarketplace","createdAt","updatedAt"
) VALUES (
'legacy_l_308','legacy_u_17','Cast Iron Pub Table',NULL,'An old English cast iron table base. The weathred marble top rests on the white base that features patriotic scenes of Maiden''s carrying Union Jack embossed shields. Good paw feet, overall a nice design. Get in touch to discuss national delivery or flexible collection. Height / 76.5cm Diameter / 63cm',19500,'used',(SELECT "id" FROM "Category" WHERE "slug" = 'other' LIMIT 1),NULL,NULL,NULL,ARRAY['https://thereclaimedcompany.com/uploads/images/202108/img_1920x_61094f5686a5e7-04887276-31703840.jpg']::text[],'active','sell','LOT',NULL,false,NULL,NULL,true,'2021-08-03T14:14:45Z'::timestamptz,'2021-08-03T14:14:45Z'::timestamptz);

INSERT INTO "Listing" (
"id","sellerId","title","sellerReference","description","price","condition","categoryId","postcode","lat","lng","images","status","listingKind","pricingMode","unitsAvailable","offersDelivery","deliveryCostPence","auctionEndsAt","visibleOnMarketplace","createdAt","updatedAt"
) VALUES (
'legacy_l_309','legacy_u_17','Weathered Statue on Plinth',NULL,'Weathered Statue on Plinth',34000,'used',(SELECT "id" FROM "Category" WHERE "slug" = 'other' LIMIT 1),NULL,NULL,NULL,ARRAY['https://thereclaimedcompany.com/uploads/images/202108/img_1920x_61094f5a4e42b1-20939965-73071914.jpg']::text[],'active','sell','LOT',NULL,false,NULL,NULL,true,'2021-08-03T14:14:48Z'::timestamptz,'2021-08-03T14:14:48Z'::timestamptz);

INSERT INTO "Listing" (
"id","sellerId","title","sellerReference","description","price","condition","categoryId","postcode","lat","lng","images","status","listingKind","pricingMode","unitsAvailable","offersDelivery","deliveryCostPence","auctionEndsAt","visibleOnMarketplace","createdAt","updatedAt"
) VALUES (
'legacy_l_324','legacy_u_8','Under and Over roof tiles',NULL,'Thes clay tiles are ideal for a garden room project as they can be fitted at a low pitch. I am looking to get rid of them as a lot and have about 4 pallets of them, am ususure of the exact number. Great for a roof covering but would also work well for use in a water faeature etc. Tiles are available to view any time during working hours, Price depicted is based upon collection. owever, we would be happy to ship at an additional cost.',15000,'used',(SELECT "id" FROM "Category" WHERE "slug" = 'roof-tiles-slates' LIMIT 1),NULL,NULL,NULL,ARRAY['https://thereclaimedcompany.com/uploads/images/202108/img_1920x_610d03a2e2a888-67302065-44899122.jpeg','https://thereclaimedcompany.com/uploads/images/202108/img_1920x_610d03aaad3f75-14833688-33478495.jpeg']::text[],'active','sell','LOT',NULL,false,NULL,NULL,true,'2021-08-06T09:52:32Z'::timestamptz,'2021-08-06T09:52:32Z'::timestamptz);

INSERT INTO "Listing" (
"id","sellerId","title","sellerReference","description","price","condition","categoryId","postcode","lat","lng","images","status","listingKind","pricingMode","unitsAvailable","offersDelivery","deliveryCostPence","auctionEndsAt","visibleOnMarketplace","createdAt","updatedAt"
) VALUES (
'legacy_l_325','legacy_u_8','Selection of cast iron fall pipes',NULL,'Cast iron fall pipes of various sizes in varying conditions. Perfect for making good existing sections. I have a pallet full of them and am happy to sell. Buyer to collect only.',5000,'used',(SELECT "id" FROM "Category" WHERE "slug" = 'other' LIMIT 1),NULL,NULL,NULL,ARRAY['https://thereclaimedcompany.com/uploads/images/202108/img_1920x_610d06e6e7e7a0-09863204-20268296.jpeg','https://thereclaimedcompany.com/uploads/images/202108/img_1920x_610d06e1a5ae78-30605963-37925315.jpeg','https://thereclaimedcompany.com/uploads/images/202108/img_1920x_610d06dae2bac9-92017270-86185760.jpeg']::text[],'active','sell','LOT',NULL,false,NULL,NULL,true,'2021-08-06T09:56:23Z'::timestamptz,'2021-08-06T09:56:23Z'::timestamptz);

INSERT INTO "Listing" (
"id","sellerId","title","sellerReference","description","price","condition","categoryId","postcode","lat","lng","images","status","listingKind","pricingMode","unitsAvailable","offersDelivery","deliveryCostPence","auctionEndsAt","visibleOnMarketplace","createdAt","updatedAt"
) VALUES (
'legacy_l_326','legacy_u_8','Second hand water bowsers',NULL,'Lage water bowserss, used for rainwater colleciton ro water storage as required. Sold as seen and collection only from my premises. Price stated is for both water bowsers.',10000,'used',(SELECT "id" FROM "Category" WHERE "slug" = 'other' LIMIT 1),NULL,NULL,NULL,ARRAY['https://thereclaimedcompany.com/uploads/images/202108/img_1920x_610d076325c357-81963269-54459519.jpeg','https://thereclaimedcompany.com/uploads/images/202108/img_1920x_610d076856c104-21431998-87625976.jpeg','https://thereclaimedcompany.com/uploads/images/202108/img_1920x_610d075e4b8d86-57276615-16966101.jpeg']::text[],'active','sell','PER_UNIT',2,false,NULL,NULL,true,'2021-08-06T10:07:54Z'::timestamptz,'2021-08-06T10:07:54Z'::timestamptz);

INSERT INTO "Listing" (
"id","sellerId","title","sellerReference","description","price","condition","categoryId","postcode","lat","lng","images","status","listingKind","pricingMode","unitsAvailable","offersDelivery","deliveryCostPence","auctionEndsAt","visibleOnMarketplace","createdAt","updatedAt"
) VALUES (
'legacy_l_327','legacy_u_19','Redland renowned farmhouse red',NULL,'1 and a half packs of Redland renowned',100,'used',(SELECT "id" FROM "Category" WHERE "slug" = 'roof-tiles-slates' LIMIT 1),NULL,NULL,NULL,ARRAY['https://thereclaimedcompany.com/uploads/images/202108/img_1920x_6113b0c072e3e6-86646145-69351975.jpg']::text[],'active','sell','PER_UNIT',400,false,NULL,NULL,true,'2021-08-11T11:14:55Z'::timestamptz,'2021-08-11T11:14:55Z'::timestamptz);

INSERT INTO "Listing" (
"id","sellerId","title","sellerReference","description","price","condition","categoryId","postcode","lat","lng","images","status","listingKind","pricingMode","unitsAvailable","offersDelivery","deliveryCostPence","auctionEndsAt","visibleOnMarketplace","createdAt","updatedAt"
) VALUES (
'legacy_l_328','legacy_u_2','Large and Very secure safe from 1971 | Sargent & Greenleaf Inc lock mechanism.',NULL,'What a find! This safe, was seemingly made for or by Rolls Royce in 1971. A company called Sargent & Greenleaf from kentucky made the lock for this safe. The safe is very large and extremely heavy. There are two locking mechansms, a code lock, we have the code, and a set of keys and key lock also. It would be a shame to see this safe sold for scrap and we are happy to look at offers. It would be perfect for someone who wants a real feature pr for storage of valuables in an existing business. Buyer to collect or we can arrange delivery anywhere in the UK at an additional cost. If you are interested in this item then please get in touch. We will only accept payments made through The Reclaimed Company, no cash on collection.',120000,'used',(SELECT "id" FROM "Category" WHERE "slug" = 'other' LIMIT 1),NULL,NULL,NULL,ARRAY['https://thereclaimedcompany.com/uploads/images/202108/img_1920x_6113d5793c58a9-44092901-13985807.jpeg','https://thereclaimedcompany.com/uploads/images/202108/img_1920x_6113d5575a7b25-22516968-11629806.jpeg','https://thereclaimedcompany.com/uploads/images/202108/img_1920x_6113d55d4061e8-25504228-41573359.jpeg','https://thereclaimedcompany.com/uploads/images/202108/img_1920x_6113d56412a4b7-52053185-70255482.jpeg','https://thereclaimedcompany.com/uploads/images/202108/img_1920x_6113d5696626d2-26190118-91169893.jpeg','https://thereclaimedcompany.com/uploads/images/202108/img_1920x_6113d56e992837-24754852-88128503.jpeg','https://thereclaimedcompany.com/uploads/images/202108/img_1920x_6113d57deffb58-29918065-91572664.jpeg','https://thereclaimedcompany.com/uploads/images/202108/img_1920x_6113d58389cba6-00266424-37474596.jpeg','https://thereclaimedcompany.com/uploads/images/202108/img_1920x_6113d58a661d32-46336608-97049367.jpeg','https://thereclaimedcompany.com/uploads/images/202108/img_1920x_6113d590a7df88-83557476-24430641.jpeg','https://thereclaimedcompany.com/uploads/images/202108/img_1920x_6113d5968c9e41-53789700-70683599.jpeg','https://thereclaimedcompany.com/uploads/images/202108/img_1920x_6113d59ba0f527-43770375-86430946.jpeg']::text[],'active','sell','LOT',NULL,false,NULL,NULL,true,'2021-08-11T13:46:53Z'::timestamptz,'2021-08-11T13:46:53Z'::timestamptz);

INSERT INTO "Listing" (
"id","sellerId","title","sellerReference","description","price","condition","categoryId","postcode","lat","lng","images","status","listingKind","pricingMode","unitsAvailable","offersDelivery","deliveryCostPence","auctionEndsAt","visibleOnMarketplace","createdAt","updatedAt"
) VALUES (
'legacy_l_329','legacy_u_3','Cast iron fire surround',NULL,'Old cast iron fire surround in need of tlc. collection only',3000,'used',(SELECT "id" FROM "Category" WHERE "slug" = 'other' LIMIT 1),NULL,NULL,NULL,ARRAY['https://thereclaimedcompany.com/uploads/images/202108/img_1920x_6116c66b302d90-03777143-70961149.jpeg','https://thereclaimedcompany.com/uploads/images/202108/img_1920x_6116c5fd293598-66226516-50220265.jpeg','https://thereclaimedcompany.com/uploads/images/202108/img_1920x_6116c5e03c69c9-45776058-59549662.jpeg']::text[],'active','sell','LOT',NULL,false,NULL,NULL,true,'2021-08-13T19:23:20Z'::timestamptz,'2021-08-13T19:23:20Z'::timestamptz);

INSERT INTO "Listing" (
"id","sellerId","title","sellerReference","description","price","condition","categoryId","postcode","lat","lng","images","status","listingKind","pricingMode","unitsAvailable","offersDelivery","deliveryCostPence","auctionEndsAt","visibleOnMarketplace","createdAt","updatedAt"
) VALUES (
'legacy_l_330','legacy_u_20','Corrugated pan tiles',NULL,'Selling approximately 4,000 corrugated pan tiles from this lovely 1807 property in Scarborough, im replacing the roof with new tiles and would hate to see these beautiful tiles be skipped, I just do not have the space to store them!',100,'used',(SELECT "id" FROM "Category" WHERE "slug" = 'roof-tiles-slates' LIMIT 1),NULL,NULL,NULL,ARRAY['https://thereclaimedcompany.com/uploads/images/202108/img_1920x_611760c138ad75-40503942-69605377.jpeg','https://thereclaimedcompany.com/uploads/images/202108/img_1920x_611760bd17ab40-54195982-33152159.jpeg','https://thereclaimedcompany.com/uploads/images/202108/img_1920x_611760b7b13956-85337236-21825869.jpeg']::text[],'active','sell','PER_UNIT',4000,false,NULL,NULL,true,'2021-08-14T06:25:02Z'::timestamptz,'2021-08-14T06:25:02Z'::timestamptz);

INSERT INTO "Listing" (
"id","sellerId","title","sellerReference","description","price","condition","categoryId","postcode","lat","lng","images","status","listingKind","pricingMode","unitsAvailable","offersDelivery","deliveryCostPence","auctionEndsAt","visibleOnMarketplace","createdAt","updatedAt"
) VALUES (
'legacy_l_333','legacy_u_24','Roof tiles, Ludlow plus, Marley',NULL,'450 roof tiles for sale, ready to pick in two days time',25000,'used',(SELECT "id" FROM "Category" WHERE "slug" = 'roof-tiles-slates' LIMIT 1),NULL,NULL,NULL,ARRAY[]::text[],'active','sell','PER_UNIT',450,false,NULL,NULL,true,'2021-08-23T16:19:30Z'::timestamptz,'2021-08-23T16:19:30Z'::timestamptz);

INSERT INTO "Listing" (
"id","sellerId","title","sellerReference","description","price","condition","categoryId","postcode","lat","lng","images","status","listingKind","pricingMode","unitsAvailable","offersDelivery","deliveryCostPence","auctionEndsAt","visibleOnMarketplace","createdAt","updatedAt"
) VALUES (
'legacy_l_334','legacy_u_25','Roof Tiles (Red)',NULL,'450 roof tiles in good condition, just come off my garage as seen in the picture. Ludlow Plus, Marley',15000,'used',(SELECT "id" FROM "Category" WHERE "slug" = 'roof-tiles-slates' LIMIT 1),NULL,NULL,NULL,ARRAY['https://thereclaimedcompany.com/uploads/images/202108/img_1920x_612763b610e188-53297628-94500391.jpg','https://thereclaimedcompany.com/uploads/images/202108/img_1920x_612763b51bdee8-04937368-87641525.jpg','https://thereclaimedcompany.com/uploads/images/202108/img_1920x_612763b57e1516-77636887-83262610.jpg']::text[],'active','sell','PER_UNIT',450,false,NULL,NULL,true,'2021-08-26T09:51:10Z'::timestamptz,'2021-08-26T09:51:10Z'::timestamptz);

INSERT INTO "Listing" (
"id","sellerId","title","sellerReference","description","price","condition","categoryId","postcode","lat","lng","images","status","listingKind","pricingMode","unitsAvailable","offersDelivery","deliveryCostPence","auctionEndsAt","visibleOnMarketplace","createdAt","updatedAt"
) VALUES (
'legacy_l_337','legacy_u_27','Parking/security bollards',NULL,'11x Cast iron Parking/security bollards, refurbished to a high standard. Manchester traditional style, round top, very nice looking durable and heavy-duty, will last a lifetime, excellent for driveways, also can be used as anti-ram raid security bollards for property/cash machines etc.',6500,'used',(SELECT "id" FROM "Category" WHERE "slug" = 'other' LIMIT 1),NULL,NULL,NULL,ARRAY['https://thereclaimedcompany.com/uploads/images/202108/img_1920x_612c5172cc7849-20424870-76611424.JPG','https://thereclaimedcompany.com/uploads/images/202108/img_1920x_612c51725d8d30-38783869-98561904.JPG']::text[],'active','sell','PER_UNIT',11,false,NULL,NULL,true,'2021-08-30T03:42:14Z'::timestamptz,'2021-08-30T03:42:14Z'::timestamptz);

INSERT INTO "Listing" (
"id","sellerId","title","sellerReference","description","price","condition","categoryId","postcode","lat","lng","images","status","listingKind","pricingMode","unitsAvailable","offersDelivery","deliveryCostPence","auctionEndsAt","visibleOnMarketplace","createdAt","updatedAt"
) VALUES (
'legacy_l_338','legacy_u_29','Approx. 780 Used Clay Pantiles',NULL,'Used clay pantiles approximately 780. Available to collect from York YO24.',50000,'used',(SELECT "id" FROM "Category" WHERE "slug" = 'roof-tiles-slates' LIMIT 1),NULL,NULL,NULL,ARRAY[]::text[],'active','sell','LOT',NULL,false,NULL,NULL,true,'2021-08-31T17:15:31Z'::timestamptz,'2021-08-31T17:15:31Z'::timestamptz);

INSERT INTO "Listing" (
"id","sellerId","title","sellerReference","description","price","condition","categoryId","postcode","lat","lng","images","status","listingKind","pricingMode","unitsAvailable","offersDelivery","deliveryCostPence","auctionEndsAt","visibleOnMarketplace","createdAt","updatedAt"
) VALUES (
'legacy_l_341','legacy_u_3','Mini Stack | Designer wood burner ex display | 25% off RRP',NULL,'An ex display Mini Stack in Bliue and white on wooden legs. The Mini stack is a superb little wood burning stove that will make a great focal point in any room. The stove has been in our showroom for about a year but it is now time to let her go. At Hot Box, we can supply and install this stove to your exact requiremetns so please message us for more info or visit us online to make contact. Alternatively, check out online here to get a great deal on this ex display wood burning stove.',500000,'used',(SELECT "id" FROM "Category" WHERE "slug" = 'other' LIMIT 1),NULL,0,0,ARRAY['https://thereclaimedcompany.com/uploads/images/202109/img_1920x_6137317b37a845-57895678-22008603.jpeg','https://thereclaimedcompany.com/uploads/images/202109/img_1920x_613731a21da411-13650719-15245657.jpeg','https://thereclaimedcompany.com/uploads/images/202109/img_1920x_6137319cb120c7-39738578-11582880.jpeg','https://thereclaimedcompany.com/uploads/images/202109/img_1920x_6137319727e109-12039750-54624875.jpeg','https://thereclaimedcompany.com/uploads/images/202109/img_1920x_61373191929420-40364272-20545672.jpeg','https://thereclaimedcompany.com/uploads/images/202109/img_1920x_6137318bf0a350-06463664-37281020.jpeg','https://thereclaimedcompany.com/uploads/images/202109/img_1920x_6137318649c6a2-63522753-68029113.jpeg','https://thereclaimedcompany.com/uploads/images/202109/img_1920x_61373180cd72e4-91612023-40068952.jpeg']::text[],'active','sell','LOT',NULL,true,100,NULL,true,'2021-09-07T09:34:41Z'::timestamptz,'2021-09-07T09:34:41Z'::timestamptz);

INSERT INTO "Listing" (
"id","sellerId","title","sellerReference","description","price","condition","categoryId","postcode","lat","lng","images","status","listingKind","pricingMode","unitsAvailable","offersDelivery","deliveryCostPence","auctionEndsAt","visibleOnMarketplace","createdAt","updatedAt"
) VALUES (
'legacy_l_342','legacy_u_33','Large galvanised water tank.',NULL,'This is a very large water tank that would make a stunning garden feature/planter. Dimesions are 70\\" high, 90\\" wide, 102\\" long. It''s located in SG4 8TH, buyer would need to arrange collection. If anyone is interested then please get in touch.',0,'used',(SELECT "id" FROM "Category" WHERE "slug" = 'other' LIMIT 1),NULL,NULL,NULL,ARRAY['https://thereclaimedcompany.com/uploads/images/202109/img_1920x_613b100fb234a2-29819021-94139205.jpg']::text[],'active','sell','LOT',NULL,false,NULL,NULL,true,'2021-09-10T08:00:32Z'::timestamptz,'2021-09-10T08:00:32Z'::timestamptz);

INSERT INTO "Listing" (
"id","sellerId","title","sellerReference","description","price","condition","categoryId","postcode","lat","lng","images","status","listingKind","pricingMode","unitsAvailable","offersDelivery","deliveryCostPence","auctionEndsAt","visibleOnMarketplace","createdAt","updatedAt"
) VALUES (
'legacy_l_351','legacy_u_1','Table',NULL,'table not working',1000,'used',(SELECT "id" FROM "Category" WHERE "slug" = 'other' LIMIT 1),NULL,0,0,ARRAY['https://thereclaimedcompany.com/uploads/images/202109/img_1920x_614310f6350e92-42463070-97255139.jpg']::text[],'active','sell','LOT',NULL,false,NULL,NULL,true,'2021-09-16T09:40:47Z'::timestamptz,'2021-09-16T09:40:47Z'::timestamptz);

INSERT INTO "Listing" (
"id","sellerId","title","sellerReference","description","price","condition","categoryId","postcode","lat","lng","images","status","listingKind","pricingMode","unitsAvailable","offersDelivery","deliveryCostPence","auctionEndsAt","visibleOnMarketplace","createdAt","updatedAt"
) VALUES (
'legacy_l_354','legacy_u_37','Water Tank',NULL,'Water Tank 1820mm x 760mm x 760mm Collection only',70000,'used',(SELECT "id" FROM "Category" WHERE "slug" = 'other' LIMIT 1),'Dn36 4az ',0,0,ARRAY['https://thereclaimedcompany.com/uploads/images/202109/img_1920x_6148d45f698a58-61689847-87202649.jpeg','https://thereclaimedcompany.com/uploads/images/202109/img_1920x_6148d4587c9c72-93624467-17704568.jpeg','https://thereclaimedcompany.com/uploads/images/202109/img_1920x_6148d4461c9ca9-00082772-29404878.jpeg']::text[],'active','sell','LOT',NULL,false,NULL,NULL,true,'2021-09-20T18:40:14Z'::timestamptz,'2021-09-20T18:40:14Z'::timestamptz);

INSERT INTO "Listing" (
"id","sellerId","title","sellerReference","description","price","condition","categoryId","postcode","lat","lng","images","status","listingKind","pricingMode","unitsAvailable","offersDelivery","deliveryCostPence","auctionEndsAt","visibleOnMarketplace","createdAt","updatedAt"
) VALUES (
'legacy_l_355','legacy_u_40','3 reclaimed steel water tanks',NULL,'I have 3 reclaimed steel water tanks that are being removed from my loft in a house built in the 1880s. Pics attached. £200 each, or £500 for all three. Collection only. Located in London W6 post code.',20000,'used',(SELECT "id" FROM "Category" WHERE "slug" = 'other' LIMIT 1),'London',0,0,ARRAY['https://thereclaimedcompany.com/uploads/images/202109/img_1920x_614b93b04b5765-85241032-93840405.JPG','https://thereclaimedcompany.com/uploads/images/202109/img_1920x_614b93af3e28e1-38579526-93688340.JPG','https://thereclaimedcompany.com/uploads/images/202109/img_1920x_614b93af931222-75197837-76693420.JPG','https://thereclaimedcompany.com/uploads/images/202109/img_1920x_614b9319def360-12242307-80358415.png','https://thereclaimedcompany.com/uploads/images/202109/img_1920x_614b9317052870-03674118-68884488.png','https://thereclaimedcompany.com/uploads/images/202109/img_1920x_614b93133cf1d5-21815438-56850716.png','https://thereclaimedcompany.com/uploads/images/202109/img_1920x_614b930f112389-63233212-23688487.png']::text[],'active','sell','PER_UNIT',3,false,NULL,NULL,true,'2021-09-22T20:39:13Z'::timestamptz,'2021-09-22T20:39:13Z'::timestamptz);

INSERT INTO "Listing" (
"id","sellerId","title","sellerReference","description","price","condition","categoryId","postcode","lat","lng","images","status","listingKind","pricingMode","unitsAvailable","offersDelivery","deliveryCostPence","auctionEndsAt","visibleOnMarketplace","createdAt","updatedAt"
) VALUES (
'legacy_l_358','legacy_u_43','Clay Roof Tiles',NULL,'Clay Roof Tiles',60000,'used',(SELECT "id" FROM "Category" WHERE "slug" = 'roof-tiles-slates' LIMIT 1),'Finchley, London',0,0,ARRAY['https://thereclaimedcompany.com/uploads/images/202110/img_1920x_615ec81a354b33-48767190-45868461.jpg','https://thereclaimedcompany.com/uploads/images/202110/img_1920x_615ec80e1fb6f1-58553534-64532432.jpg']::text[],'active','sell','PER_UNIT',3000,false,NULL,NULL,true,'2021-10-07T10:24:16Z'::timestamptz,'2021-10-07T10:24:16Z'::timestamptz);

INSERT INTO "Listing" (
"id","sellerId","title","sellerReference","description","price","condition","categoryId","postcode","lat","lng","images","status","listingKind","pricingMode","unitsAvailable","offersDelivery","deliveryCostPence","auctionEndsAt","visibleOnMarketplace","createdAt","updatedAt"
) VALUES (
'legacy_l_361','legacy_u_1','ORIGINAL VINTAGE ''JOHN SMITHS'' BREWERY PUB LANTERN','G13122O242L4','Needs restoration, wiring etc... Obviously doesn''t work and I do not know what is inside but there is something, probably light fittings but cannot guarantee this Any more photo''s or questions please ask',32500,'used',(SELECT "id" FROM "Category" WHERE "slug" = 'other' LIMIT 1),'hx5 0px',53.6846543,-1.8404989,ARRAY['https://thereclaimedcompany.com/uploads/images/202112/img_1920x_61b7199bf381c6-27048808-31078135.jpg']::text[],'active','sell','LOT',NULL,true,15,NULL,true,'2021-12-13T10:01:19Z'::timestamptz,'2021-12-13T10:01:19Z'::timestamptz);

INSERT INTO "Listing" (
"id","sellerId","title","sellerReference","description","price","condition","categoryId","postcode","lat","lng","images","status","listingKind","pricingMode","unitsAvailable","offersDelivery","deliveryCostPence","auctionEndsAt","visibleOnMarketplace","createdAt","updatedAt"
) VALUES (
'legacy_l_362','legacy_u_1','Vintage Oriental Large Rug 284x197cm','G13131N2I125','An Old Traditional Hand Made Persiann Oriental Carpet Very Nice Wool Piles Hand Made Persiann Carpet Clean as new Size: 284x197cm 9''6\\"x6''7\\"',97500,'used',(SELECT "id" FROM "Category" WHERE "slug" = 'other' LIMIT 1),'hx5 0px',53.6846543,-1.8404989,ARRAY['https://thereclaimedcompany.com/uploads/images/202112/img_1920x_61b7324718b1e4-80520536-36668722.jpg']::text[],'active','sell','LOT',NULL,false,NULL,NULL,true,'2021-12-13T11:46:46Z'::timestamptz,'2021-12-13T11:46:46Z'::timestamptz);

INSERT INTO "Listing" (
"id","sellerId","title","sellerReference","description","price","condition","categoryId","postcode","lat","lng","images","status","listingKind","pricingMode","unitsAvailable","offersDelivery","deliveryCostPence","auctionEndsAt","visibleOnMarketplace","createdAt","updatedAt"
) VALUES (
'legacy_l_363','legacy_u_60','Cast Iron Radiator','G1321U1AZ5','H 58 cm / W 57 cm / D 14 cm Removed recently during renovations',18000,'used',(SELECT "id" FROM "Category" WHERE "slug" = 'other' LIMIT 1),'Bristol',51.454513,-2.58791,ARRAY['https://thereclaimedcompany.com/uploads/images/202112/img_1920x_61bc56ff9f7f28-88550073-68702987.jpeg']::text[],'active','sell','LOT',NULL,true,70,NULL,true,'2021-12-17T09:24:22Z'::timestamptz,'2021-12-17T09:24:22Z'::timestamptz);

INSERT INTO "Listing" (
"id","sellerId","title","sellerReference","description","price","condition","categoryId","postcode","lat","lng","images","status","listingKind","pricingMode","unitsAvailable","offersDelivery","deliveryCostPence","auctionEndsAt","visibleOnMarketplace","createdAt","updatedAt"
) VALUES (
'legacy_l_364','legacy_u_8','Sorel Caribou','G13222O211V9','Sorel Caribou snow boots suoerb condition, only worn an a few occasions. UK 7 but for more like a 9.',6500,'used',(SELECT "id" FROM "Category" WHERE "slug" = 'other' LIMIT 1),'York',53.95996510000001,-1.0872979,ARRAY['https://thereclaimedcompany.com/uploads/images/202112/img_1920x_61bb9d3f995687-82338822-61667741.jpeg','https://thereclaimedcompany.com/uploads/images/202112/img_1920x_61bb9d71756756-87974126-95548086.jpeg','https://thereclaimedcompany.com/uploads/images/202112/img_1920x_61bb9d68deb553-94951582-72171097.jpeg','https://thereclaimedcompany.com/uploads/images/202112/img_1920x_61bb9d5fcfbfa4-25185657-45066521.jpeg','https://thereclaimedcompany.com/uploads/images/202112/img_1920x_61bb9d5555f593-04915734-27781676.jpeg','https://thereclaimedcompany.com/uploads/images/202112/img_1920x_61bb9d4a082233-87984511-40596571.jpeg']::text[],'active','sell','LOT',NULL,true,8,NULL,true,'2021-12-17T14:01:41Z'::timestamptz,'2021-12-17T14:01:41Z'::timestamptz);

INSERT INTO "Listing" (
"id","sellerId","title","sellerReference","description","price","condition","categoryId","postcode","lat","lng","images","status","listingKind","pricingMode","unitsAvailable","offersDelivery","deliveryCostPence","auctionEndsAt","visibleOnMarketplace","createdAt","updatedAt"
) VALUES (
'legacy_l_365','legacy_u_8','Reclaimed WHISKEY BARRELS',NULL,'Price per barrel good order national delivery',8000,'used',(SELECT "id" FROM "Category" WHERE "slug" = 'other' LIMIT 1),'North Yorkshire ',53.9915028,-1.5412015,ARRAY['https://thereclaimedcompany.com/uploads/images/202201/img_1920x_61d9b0d5c69500-58428852-29377316.jpeg','https://thereclaimedcompany.com/uploads/images/202201/img_1920x_61d9b1156c0443-72934836-39962271.jpeg','https://thereclaimedcompany.com/uploads/images/202201/img_1920x_61d9b1096986a0-69306150-26967383.jpeg','https://thereclaimedcompany.com/uploads/images/202201/img_1920x_61d9b100e87600-71673396-55682688.jpeg','https://thereclaimedcompany.com/uploads/images/202201/img_1920x_61d9b0f4d64ad9-12511383-60639788.jpeg','https://thereclaimedcompany.com/uploads/images/202201/img_1920x_61d9b0ea6ba2b2-28204763-99264016.jpeg','https://thereclaimedcompany.com/uploads/images/202201/img_1920x_61d9b0e063ba56-53368299-33847290.jpeg']::text[],'active','sell','PER_UNIT',2,true,65,NULL,true,'2022-01-08T15:45:46Z'::timestamptz,'2022-01-08T15:45:46Z'::timestamptz);

INSERT INTO "Listing" (
"id","sellerId","title","sellerReference","description","price","condition","categoryId","postcode","lat","lng","images","status","listingKind","pricingMode","unitsAvailable","offersDelivery","deliveryCostPence","auctionEndsAt","visibleOnMarketplace","createdAt","updatedAt"
) VALUES (
'legacy_l_366','legacy_u_8','Corrugate roof tiles',NULL,'Second hand corrugate roof tiles',65000,'used',(SELECT "id" FROM "Category" WHERE "slug" = 'roof-tiles-slates' LIMIT 1),'York ',53.95996510000001,-1.0872979,ARRAY['https://thereclaimedcompany.com/uploads/images/202201/img_1920x_61d9b226654ec3-67221125-87763738.jpeg','https://thereclaimedcompany.com/uploads/images/202201/img_1920x_61d9b21d513340-74283832-45949061.jpeg','https://thereclaimedcompany.com/uploads/images/202201/img_1920x_61d9b2138db6f1-82195543-23332794.jpeg','https://thereclaimedcompany.com/uploads/images/202201/img_1920x_61d9b20ae23e22-78372894-33337593.jpeg','https://thereclaimedcompany.com/uploads/images/202201/img_1920x_61d9b200226f89-47241279-83796179.jpeg']::text[],'active','sell','PER_UNIT',800,true,75,NULL,true,'2022-01-08T15:48:54Z'::timestamptz,'2022-01-08T15:48:54Z'::timestamptz);

INSERT INTO "Listing" (
"id","sellerId","title","sellerReference","description","price","condition","categoryId","postcode","lat","lng","images","status","listingKind","pricingMode","unitsAvailable","offersDelivery","deliveryCostPence","auctionEndsAt","visibleOnMarketplace","createdAt","updatedAt"
) VALUES (
'legacy_l_367','legacy_u_8','Assorted cast iron hoppers to clear',NULL,'Various reclaimed cast iron hopper heads to clear.',20000,'used',(SELECT "id" FROM "Category" WHERE "slug" = 'other' LIMIT 1),'York',53.95996510000001,-1.0872979,ARRAY['https://thereclaimedcompany.com/uploads/images/202201/img_1920x_61d9b2f8238114-46853143-50521374.jpeg','https://thereclaimedcompany.com/uploads/images/202201/img_1920x_61d9b3125b9552-88965373-32967875.jpeg','https://thereclaimedcompany.com/uploads/images/202201/img_1920x_61d9b308f36325-76432870-26910796.jpeg','https://thereclaimedcompany.com/uploads/images/202201/img_1920x_61d9b2ffc841f8-75787281-61263869.jpeg']::text[],'active','sell','PER_UNIT',10,true,65,NULL,true,'2022-01-08T15:53:08Z'::timestamptz,'2022-01-08T15:53:08Z'::timestamptz);

INSERT INTO "Listing" (
"id","sellerId","title","sellerReference","description","price","condition","categoryId","postcode","lat","lng","images","status","listingKind","pricingMode","unitsAvailable","offersDelivery","deliveryCostPence","auctionEndsAt","visibleOnMarketplace","createdAt","updatedAt"
) VALUES (
'legacy_l_368','legacy_u_8','Roll top ridge tiles',NULL,'Roll to ridge tiles in natural red',100,'used',(SELECT "id" FROM "Category" WHERE "slug" = 'roof-tiles-slates' LIMIT 1),'York',53.95996510000001,-1.0872979,ARRAY['https://thereclaimedcompany.com/uploads/images/202201/img_1920x_61dd899a868bd8-29972357-69304210.jpeg','https://thereclaimedcompany.com/uploads/images/202201/img_1920x_61dd898f95c518-77066421-46009909.jpeg','https://thereclaimedcompany.com/uploads/images/202201/img_1920x_61dd89857fa801-30950257-95179736.jpeg','https://thereclaimedcompany.com/uploads/images/202201/img_1920x_61dd897b7725b8-44855516-92437924.jpeg','https://thereclaimedcompany.com/uploads/images/202201/img_1920x_61dd897158a7f6-42612926-35152632.jpeg','https://thereclaimedcompany.com/uploads/images/202201/img_1920x_61dd89671cefc2-37974082-70819560.jpeg','https://thereclaimedcompany.com/uploads/images/202201/img_1920x_61dd895ceb3989-79324349-13111472.jpeg']::text[],'active','sell','PER_UNIT',9,false,NULL,NULL,true,'2022-01-11T13:55:22Z'::timestamptz,'2022-01-11T13:55:22Z'::timestamptz);

INSERT INTO "Listing" (
"id","sellerId","title","sellerReference","description","price","condition","categoryId","postcode","lat","lng","images","status","listingKind","pricingMode","unitsAvailable","offersDelivery","deliveryCostPence","auctionEndsAt","visibleOnMarketplace","createdAt","updatedAt"
) VALUES (
'legacy_l_369','legacy_u_68','Stressless Chair Armchair Brown and White Leather',NULL,'Stressless Chair Armchair Brown and White Leather Great looking Stresless chair. Brown and white leather Real wood frame Rotates 360° Adjustable back Really comfy! Elegant and laidback, This Stressless chair has the classic Stressless look. Its cushioning is extra supple and comfortable. A classic look bursting with state of the art comfort technology makes this an excellent representative of the renowned Stressless comfort.',40000,'used',(SELECT "id" FROM "Category" WHERE "slug" = 'other' LIMIT 1),'YO32 2RB',54.0297918,-1.0963469,ARRAY['https://thereclaimedcompany.com/uploads/images/202201/img_1920x_61e7da0acfdb50-92850170-56786037.jpeg','https://thereclaimedcompany.com/uploads/images/202201/img_1920x_61e7da1d2ee9a0-64858423-48203308.jpeg','https://thereclaimedcompany.com/uploads/images/202201/img_1920x_61e7da17ba8b92-62519053-97381334.jpeg','https://thereclaimedcompany.com/uploads/images/202201/img_1920x_61e7da12435da1-19646705-31845341.jpeg']::text[],'active','sell','LOT',NULL,true,85,NULL,true,'2022-01-19T09:40:17Z'::timestamptz,'2022-01-19T09:40:17Z'::timestamptz);

INSERT INTO "Listing" (
"id","sellerId","title","sellerReference","description","price","condition","categoryId","postcode","lat","lng","images","status","listingKind","pricingMode","unitsAvailable","offersDelivery","deliveryCostPence","auctionEndsAt","visibleOnMarketplace","createdAt","updatedAt"
) VALUES (
'legacy_l_370','legacy_u_68','Pedestal Display Case made of wood, brass and glass.',NULL,'Pedestal Display Case made of wood, brass and glass. Great looking pedestal Display Case made of wood, brass and glass. Old display cabinet/case has been souced from the historic York Guildhall. Real wood base with door/stock orange space. Glass and brass octagonal display unit. Cushioned display surface. A well made product with good craftsmanship. Lovely detailing.',18000,'used',(SELECT "id" FROM "Category" WHERE "slug" = 'other' LIMIT 1),'YO32 2RB ',54.0297918,-1.0963469,ARRAY['https://thereclaimedcompany.com/uploads/images/202201/img_1920x_61f3ef1c443199-66804941-21428960.jpeg','https://thereclaimedcompany.com/uploads/images/202201/img_1920x_61f3ef793bb6e7-42924337-60782483.jpeg','https://thereclaimedcompany.com/uploads/images/202201/img_1920x_61f3ef7199b316-81280800-11581155.jpeg','https://thereclaimedcompany.com/uploads/images/202201/img_1920x_61f3ef676c7270-76914004-19422903.jpeg','https://thereclaimedcompany.com/uploads/images/202201/img_1920x_61f3ef60020828-76427483-28535665.jpeg','https://thereclaimedcompany.com/uploads/images/202201/img_1920x_61f3ef58d202f3-78771886-69611631.jpeg','https://thereclaimedcompany.com/uploads/images/202201/img_1920x_61f3ef4f5c8944-26133619-64674535.jpeg','https://thereclaimedcompany.com/uploads/images/202201/img_1920x_61f3ef43e816c2-15683185-37123541.jpeg','https://thereclaimedcompany.com/uploads/images/202201/img_1920x_61f3ef3c0c9883-45553595-95884579.jpeg','https://thereclaimedcompany.com/uploads/images/202201/img_1920x_61f3ef33ea3939-07493922-98216991.jpeg','https://thereclaimedcompany.com/uploads/images/202201/img_1920x_61f3ef2a3e7bb6-87467182-90332910.jpeg','https://thereclaimedcompany.com/uploads/images/202201/img_1920x_61f3ef2396f4b5-45802978-86382052.jpeg','https://thereclaimedcompany.com/uploads/images/202201/img_1920x_61f3ef12aacb13-70614600-99008489.jpeg']::text[],'active','sell','LOT',NULL,true,85,NULL,true,'2022-01-28T13:44:06Z'::timestamptz,'2022-01-28T13:44:06Z'::timestamptz);

INSERT INTO "Listing" (
"id","sellerId","title","sellerReference","description","price","condition","categoryId","postcode","lat","lng","images","status","listingKind","pricingMode","unitsAvailable","offersDelivery","deliveryCostPence","auctionEndsAt","visibleOnMarketplace","createdAt","updatedAt"
) VALUES (
'legacy_l_371','legacy_u_68','5 Pack Marley Anglia Plus Concrete Roof Tiles Weathered',NULL,'Marley Anglia Plus Concrete Roof Tiles Weathered 5 Pack Fantastic Marley Anglia Plus concrete roof tiles in a Weathered condition. 387mm x 230mm Really good condition, we have a whole pallet. This is for a pack of 5.',720,'used',(SELECT "id" FROM "Category" WHERE "slug" = 'roof-tiles-slates' LIMIT 1),'YO322rb',54.0297918,-1.0963469,ARRAY['https://thereclaimedcompany.com/uploads/images/202201/img_1920x_61f41c385c8646-56080378-29239914.jpeg','https://thereclaimedcompany.com/uploads/images/202201/img_1920x_61f41c397f09f7-80313844-46933474.jpeg']::text[],'active','sell','PER_UNIT',300,true,20,NULL,true,'2022-01-28T16:54:46Z'::timestamptz,'2022-01-28T16:54:46Z'::timestamptz);

INSERT INTO "Listing" (
"id","sellerId","title","sellerReference","description","price","condition","categoryId","postcode","lat","lng","images","status","listingKind","pricingMode","unitsAvailable","offersDelivery","deliveryCostPence","auctionEndsAt","visibleOnMarketplace","createdAt","updatedAt"
) VALUES (
'legacy_l_372','legacy_u_68','2 pack. Concrete segmental ridge. Smooth terracotta colour',NULL,'2 pack Concrete segmental ridge. Smooth terracotta colour Reclaimed concrete segmental ridge in great condition. Smooth terracotta colour. All from the same roof.',1200,'used',(SELECT "id" FROM "Category" WHERE "slug" = 'roof-tiles-slates' LIMIT 1),'Yo322rb',54.01933760000001,-1.0819212,ARRAY['https://thereclaimedcompany.com/uploads/images/202201/img_1920x_61f67c9eaa1419-76713521-31289424.jpeg']::text[],'active','sell','PER_UNIT',16,true,20,NULL,true,'2022-01-30T12:00:06Z'::timestamptz,'2022-01-30T12:00:06Z'::timestamptz);

INSERT INTO "Listing" (
"id","sellerId","title","sellerReference","description","price","condition","categoryId","postcode","lat","lng","images","status","listingKind","pricingMode","unitsAvailable","offersDelivery","deliveryCostPence","auctionEndsAt","visibleOnMarketplace","createdAt","updatedAt"
) VALUES (
'legacy_l_373','legacy_u_68','10 Pack Concrete segmental ridge in Smooth Terracotta',NULL,'10 Pack Concrete segmental ridge in Smooth Terracotta 10 Pack of Concrete segmental ridge in great condition. Smooth Terracotta colour. All from the same roof.',6000,'used',(SELECT "id" FROM "Category" WHERE "slug" = 'roof-tiles-slates' LIMIT 1),'Yo322rb',54.0297918,-1.0963469,ARRAY['https://thereclaimedcompany.com/uploads/images/202201/img_1920x_61f67e631afda3-87720452-48496711.jpeg']::text[],'active','sell','PER_UNIT',20,true,85,NULL,true,'2022-01-30T12:05:27Z'::timestamptz,'2022-01-30T12:05:27Z'::timestamptz);

INSERT INTO "Listing" (
"id","sellerId","title","sellerReference","description","price","condition","categoryId","postcode","lat","lng","images","status","listingKind","pricingMode","unitsAvailable","offersDelivery","deliveryCostPence","auctionEndsAt","visibleOnMarketplace","createdAt","updatedAt"
) VALUES (
'legacy_l_374','legacy_u_68','2 pack - Concrete Segmental Ridge Tiles in Red Sand Face',NULL,'2 -pack Concrete Segmental Ridge Tiles in Red Sand Face Brilliant Concrete Segmental Ridge Tiles in Red Sand Face. Well weathered and would fit with existing aged tiles.',1200,'used',(SELECT "id" FROM "Category" WHERE "slug" = 'roof-tiles-slates' LIMIT 1),'Yo322rb',54.0297918,-1.0963469,ARRAY['https://thereclaimedcompany.com/uploads/images/202201/img_1920x_61f68a4535fa05-88500854-90729140.jpeg']::text[],'active','sell','PER_UNIT',15,true,20,NULL,true,'2022-01-30T12:56:36Z'::timestamptz,'2022-01-30T12:56:36Z'::timestamptz);

INSERT INTO "Listing" (
"id","sellerId","title","sellerReference","description","price","condition","categoryId","postcode","lat","lng","images","status","listingKind","pricingMode","unitsAvailable","offersDelivery","deliveryCostPence","auctionEndsAt","visibleOnMarketplace","createdAt","updatedAt"
) VALUES (
'legacy_l_375','legacy_u_68','14 Pack - New Hawkins Brown Sand Faced Plain Tile',NULL,'14 Pack - New Hawkins Brown Sand Faced Plain Tile Great looking new Hawkins brown sand faced plain tile. Unused stock that were surplus for a job. Best part of a pallet available.',1000,'used',(SELECT "id" FROM "Category" WHERE "slug" = 'roof-tiles-slates' LIMIT 1),'YO322RB',54.01933760000001,-1.0819212,ARRAY['https://thereclaimedcompany.com/uploads/images/202201/img_1920x_61f69f5727b2b5-29622730-52546253.jpeg','https://thereclaimedcompany.com/uploads/images/202201/img_1920x_61f69f63de4889-37036805-62496294.jpeg']::text[],'active','sell','PER_UNIT',40,true,20,NULL,true,'2022-01-30T14:29:15Z'::timestamptz,'2022-01-30T14:29:15Z'::timestamptz);

INSERT INTO "Listing" (
"id","sellerId","title","sellerReference","description","price","condition","categoryId","postcode","lat","lng","images","status","listingKind","pricingMode","unitsAvailable","offersDelivery","deliveryCostPence","auctionEndsAt","visibleOnMarketplace","createdAt","updatedAt"
) VALUES (
'legacy_l_376','legacy_u_68','150 Marley Anglia Plus Sand Faced Reclaimed',NULL,'150 Marley Anglia Plus Sand Faced Reclaimed These are 150no Marley Anglia Plus sand faced that have been reclaimed from the same roof.',21600,'used',(SELECT "id" FROM "Category" WHERE "slug" = 'roof-tiles-slates' LIMIT 1),'YO32 2rb',54.0297918,-1.0963469,ARRAY['https://thereclaimedcompany.com/uploads/images/202201/img_1920x_61f6a17b347129-83633944-40151801.jpeg','https://thereclaimedcompany.com/uploads/images/202201/img_1920x_61f6a17cf09142-46178008-59445843.jpeg']::text[],'active','sell','LOT',NULL,true,100,NULL,true,'2022-01-30T14:36:43Z'::timestamptz,'2022-01-30T14:36:43Z'::timestamptz);

INSERT INTO "Listing" (
"id","sellerId","title","sellerReference","description","price","condition","categoryId","postcode","lat","lng","images","status","listingKind","pricingMode","unitsAvailable","offersDelivery","deliveryCostPence","auctionEndsAt","visibleOnMarketplace","createdAt","updatedAt"
) VALUES (
'legacy_l_377','legacy_u_68','6 Pack Reclaimed Redland Cambrian Roof Tiles in Slate Grey',NULL,'6 Pack Reclaimed Redland Cambrian Roof Tiles in Slate Grey 6 Pack of Reclaimed Redland Cambrian roof tiles in slate grey. Great condition for a reclaimed tile. Stored indoors since reclamation. Cambrian Slates embody the beauty and character of natural slate. Made in Wales from over 60% recycled Welsh slate, Cambrian tops the range in both looks and performance and has a proven track record even on pitches as low as 15°. Whilst light in weight, Cambrian''s unique three point fixing makes it suitable for even the most exposed sites.',2160,'used',(SELECT "id" FROM "Category" WHERE "slug" = 'roof-tiles-slates' LIMIT 1),'Yo32 2rb',54.0297918,-1.0963469,ARRAY['https://thereclaimedcompany.com/uploads/images/202202/img_1920x_61f913bcccb651-28088820-83608050.jpeg','https://thereclaimedcompany.com/uploads/images/202202/img_1920x_61f90b5debd090-94841187-76667970.jpeg','https://thereclaimedcompany.com/uploads/images/202202/img_1920x_61f90b5726e632-45086765-43925317.jpeg']::text[],'active','sell','PER_UNIT',3,true,24,NULL,true,'2022-02-01T10:54:57Z'::timestamptz,'2022-02-01T10:54:57Z'::timestamptz);

INSERT INTO "Listing" (
"id","sellerId","title","sellerReference","description","price","condition","categoryId","postcode","lat","lng","images","status","listingKind","pricingMode","unitsAvailable","offersDelivery","deliveryCostPence","auctionEndsAt","visibleOnMarketplace","createdAt","updatedAt"
) VALUES (
'legacy_l_378','legacy_u_68','Natural Clay Round Chimney Pot',NULL,'Natural Clay Round Chimney Pot A great example of a natural clay round Chimney pot. It has great character and aging. The top has been cut down. Could be used as a chimney or a garden ornament.',7200,'used',(SELECT "id" FROM "Category" WHERE "slug" = 'hardware-fixtures' LIMIT 1),'Yo32 2rb',54.0297918,-1.0963469,ARRAY['https://thereclaimedcompany.com/uploads/images/202202/img_1920x_61f91f84f3b6c3-45455393-16039669.jpeg','https://thereclaimedcompany.com/uploads/images/202202/img_1920x_61f91f8ace7327-08617545-85581754.jpeg','https://thereclaimedcompany.com/uploads/images/202202/img_1920x_61f91f88090bf8-96306884-12172168.jpeg','https://thereclaimedcompany.com/uploads/images/202202/img_1920x_61f91f81ad40f8-21195002-82989448.jpeg']::text[],'active','sell','LOT',NULL,true,85,NULL,true,'2022-02-01T12:02:35Z'::timestamptz,'2022-02-01T12:02:35Z'::timestamptz);

INSERT INTO "Listing" (
"id","sellerId","title","sellerReference","description","price","condition","categoryId","postcode","lat","lng","images","status","listingKind","pricingMode","unitsAvailable","offersDelivery","deliveryCostPence","auctionEndsAt","visibleOnMarketplace","createdAt","updatedAt"
) VALUES (
'legacy_l_379','legacy_u_73','9 x 4mm Clear Polycarbonate Roofing Sheet - UV Protection',NULL,'Brand new and unwrapped as bought the wrong size. 0.7 metrres wide by 2 metres long and 4 mm thick. 9 sheets. Polycarbonate Multiwall Sheet is a Remarkable Insulation Glazing Material manufactured using latest technologies with quality basic materials with Added Co-extruded Protection from the Effective of UV Wearing.',9000,'used',(SELECT "id" FROM "Category" WHERE "slug" = 'windows' LIMIT 1),'Southend on  Sea ',51.5459269,0.7077123,ARRAY['https://thereclaimedcompany.com/uploads/images/202202/img_1920x_61f9294acaee27-69368742-74517738.jpg','https://thereclaimedcompany.com/uploads/images/202202/img_1920x_61f929465ea744-59513406-31053994.jpg','https://thereclaimedcompany.com/uploads/images/202202/img_1920x_61f9293e8dd5f7-95342701-36663167.jpg']::text[],'active','sell','PER_UNIT',9,false,NULL,NULL,true,'2022-02-01T12:48:03Z'::timestamptz,'2022-02-01T12:48:03Z'::timestamptz);

INSERT INTO "Listing" (
"id","sellerId","title","sellerReference","description","price","condition","categoryId","postcode","lat","lng","images","status","listingKind","pricingMode","unitsAvailable","offersDelivery","deliveryCostPence","auctionEndsAt","visibleOnMarketplace","createdAt","updatedAt"
) VALUES (
'legacy_l_380','legacy_u_68','J.H Robinson & Co Coin Gas Meter stamped 1928',NULL,'J.H Robinson & Co Coin Gas Meter stamped 1928 \\"EXCELALL\\" This is a great example of a J.H Robinson & Co Coin Gas Meter stamped 1928. It is nearly 100 years old. It has a repair stamp from the 1950''s. \\"Price Meter Combination Lubricated Meter\\" JH Robinson were based in Liverpool, Mill Lane. Watch a video of the Gas Meter here: J H Robinson Coin Gas Meter',18000,'used',(SELECT "id" FROM "Category" WHERE "slug" = 'other' LIMIT 1),'Yo32 2rb',54.0297918,-1.0963469,ARRAY['https://thereclaimedcompany.com/uploads/images/202202/img_1920x_61fa65e8425178-66256191-29232047.jpeg','https://thereclaimedcompany.com/uploads/images/202202/img_1920x_61fa66044f7958-72585736-52550929.jpeg','https://thereclaimedcompany.com/uploads/images/202202/img_1920x_61fa65ff177317-23308196-81482234.jpeg','https://thereclaimedcompany.com/uploads/images/202202/img_1920x_61fa65f88d0a33-37380731-34694542.jpeg','https://thereclaimedcompany.com/uploads/images/202202/img_1920x_61fa65f319e366-54777715-50254069.jpeg','https://thereclaimedcompany.com/uploads/images/202202/img_1920x_61fa65ee140893-27783635-76658884.jpeg']::text[],'active','sell','LOT',NULL,true,24,NULL,true,'2022-02-02T12:42:15Z'::timestamptz,'2022-02-02T12:42:15Z'::timestamptz);

INSERT INTO "Listing" (
"id","sellerId","title","sellerReference","description","price","condition","categoryId","postcode","lat","lng","images","status","listingKind","pricingMode","unitsAvailable","offersDelivery","deliveryCostPence","auctionEndsAt","visibleOnMarketplace","createdAt","updatedAt"
) VALUES (
'legacy_l_381','legacy_u_76','2 Chimney Pots',NULL,'2 1960s approx chimney pots. Based in Sheffield. Dimensions are 26 inches high, 13 inches diameter and 10 inches inner circle diameter.',18000,'used',(SELECT "id" FROM "Category" WHERE "slug" = 'other' LIMIT 1),'Sheffield ',53.38112899999999,-1.470085,ARRAY['https://thereclaimedcompany.com/uploads/images/202202/img_1920x_61fe5be0d571f8-66590333-75897272.jpeg']::text[],'active','sell','LOT',NULL,false,NULL,NULL,true,'2022-02-05T11:14:11Z'::timestamptz,'2022-02-05T11:14:11Z'::timestamptz);

INSERT INTO "Listing" (
"id","sellerId","title","sellerReference","description","price","condition","categoryId","postcode","lat","lng","images","status","listingKind","pricingMode","unitsAvailable","offersDelivery","deliveryCostPence","auctionEndsAt","visibleOnMarketplace","createdAt","updatedAt"
) VALUES (
'legacy_l_382','legacy_u_68','Pallet of 30 Clay 90° Red Roll Top Ridge',NULL,'Pallet of 30 Clay 90° Red Roll Top Ridge These are a really good example of a reclaimed 90° Roll Top Ridge in red.',39600,'used',(SELECT "id" FROM "Category" WHERE "slug" = 'roof-tiles-slates' LIMIT 1),'Yo32 2rb',54.0297918,-1.0963469,ARRAY['https://thereclaimedcompany.com/uploads/images/202202/img_1920x_61fd5259d23bd4-95126232-41762602.jpeg','https://thereclaimedcompany.com/uploads/images/202202/img_1920x_61fd526378a629-14892119-21047217.jpeg','https://thereclaimedcompany.com/uploads/images/202202/img_1920x_61fd525f113405-67473031-96409711.jpeg']::text[],'active','sell','LOT',NULL,true,85,NULL,true,'2022-02-07T11:36:08Z'::timestamptz,'2022-02-07T11:36:08Z'::timestamptz);

INSERT INTO "Listing" (
"id","sellerId","title","sellerReference","description","price","condition","categoryId","postcode","lat","lng","images","status","listingKind","pricingMode","unitsAvailable","offersDelivery","deliveryCostPence","auctionEndsAt","visibleOnMarketplace","createdAt","updatedAt"
) VALUES (
'legacy_l_383','legacy_u_68','2 Pack Clay 90° Red Roll Top Ridge',NULL,'2 Pack Clay 90° Red Roll Top Ridge These are a really good example of a reclaimed 90° Roll Top Ridge in red.',2640,'used',(SELECT "id" FROM "Category" WHERE "slug" = 'roof-tiles-slates' LIMIT 1),'Yo322rb',54.0297918,-1.0963469,ARRAY['https://thereclaimedcompany.com/uploads/images/202202/img_1920x_620104639224f1-55437843-93716087.jpeg','https://thereclaimedcompany.com/uploads/images/202202/img_1920x_6201046d72f4a9-35739298-38978834.jpeg','https://thereclaimedcompany.com/uploads/images/202202/img_1920x_62010457e26129-24031874-24379544.jpeg']::text[],'active','sell','PER_UNIT',15,true,24,NULL,true,'2022-02-07T11:40:51Z'::timestamptz,'2022-02-07T11:40:51Z'::timestamptz);

INSERT INTO "Listing" (
"id","sellerId","title","sellerReference","description","price","condition","categoryId","postcode","lat","lng","images","status","listingKind","pricingMode","unitsAvailable","offersDelivery","deliveryCostPence","auctionEndsAt","visibleOnMarketplace","createdAt","updatedAt"
) VALUES (
'legacy_l_384','legacy_u_68','25 x 14 Pack - New Hawkins Brown Sand Faced Plain Tile',NULL,'25 x 14 Pack - New Hawkins Brown Sand Faced Plain Tile Great looking new Hawkins brown sand faced plain tile. Unused stock that were surplus for a job. Price works out at 60p + vat per tile. Best part of a pallet available.',25200,'used',(SELECT "id" FROM "Category" WHERE "slug" = 'roof-tiles-slates' LIMIT 1),'YO32 2RB',54.0297918,-1.0963469,ARRAY['https://thereclaimedcompany.com/uploads/images/202202/img_1920x_62023ae8527a09-93348518-39650949.jpeg','https://thereclaimedcompany.com/uploads/images/202202/img_1920x_62023aefa20b76-88637572-11958062.jpeg']::text[],'active','sell','PER_UNIT',2,true,90,NULL,true,'2022-02-08T09:48:21Z'::timestamptz,'2022-02-08T09:48:21Z'::timestamptz);

INSERT INTO "Listing" (
"id","sellerId","title","sellerReference","description","price","condition","categoryId","postcode","lat","lng","images","status","listingKind","pricingMode","unitsAvailable","offersDelivery","deliveryCostPence","auctionEndsAt","visibleOnMarketplace","createdAt","updatedAt"
) VALUES (
'legacy_l_385','legacy_u_68','3 pack Redland Grovebury Red Sand Faced Weathered',NULL,'3 Pack Redland Grovebury Red Sand Faced Weathered Redland Grovebury in red sand faced finish and well weathered. Price works out at £1.20 + vat per tile.',432,'used',(SELECT "id" FROM "Category" WHERE "slug" = 'roof-tiles-slates' LIMIT 1),'Yo32 2rb',54.0297918,-1.0963469,ARRAY['https://thereclaimedcompany.com/uploads/images/202202/img_1920x_62023d1ed3ec91-22758045-48180227.jpeg','https://thereclaimedcompany.com/uploads/images/202202/img_1920x_62023d2890c848-06754594-45105912.jpeg','https://thereclaimedcompany.com/uploads/images/202202/img_1920x_62023ca0de3a11-98275057-27295595.jpeg']::text[],'active','sell','PER_UNIT',50,true,24,NULL,true,'2022-02-08T10:02:51Z'::timestamptz,'2022-02-08T10:02:51Z'::timestamptz);

INSERT INTO "Listing" (
"id","sellerId","title","sellerReference","description","price","condition","categoryId","postcode","lat","lng","images","status","listingKind","pricingMode","unitsAvailable","offersDelivery","deliveryCostPence","auctionEndsAt","visibleOnMarketplace","createdAt","updatedAt"
) VALUES (
'legacy_l_386','legacy_u_68','100 Redland Grovebury Red Sand Faced Weathered',NULL,'100 Redland Grovebury Red Sand Faced Weathered Redland Grovebury in red sand faced finish and well weathered. Price works out at £1.20 + vat per tile.',14400,'used',(SELECT "id" FROM "Category" WHERE "slug" = 'roof-tiles-slates' LIMIT 1),'Yo322rb',54.0297918,-1.0963469,ARRAY['https://thereclaimedcompany.com/uploads/images/202202/img_1920x_62023ff56e4411-54927542-44858566.jpeg','https://thereclaimedcompany.com/uploads/images/202202/img_1920x_6202400d728289-46579443-86038459.jpeg','https://thereclaimedcompany.com/uploads/images/202202/img_1920x_620240012e5106-49489692-57522060.jpeg']::text[],'active','sell','LOT',NULL,true,120,NULL,true,'2022-02-08T10:06:50Z'::timestamptz,'2022-02-08T10:06:50Z'::timestamptz);

INSERT INTO "Listing" (
"id","sellerId","title","sellerReference","description","price","condition","categoryId","postcode","lat","lng","images","status","listingKind","pricingMode","unitsAvailable","offersDelivery","deliveryCostPence","auctionEndsAt","visibleOnMarketplace","createdAt","updatedAt"
) VALUES (
'legacy_l_387','legacy_u_68','Small Round Brown Chimney Pot',NULL,'Small Round Brown Chimney Pot This small round brown chimney pot has a thick lip at the top. It would look great as an garden ornament.or on a chimney stack. There is some damage to the base and the shaft.',4500,'used',(SELECT "id" FROM "Category" WHERE "slug" = 'hardware-fixtures' LIMIT 1),'Yo32 2rb',54.0297918,-1.0963469,ARRAY['https://thereclaimedcompany.com/uploads/images/202202/img_1920x_6202c101b5bee0-45186800-58555261.jpeg','https://thereclaimedcompany.com/uploads/images/202202/img_1920x_6202c125097eb1-85702676-46733716.jpeg','https://thereclaimedcompany.com/uploads/images/202202/img_1920x_6202c11b401999-22319265-15688244.jpeg','https://thereclaimedcompany.com/uploads/images/202202/img_1920x_6202c112666ee9-28199628-94954924.jpeg','https://thereclaimedcompany.com/uploads/images/202202/img_1920x_6202c10a33f925-59851103-89331594.jpeg']::text[],'active','sell','LOT',NULL,true,85,NULL,true,'2022-02-08T19:23:31Z'::timestamptz,'2022-02-08T19:23:31Z'::timestamptz);

INSERT INTO "Listing" (
"id","sellerId","title","sellerReference","description","price","condition","categoryId","postcode","lat","lng","images","status","listingKind","pricingMode","unitsAvailable","offersDelivery","deliveryCostPence","auctionEndsAt","visibleOnMarketplace","createdAt","updatedAt"
) VALUES (
'legacy_l_388','legacy_u_68','3 Pack - Reclaimed Sandtoft Calderdale Sand Face Grey Roof Tiles',NULL,'3 Pack - Reclaimed Sandtoft Calderdale Sand Face Grey Roof Tiles 3 Pack of reclaimed Sandtoft Calderdale roof tiles in sand face grey. Large concrete tiles. All sourced form same North Yorkshire roof. Price of each tile works out at £1.20+vat',432,'used',(SELECT "id" FROM "Category" WHERE "slug" = 'other' LIMIT 1),'Yo322rb',54.0297918,-1.0963469,ARRAY['https://thereclaimedcompany.com/uploads/images/202202/img_1920x_6203cdead5dfc6-47572554-15990109.jpeg','https://thereclaimedcompany.com/uploads/images/202202/img_1920x_6203cdef568fb6-73334120-71403792.jpeg']::text[],'active','sell','PER_UNIT',29,true,24,NULL,true,'2022-02-11T16:55:04Z'::timestamptz,'2022-02-11T16:55:04Z'::timestamptz);

INSERT INTO "Listing" (
"id","sellerId","title","sellerReference","description","price","condition","categoryId","postcode","lat","lng","images","status","listingKind","pricingMode","unitsAvailable","offersDelivery","deliveryCostPence","auctionEndsAt","visibleOnMarketplace","createdAt","updatedAt"
) VALUES (
'legacy_l_389','legacy_u_68','Buff Louvered Chimney Pot with 4 bowls.',NULL,'Buff Louvered Chimney Pot with 4 bowls Great example of a buff louvered chimney pot with a 4 bowl vent. Lovely detailing including beading on the base and shaft. Round base and round shaft.',10000,'used',(SELECT "id" FROM "Category" WHERE "slug" = 'hardware-fixtures' LIMIT 1),'Yo322rb',54.0297918,-1.0963469,ARRAY['https://thereclaimedcompany.com/uploads/images/202202/img_1920x_6213b0fadcced4-46157747-18650676.jpeg','https://thereclaimedcompany.com/uploads/images/202202/img_1920x_6213b0f3ca27b9-26800016-90678320.jpeg','https://thereclaimedcompany.com/uploads/images/202202/img_1920x_6213b0e4233973-56498668-49133180.jpeg','https://thereclaimedcompany.com/uploads/images/202202/img_1920x_6213b0d9a44561-63141609-67117460.jpeg','https://thereclaimedcompany.com/uploads/images/202202/img_1920x_6213b0c9f1ec92-98297889-87048365.jpeg','https://thereclaimedcompany.com/uploads/images/202202/img_1920x_6213b0bb485549-56057761-47317946.jpeg']::text[],'active','sell','LOT',NULL,true,100,NULL,true,'2022-02-21T15:38:47Z'::timestamptz,'2022-02-21T15:38:47Z'::timestamptz);

INSERT INTO "Listing" (
"id","sellerId","title","sellerReference","description","price","condition","categoryId","postcode","lat","lng","images","status","listingKind","pricingMode","unitsAvailable","offersDelivery","deliveryCostPence","auctionEndsAt","visibleOnMarketplace","createdAt","updatedAt"
) VALUES (
'legacy_l_390','legacy_u_68','Buff Cannon Pot with Beading',NULL,'Buff Cannon Pot with Beading Nice buff cannon chimney pot with beading around the base and lip. Round shaft and round base. Good sound pot.',8400,'used',(SELECT "id" FROM "Category" WHERE "slug" = 'hardware-fixtures' LIMIT 1),'yo322rb',54.0297918,-1.0963469,ARRAY['https://thereclaimedcompany.com/uploads/images/202202/img_1920x_6213b61cbf8786-01093555-24877217.jpeg','https://thereclaimedcompany.com/uploads/images/202202/img_1920x_6213b615b091c0-30177421-28920318.jpeg']::text[],'active','sell','LOT',NULL,true,100,NULL,true,'2022-02-21T15:58:59Z'::timestamptz,'2022-02-21T15:58:59Z'::timestamptz);

INSERT INTO "Listing" (
"id","sellerId","title","sellerReference","description","price","condition","categoryId","postcode","lat","lng","images","status","listingKind","pricingMode","unitsAvailable","offersDelivery","deliveryCostPence","auctionEndsAt","visibleOnMarketplace","createdAt","updatedAt"
) VALUES (
'legacy_l_391','legacy_u_68','Plain Buff Round Cannon Pot',NULL,'Plain Buff Round Cannon Pot Nice simple plain round Cannon pot in buff. Great weathering and in sound condition.',7200,'used',(SELECT "id" FROM "Category" WHERE "slug" = 'hardware-fixtures' LIMIT 1),'Yo322rb',54.0297918,-1.0963469,ARRAY['https://thereclaimedcompany.com/uploads/images/202202/img_1920x_6213b7e860ad60-12684353-32833452.jpeg','https://thereclaimedcompany.com/uploads/images/202202/img_1920x_6213b7dd3c3f88-72686160-91510802.jpeg','https://thereclaimedcompany.com/uploads/images/202202/img_1920x_6213b7c00f96f7-44358821-72843799.jpeg','https://thereclaimedcompany.com/uploads/images/202202/img_1920x_6213b7af206689-51105886-95231334.jpeg']::text[],'active','sell','LOT',NULL,true,100,NULL,true,'2022-02-21T16:06:23Z'::timestamptz,'2022-02-21T16:06:23Z'::timestamptz);

INSERT INTO "Listing" (
"id","sellerId","title","sellerReference","description","price","condition","categoryId","postcode","lat","lng","images","status","listingKind","pricingMode","unitsAvailable","offersDelivery","deliveryCostPence","auctionEndsAt","visibleOnMarketplace","createdAt","updatedAt"
) VALUES (
'legacy_l_392','legacy_u_82','Spanish Slate Tiles 20inch x 10inch ( collection only )',NULL,'Aproximately 3000 available, collection only from Staines, TW18. Price is per tile.',100,'used',(SELECT "id" FROM "Category" WHERE "slug" = 'roof-tiles-slates' LIMIT 1),NULL,51.43148,-0.515525,ARRAY['https://thereclaimedcompany.com/uploads/images/202203/img_1920x_621e295ce58865-26565193-17724282.jpg','https://thereclaimedcompany.com/uploads/images/202203/img_1920x_621e2a9c453ea5-06109588-79338778.jpg']::text[],'active','sell','PER_UNIT',3000,false,NULL,NULL,true,'2022-03-01T14:11:03Z'::timestamptz,'2022-03-01T14:11:03Z'::timestamptz);

INSERT INTO "Listing" (
"id","sellerId","title","sellerReference","description","price","condition","categoryId","postcode","lat","lng","images","status","listingKind","pricingMode","unitsAvailable","offersDelivery","deliveryCostPence","auctionEndsAt","visibleOnMarketplace","createdAt","updatedAt"
) VALUES (
'legacy_l_393','legacy_u_77','Reclaimed roof tiles',NULL,'Approximately 400 reclaimed roof tiles. Various colours due to wear. Good condition. £200 for the lot. collection only',20000,'used',(SELECT "id" FROM "Category" WHERE "slug" = 'roof-tiles-slates' LIMIT 1),'Woodf',51.6092549,0.0405521,ARRAY['https://thereclaimedcompany.com/uploads/images/202203/img_1920x_622392e26b3739-92270171-40506631.jpeg']::text[],'active','sell','PER_UNIT',400,false,NULL,NULL,true,'2022-03-05T16:49:47Z'::timestamptz,'2022-03-05T16:49:47Z'::timestamptz);

INSERT INTO "Listing" (
"id","sellerId","title","sellerReference","description","price","condition","categoryId","postcode","lat","lng","images","status","listingKind","pricingMode","unitsAvailable","offersDelivery","deliveryCostPence","auctionEndsAt","visibleOnMarketplace","createdAt","updatedAt"
) VALUES (
'legacy_l_395','legacy_u_68','2 Pack Slate Grey Sandtoft Danum Concrete Tile',NULL,'2 Pack Slate Grey Sandtoft Danum Concrete Tile This is a 2 pack of the slate grey Sandtoft Danum a concrete tile. The tile is discontinued. It is a large flat interlocking roof tile.',1440,'used',(SELECT "id" FROM "Category" WHERE "slug" = 'roof-tiles-slates' LIMIT 1),'Yo322rb',54.0297918,-1.0963469,ARRAY['https://thereclaimedcompany.com/uploads/images/202203/img_1920x_622f627c5acb33-45988079-14644747.jpeg','https://thereclaimedcompany.com/uploads/images/202203/img_1920x_622f627fb0a307-40340179-69011757.jpeg']::text[],'active','sell','PER_UNIT',40,true,24,NULL,true,'2022-03-14T15:49:56Z'::timestamptz,'2022-03-14T15:49:56Z'::timestamptz);

INSERT INTO "Listing" (
"id","sellerId","title","sellerReference","description","price","condition","categoryId","postcode","lat","lng","images","status","listingKind","pricingMode","unitsAvailable","offersDelivery","deliveryCostPence","auctionEndsAt","visibleOnMarketplace","createdAt","updatedAt"
) VALUES (
'legacy_l_396','legacy_u_68','5 Pack of Reclaimed Sandtoft Old English Pantiles Natural Clay Colour',NULL,'5 Pack of Reclaimed Sandtoft Old English Pantiles Natural Clay Colour 5 Pack of Sandtoft Old English Pantiles originally a natural clay colour. These tiles have been weathered to a darker colour. These tiles are becoming harder to find. The price is based on £1.20 + vat per tile. These tiles have been made by Goxhill, Sandtoft and Wienerberger and are also known as Arcadia tiles. All tiles are compatible with each other but have different branding.',720,'used',(SELECT "id" FROM "Category" WHERE "slug" = 'roof-tiles-slates' LIMIT 1),'YO32 2RB ',54.0297918,-1.0963469,ARRAY['https://thereclaimedcompany.com/uploads/images/202203/img_1920x_623456220ec249-41214982-41301140.jpeg','https://thereclaimedcompany.com/uploads/images/202203/img_1920x_6234562fbb3984-57290288-34408650.jpeg','https://thereclaimedcompany.com/uploads/images/202203/img_1920x_6234562c9973e0-56071360-53776684.jpeg','https://thereclaimedcompany.com/uploads/images/202203/img_1920x_623456278d3d47-85555013-55915859.jpeg']::text[],'active','sell','PER_UNIT',10,true,24,NULL,true,'2022-03-18T10:01:41Z'::timestamptz,'2022-03-18T10:01:41Z'::timestamptz);

INSERT INTO "Listing" (
"id","sellerId","title","sellerReference","description","price","condition","categoryId","postcode","lat","lng","images","status","listingKind","pricingMode","unitsAvailable","offersDelivery","deliveryCostPence","auctionEndsAt","visibleOnMarketplace","createdAt","updatedAt"
) VALUES (
'legacy_l_398','legacy_u_1','Reclaimed Slate',NULL,'Reclaimed Slate',200,'used',(SELECT "id" FROM "Category" WHERE "slug" = 'roof-tiles-slates' LIMIT 1),NULL,0,0,ARRAY['https://thereclaimedcompany.com/uploads/images/202204/img_1920x_624afeb7184164-30010486-79255725.jpg']::text[],'active','sell','PER_UNIT',4,false,NULL,NULL,true,'2022-04-04T14:21:29Z'::timestamptz,'2022-04-04T14:21:29Z'::timestamptz);

INSERT INTO "Listing" (
"id","sellerId","title","sellerReference","description","price","condition","categoryId","postcode","lat","lng","images","status","listingKind","pricingMode","unitsAvailable","offersDelivery","deliveryCostPence","auctionEndsAt","visibleOnMarketplace","createdAt","updatedAt"
) VALUES (
'legacy_l_399','legacy_u_99','Roofing tiles',NULL,'I have about 120 or so roofing tiles looking for a quick sale',7000,'used',(SELECT "id" FROM "Category" WHERE "slug" = 'roof-tiles-slates' LIMIT 1),'Manor park',51.550487,0.0514117,ARRAY['https://thereclaimedcompany.com/uploads/images/202204/img_1920x_625721c0a517e0-59767559-21431806.jpeg','https://thereclaimedcompany.com/uploads/images/202204/img_1920x_625721b9ce6580-73881641-36209758.jpeg','https://thereclaimedcompany.com/uploads/images/202204/img_1920x_625721b31ba057-64212302-63338117.jpeg']::text[],'active','sell','PER_UNIT',120,false,NULL,NULL,true,'2022-04-13T19:18:05Z'::timestamptz,'2022-04-13T19:18:05Z'::timestamptz);

INSERT INTO "Listing" (
"id","sellerId","title","sellerReference","description","price","condition","categoryId","postcode","lat","lng","images","status","listingKind","pricingMode","unitsAvailable","offersDelivery","deliveryCostPence","auctionEndsAt","visibleOnMarketplace","createdAt","updatedAt"
) VALUES (
'legacy_l_400','legacy_u_98','Reclaimed clay roof tiles',NULL,'We have 920 reclaimed roof tiles in excellent condition',50000,'used',(SELECT "id" FROM "Category" WHERE "slug" = 'roof-tiles-slates' LIMIT 1),'Beverley, ',53.841963,-0.435093,ARRAY['https://thereclaimedcompany.com/uploads/images/202204/img_1920x_6264042b2f8a59-54220118-11726419.jpg','https://thereclaimedcompany.com/uploads/images/202204/img_1920x_6264042133cdc1-46095522-62145227.jpg']::text[],'active','sell','PER_UNIT',920,false,NULL,NULL,true,'2022-04-23T13:52:39Z'::timestamptz,'2022-04-23T13:52:39Z'::timestamptz);

INSERT INTO "Listing" (
"id","sellerId","title","sellerReference","description","price","condition","categoryId","postcode","lat","lng","images","status","listingKind","pricingMode","unitsAvailable","offersDelivery","deliveryCostPence","auctionEndsAt","visibleOnMarketplace","createdAt","updatedAt"
) VALUES (
'legacy_l_401','legacy_u_109','Reclaimed clay roof tiles',NULL,'Reclaimed clay roof tiles, in good condition, for sale. Must be collected by Wednesday 11th May 2022. Any questions, or would like more pictures / information, please do not hesitate to get in touch. Arches available too. COLLECTION ONLY',10000,'used',(SELECT "id" FROM "Category" WHERE "slug" = 'roof-tiles-slates' LIMIT 1),'Tw200rp',51.4276974,-0.5709226,ARRAY['https://thereclaimedcompany.com/uploads/images/202205/img_1920x_6273910c8bd679-38144725-25396286.jpg','https://thereclaimedcompany.com/uploads/images/202205/img_1920x_62739107ad1c23-88633287-68883197.jpg']::text[],'active','sell','PER_UNIT',200,false,NULL,NULL,true,'2022-05-05T09:03:36Z'::timestamptz,'2022-05-05T09:03:36Z'::timestamptz);

INSERT INTO "Listing" (
"id","sellerId","title","sellerReference","description","price","condition","categoryId","postcode","lat","lng","images","status","listingKind","pricingMode","unitsAvailable","offersDelivery","deliveryCostPence","auctionEndsAt","visibleOnMarketplace","createdAt","updatedAt"
) VALUES (
'legacy_l_402','legacy_u_111','Forticrete Anchor Anchorlite Roof Tiles',NULL,'£2 per tile Approximately 2000 Anchorlite Tiles For Sale. Approx 300 per crate. Almost 7 crates. I believe this tile to be discontinued and hard to get hold of. I can arrange a handler to load the crates into a vehicle. You will have to arrange pickup or collection from DG9 postcode. General condition of tiles can be seen in the above pics. Some are cleaner, some aren''t. They have been sat on the roof for 25 years. Any further questions just get in touch. Thanks. MORE INFORMATION The Forticrete Anchorlite tile is small, lightweight single-interlocking. It is a “slate-effect” tile. The rear of the tile shows the name ‘Anchor’ and also has two small slim support nibs. The Anchorlite has now discontinued. Measurements per tile 13″ x 11″ x 1″ 33cm x 28 cm x 2.5cm 2 Kg Forticrete Forticrete’s range of concrete roof tiles, cast stone, walling stone & architectural masonry are unrivalled. They are evolving with over five decades of experience. Working closely with their customers in the UK construction industry. Forticrete have used their technical know how to adapt to the ever-changing needs in the market. Forticrete have made tiles that provide a balance of aesthetics, capability and also value. Innovation and Awards Forticrete has long been the driving force at the forefront of innovation in masonry as well as product development. The Gemini concrete roofing tile Awarded the Millennium Products status by the Design Council. Queen’s Award for Enterprise in Innovation. History During the late 1920’s Forticrete was founded as The Wilkinson Brothers of Liverpool. The name then became the Northern Cement Construction Company. Originally they made bricks, pipes, tiles and terracotta. Expansion followed into precast concrete as well as flagstones. The name Forticrete began as a brand during WWII and it was in 1959 when the company became part of Roadstone. This is when the company that exists today truly came into being. The company grew with the acquisition of Hardrow manufacturer, Robert Abraham in 1981. The next to be bought were firstly Wath Concrete followed by Anchor Roofing and Newlay Concrete. In 1999, Ibstock joined the same group. Forticrete then added the Walling and Cast Stone product range into the business.',200,'used',(SELECT "id" FROM "Category" WHERE "slug" = 'roof-tiles-slates' LIMIT 1),'dg9 0qb ',54.9709719,-5.1554474,ARRAY['https://thereclaimedcompany.com/uploads/images/202205/img_1920x_627547fe6f9627-70446421-67171436.jpg','https://thereclaimedcompany.com/uploads/images/202205/img_1920x_627547e9c14085-56103662-14579187.jpg','https://thereclaimedcompany.com/uploads/images/202205/img_1920x_627547b10a2548-10286497-14448085.jpg','https://thereclaimedcompany.com/uploads/images/202205/img_1920x_62754797782a06-71527549-29410208.jpg','https://thereclaimedcompany.com/uploads/images/202205/img_1920x_627f9c93db1853-04122922-76981998.jpg']::text[],'active','sell','PER_UNIT',2000,true,1000,NULL,true,'2022-05-06T16:40:09Z'::timestamptz,'2022-05-06T16:40:09Z'::timestamptz);

INSERT INTO "Listing" (
"id","sellerId","title","sellerReference","description","price","condition","categoryId","postcode","lat","lng","images","status","listingKind","pricingMode","unitsAvailable","offersDelivery","deliveryCostPence","auctionEndsAt","visibleOnMarketplace","createdAt","updatedAt"
) VALUES (
'legacy_l_403','legacy_u_92','Unused Marley Double Roman Roof Tiles',NULL,'136 X Marley Concrete Double Roman Roof Tiles, Old English colour. New and unused. Surplus to requirements following a renovation project. 128 of the tiles are still banded and on a pallet.',15000,'used',(SELECT "id" FROM "Category" WHERE "slug" = 'roof-tiles-slates' LIMIT 1),'Sheriff Hutton ',54.0891597,-1.0067805,ARRAY['https://thereclaimedcompany.com/uploads/images/202207/img_1920x_62d472d1c710f4-82907792-69149459.jpg']::text[],'active','sell','PER_UNIT',136,false,NULL,NULL,true,'2022-07-17T20:44:32Z'::timestamptz,'2022-07-17T20:44:32Z'::timestamptz);

INSERT INTO "Listing" (
"id","sellerId","title","sellerReference","description","price","condition","categoryId","postcode","lat","lng","images","status","listingKind","pricingMode","unitsAvailable","offersDelivery","deliveryCostPence","auctionEndsAt","visibleOnMarketplace","createdAt","updatedAt"
) VALUES (
'legacy_l_404','legacy_u_135','Belgian interlocking roofing tiles',NULL,'Rustic look very stylish tiles. Quantity: 550',20000,'used',(SELECT "id" FROM "Category" WHERE "slug" = 'roof-tiles-slates' LIMIT 1),'Loughton',51.655942,0.068161,ARRAY[]::text[],'active','sell','PER_UNIT',550,false,NULL,NULL,true,'2022-07-31T16:59:14Z'::timestamptz,'2022-07-31T16:59:14Z'::timestamptz);

INSERT INTO "Listing" (
"id","sellerId","title","sellerReference","description","price","condition","categoryId","postcode","lat","lng","images","status","listingKind","pricingMode","unitsAvailable","offersDelivery","deliveryCostPence","auctionEndsAt","visibleOnMarketplace","createdAt","updatedAt"
) VALUES (
'legacy_l_405','legacy_u_136','Slate roof tiles.',NULL,'Slate roof tiles 900+ 16x9 inch All decent condition, more pictures on request. Collection only.',45000,'used',(SELECT "id" FROM "Category" WHERE "slug" = 'roof-tiles-slates' LIMIT 1),'Grimsby ',53.567471,-0.080784,ARRAY['https://thereclaimedcompany.com/uploads/images/202208/img_1920x_62ea37604d0773-65905385-78123930.jpg','https://thereclaimedcompany.com/uploads/images/202208/img_1920x_62ea3756a9e742-50483973-87989910.jpg']::text[],'active','sell','PER_UNIT',900,false,NULL,NULL,true,'2022-08-03T08:55:34Z'::timestamptz,'2022-08-03T08:55:34Z'::timestamptz);

INSERT INTO "Listing" (
"id","sellerId","title","sellerReference","description","price","condition","categoryId","postcode","lat","lng","images","status","listingKind","pricingMode","unitsAvailable","offersDelivery","deliveryCostPence","auctionEndsAt","visibleOnMarketplace","createdAt","updatedAt"
) VALUES (
'legacy_l_406','legacy_u_142','Chimney pots',NULL,'Good condition, little wear and tear but nothing to bad ????. Selling the pair together',10000,'used',(SELECT "id" FROM "Category" WHERE "slug" = 'other' LIMIT 1),'Darwen',53.695451,-2.46874,ARRAY['https://thereclaimedcompany.com/uploads/images/202208/img_1920x_62fa012468d560-29748380-75031560.jpg']::text[],'active','sell','PER_UNIT',2,false,NULL,NULL,true,'2022-08-15T08:21:31Z'::timestamptz,'2022-08-15T08:21:31Z'::timestamptz);

INSERT INTO "Listing" (
"id","sellerId","title","sellerReference","description","price","condition","categoryId","postcode","lat","lng","images","status","listingKind","pricingMode","unitsAvailable","offersDelivery","deliveryCostPence","auctionEndsAt","visibleOnMarketplace","createdAt","updatedAt"
) VALUES (
'legacy_l_407','legacy_u_144','Centurion Tiles',NULL,'620+ used brown Centurian Tiles Collection only',20000,'used',(SELECT "id" FROM "Category" WHERE "slug" = 'other' LIMIT 1),'AL4 9SW',51.7710427,-0.3012307,ARRAY['https://thereclaimedcompany.com/uploads/images/202208/img_1920x_6305ff98239122-34167972-23069425.jpg','https://thereclaimedcompany.com/uploads/images/202208/img_1920x_6305ff95068855-46906752-33755659.jpg','https://thereclaimedcompany.com/uploads/images/202208/img_1920x_6305ff94796051-73447345-15125441.jpg','https://thereclaimedcompany.com/uploads/images/202208/img_1920x_6305ff94bc4a43-65418196-35097905.jpg']::text[],'active','sell','PER_UNIT',620,false,NULL,NULL,true,'2022-08-24T10:38:48Z'::timestamptz,'2022-08-24T10:38:48Z'::timestamptz);

INSERT INTO "Listing" (
"id","sellerId","title","sellerReference","description","price","condition","categoryId","postcode","lat","lng","images","status","listingKind","pricingMode","unitsAvailable","offersDelivery","deliveryCostPence","auctionEndsAt","visibleOnMarketplace","createdAt","updatedAt"
) VALUES (
'legacy_l_408','legacy_u_145','Reclaimed roof tiles',NULL,'600+ tiles',50000,'used',(SELECT "id" FROM "Category" WHERE "slug" = 'roof-tiles-slates' LIMIT 1),'Windlesham',51.364561,-0.665847,ARRAY['https://thereclaimedcompany.com/uploads/images/202208/img_1920x_630e2304109a01-83199425-89274426.jpeg']::text[],'active','sell','PER_UNIT',600,true,100,NULL,true,'2022-08-30T14:51:02Z'::timestamptz,'2022-08-30T14:51:02Z'::timestamptz);

COMMIT;